"DESCRIPTION","DURATION IN MS","NAME","PARENT SUITE","START TIME","STATUS","STOP TIME","SUB SUITE","SUITE","TEST CLASS","TEST METHOD"
"
        Check: presence of the sidebar ""Crypto Trading Guide"" on the ""Bitcoin Gold"" page.
        Language: EN, DE, ZH, RU, ES,IT, PL
        License: SCB
        Author: Kasila
        ","28432","TC_55!077b (Lang: ru) | Bid:55!077b-ru.ua.NoReg","tests.US_55_ReTestsManual.tassobaccato","Tue Jun 24 00:27:33 GMT 2025","skipped","Tue Jun 24 00:28:02 GMT 2025","TestManualDetectedBugs","US_55-tassobaccato_ReTestsManual_test","",""
"
         Check: Error message is displayed after clicking the link “NASDAQ stock exchange”
         in the block “GOOGL Company profile” on the page “Trade Alphabet Inc - A - GOOGL CFD”
         Language: EN.
         License: FCA.
         Author: Sergey Aiidzhanov
         ","42562","TC_55!359a (Lang: en) | Bid:55!359a-en.ae.NoReg","tests.US_55_ReTestsManual.saii-d3v","Mon Jun 23 23:37:47 GMT 2025","broken","Mon Jun 23 23:38:30 GMT 2025","TestManualDetectedBugs","US_55-saii-d3v_ReTestsManual_test","",""
"
         Check: Scrolling is disabled after changing one CYSEC country to another
         Language: EN.
         License: CYSEC.
         Author: Sergey Aiidzhanov
         ","37424","TC_55!613 (Lang: en) | Bid:55!613-en.se.Auth","tests.US_55_ReTestsManual.saii-d3v","Tue Jun 24 00:16:36 GMT 2025","broken","Tue Jun 24 00:17:13 GMT 2025","TestManualDetectedBugs","US_55-saii-d3v_ReTestsManual_test","",""
"
         Check: The page ""Oops, this help center no longer exists""
         is opened after clicking the link [Help Center] of the page ""Contact us""
         Language: All.
         License: CYSEC.
         Role: NoReg | NoAuth | Auth
         Author: podchasova11
         ","31787","TC_55!326 (Lang: en) | Bid:55!326-en.de.NoReg","tests.US_55_ReTestsManual.mila_podchasova","Tue Jun 24 01:49:37 GMT 2025","failed","Tue Jun 24 01:50:09 GMT 2025","TestManualDetectedBugs","US_55-mila_podchasova_ReTestsManual_test","",""
"
         Check: The page with “404 error” message is displayed
                after clicking the link [تعلّم التداول] (Learn to trade)
                in the tile [ترغب في تحسين استراتيجياتك؟] (Looking to sharpen your strategies?)
                on the page ""تعلّم التداول"" (Learn to trade) when AR language is selected
         Language: AR.
         License: SCA.
         Author: Sergey Aiidzhanov
         ","33734","TC_55!273 (Lang: ar) | Bid:55!273-ar.ae.NoReg","tests.US_55_ReTestsManual.saii-d3v","Mon Jun 23 23:13:19 GMT 2025","failed","Mon Jun 23 23:13:52 GMT 2025","TestManualDetectedBugs","US_55-saii-d3v_ReTestsManual_test","",""
"
        Check:  [Learn more about us] anchor doesn't navigate to the ""Learn more about us""
                section on the ""Client funds"" page when clicking on it.
        Language: En.
        License: FCA
        Author: Artem Dashkov
        ","32667","TC_55!031 (Lang: en) | Bid:55!031-en.gb.NoAuth","tests.US_55_ReTestsManual.artemdashkov","Mon Jun 23 22:44:23 GMT 2025","failed","Mon Jun 23 22:44:56 GMT 2025","TestManualDetected","US_55-artemdashkov_ReTestsManual_test","",""
"
         Check:
         Language: NL.
         License: CYSEC.
         Author: Sergey Aiidzhanov
         ","44656","TC_55!654 (Lang: nl) | Bid:55!654-nl.nl.Auth","tests.US_55_ReTestsManual.saii-d3v","Tue Jun 24 00:20:41 GMT 2025","broken","Tue Jun 24 00:21:26 GMT 2025","TestManualDetectedBugs","US_55-saii-d3v_ReTestsManual_test","",""
"
        Check: Link [Learn more about us] on block Contents?
        Language: En.
        License: FCA
        ","3","TC_55!031v2 (Lang: en) | Bid:55!031v2-en.gb.NoReg","tests.US_55_ReTestsManual.AlexTomQA","Mon Jun 23 22:38:03 GMT 2025","skipped","Mon Jun 23 22:38:03 GMT 2025","TestManualDetected","US_55-AlexTomQA_ReTestsManual_test","",""
"
         Check: Login form is opened instead of Sign-up form after clicking the button [Apply]
                in the Block 'Leverage Limits Professional Clients' on page 'Professional Account'
         Language: All, except EL.
         License: CYSEC.
         Author: Sergey Aiidzhanov
         ","26061","TC_55!076 (Lang: hu) | Bid:55!076-hu.de.NoReg","tests.US_55_ReTestsManual.saii-d3v","Mon Jun 23 23:02:51 GMT 2025","failed","Mon Jun 23 23:03:17 GMT 2025","TestManualDetectedBugs","US_55-saii-d3v_ReTestsManual_test","",""
"
        Check: Menu section [Trading] > Menu item [CFD trading] > Click the link [Go CFD trading guide] in  the block
                ""Read more before you trade"" > Check links in the block ""What is a contract for difference (CFD)?""
        Language: EN, AR, DE
        License: ASIC, SCA, CYSEC
        Author: Kasila
        ","53131","TC_55!432 (Lang: en) | Bid:55!432-en.au.NoAuth","tests.US_55_ReTestsManual.tassobaccato","Tue Jun 24 01:06:21 GMT 2025","failed","Tue Jun 24 01:07:15 GMT 2025","TestManualDetectedBugs","US_55-tassobaccato_ReTestsManual_test","",""
"
        Check: “CFD trading” page is not opened after clicking link in the tile ""Fast account opening"" in the block
                “Why choose Capital.com?” on the page “Why Capital.com?” when ASIC license is selected.
        Language: EN
        License: ASIC
        Author: Kasila
        ","35502","TC_55!371b (Lang: en) | Bid:55!371b-en.au.NoReg","tests.US_55_ReTestsManual.tassobaccato","Tue Jun 24 00:45:37 GMT 2025","broken","Tue Jun 24 00:46:12 GMT 2025","TestManualDetectedBugs","US_55-tassobaccato_ReTestsManual_test","",""
"
        Check: The text of the link is "" ##AuUSPlink2## "" in the block “Why choose Capital.com?” on the page
                “Why Capital.com?” when ASIC license is selected.
        Language: EN
        License: ASIC
        Author: Kasila
        ","41574","TC_55!371a (Lang: en) | Bid:55!371a-en.au.NoAuth","tests.US_55_ReTestsManual.tassobaccato","Tue Jun 24 00:44:55 GMT 2025","broken","Tue Jun 24 00:45:36 GMT 2025","TestManualDetectedBugs","US_55-tassobaccato_ReTestsManual_test","",""
"
        Check: Main page > tab [Corporate] > block “Why Open a Corporate Account with Capital.com?”  > Pay attention to
                the value of the ""Active clients monthly"" item
        Language: EN
        License: ASIC
        Author: Kasila
        ","28196","TC_55!399b (Lang: en) | Bid:55!399b-en.au.NoReg","tests.US_55_ReTestsManual.tassobaccato","Tue Jun 24 00:54:33 GMT 2025","failed","Tue Jun 24 00:55:01 GMT 2025","TestManualDetectedBugs","US_55-tassobaccato_ReTestsManual_test","",""
"
         Check: The modal window ""Confirm Form Resubmission"" is not opened after clicking the button [Back]
         on any article from search page.
         Language: All.
         License: SCB.
         Author: Sergey Aiidzhanov
         ","28521","TC_55!157 (Lang: en) | Bid:55!157-en.ua.NoAuth","tests.US_55_ReTestsManual.saii-d3v","Mon Jun 23 23:05:29 GMT 2025","skipped","Mon Jun 23 23:05:57 GMT 2025","TestManualDetectedBugs","US_55-saii-d3v_ReTestsManual_test","",""
"
         Check: Error 404 page is opened after click on any Trading instrument link
         in the widget on the ""Spread betting"" page
         Language: EN.
         License: FCA, FCA.
         Author: Sergey Aiidzhanov
         ","43116","TC_55!364 (Lang: en) | Bid:55!364-en.gb.Auth","tests.US_55_ReTestsManual.saii-d3v","Mon Jun 23 23:39:58 GMT 2025","broken","Mon Jun 23 23:40:41 GMT 2025","TestManualDetectedBugs","US_55-saii-d3v_ReTestsManual_test","",""
"
        Check: Menu section [Trading] > Menu item [CFD trading] > Click the link [Go CFD trading guide] in  the block
                ""Read more before you trade"" > Check links in the block ""What is a contract for difference (CFD)?""
        Language: EN, AR, DE
        License: ASIC, SCA, CYSEC
        Author: Kasila
        ","23375","TC_55!432 (Lang: de) | Bid:55!432-de.de.Auth","tests.US_55_ReTestsManual.tassobaccato","Tue Jun 24 01:05:58 GMT 2025","failed","Tue Jun 24 01:06:21 GMT 2025","TestManualDetectedBugs","US_55-tassobaccato_ReTestsManual_test","",""
"
        Check: Main page > tab [Corporate] > block “Why Open a Corporate Account with Capital.com?”  > Pay attention to
                the value of the ""Traders"" item
        Language: EN
        License: ASIC
        Author: Kasila
        ","34191","TC_55!399a (Lang: en) | Bid:55!399a-en.au.NoAuth","tests.US_55_ReTestsManual.tassobaccato","Tue Jun 24 00:53:58 GMT 2025","failed","Tue Jun 24 00:54:33 GMT 2025","TestManualDetectedBugs","US_55-tassobaccato_ReTestsManual_test","",""
"
        Check: Filters application in the 'Live shares prices' widget
        Language: All
        License: SCB
        Author: Kasila
        ","19959","TC_55!048 (Lang: hu) | Bid:55!048-hu.ua.Auth","tests.US_55_ReTestsManual.tassobaccato","Tue Jun 24 00:24:01 GMT 2025","skipped","Tue Jun 24 00:24:21 GMT 2025","TestManualDetectedBugs","US_55-tassobaccato_ReTestsManual_test","",""
"
        Check:  Click to the dropdown [Regional settings] > Click to the dropdown [Countries] >
                Click the [Search] input field > Enter value ""Honk"" > Check that country 'Honk Kong & Taiwan'
                displayed in search results

        Language: EN - FCA, SCA; AR - SCA
        License/Country: FCA, SCA
        Role: NoReg, NoAuth, Auth
        Author: podchasova11
        ","41099","TC_55!363 (Lang: en) | Bid:55!363-en.gb.Auth","tests.US_55_ReTestsManual.mila_podchasova","Tue Jun 24 01:56:13 GMT 2025","failed","Tue Jun 24 01:56:54 GMT 2025","TestManualDetectedBugs","US_55-mila_podchasova_ReTestsManual_test","",""
"
        Check: Main page > Menu items of the menu section [Pricing] in the ""Footer""
        Language: EN
        License: SCA, ASIC
        Author: Kasila
        ","18212","TC_55!420 (Lang: en) | Bid:55!420-en.au.Auth","tests.US_55_ReTestsManual.tassobaccato","Tue Jun 24 01:01:02 GMT 2025","broken","Tue Jun 24 01:01:20 GMT 2025","TestManualDetectedBugs","US_55-tassobaccato_ReTestsManual_test","",""
"
        Check:  Menu section  [الأسواق ] (Learn) >
                Menu item [ استراتيجيات التداول ](Trading Strategies) >
                Scroll down to the block “Our most-read trading guides” >
                Click the link  [دليل التداول بالهامش ] (Margin trading guide) >
                Scroll down to the block “الأسئلة الشائعة” (FAQs) >
                Сlick the header of accordion “ما هو التداول بالهامش مع الشرح بمثال؟” (“What is the margin ...”) >
                Click the link [ عقود الفروقات على الفضة ] (“silver CFDs”)

        Language: AR
        License/Country: SCA
        Role: NoReg, NoAuth, Auth
        Author: podchasova11
        ","42399","TC_55!408 (Lang: ar) | Bid:55!408-ar.ae.Auth","tests.US_55_ReTestsManual.mila_podchasova","Tue Jun 24 02:06:21 GMT 2025","failed","Tue Jun 24 02:07:03 GMT 2025","TestManualDetectedBugs","US_55-mila_podchasova_ReTestsManual_test","",""
"
        Check: Menu section [Learn] > Menu item  [Market guides] > Click the link “Shares trading guide”
                > Сlick the link “Netflix” > Сlick the link “Trade Coca-Cola shares”
                > Сlick the link “KO” in the block “Performance of the Coca-Cola stock in recent years”
        Language: EN
        License: FCA
        Author: Kasila
        ","24574","TC_55!624 (Lang: en) | Bid:55!624-en.gb.Auth","tests.US_55_ReTestsManual.tassobaccato","Tue Jun 24 01:34:36 GMT 2025","broken","Tue Jun 24 01:35:00 GMT 2025","TestManualDetectedBugs","US_55-tassobaccato_ReTestsManual_test","",""
"
         Check: menu section [Pricing]  > 
                menu item [Charges and fees] > 
                block ""Trading"" > 
                click link [Find out more]
         Language: EN
         License: SCA, FCA, CYSEC or ASIC
         Author: Aleksei Kurochkin
         ","16683","TC_55!603 (Lang: en) | Bid:55!603-en.de.NoReg","tests.US_55_ReTestsManual.K_Alex_N","Tue Jun 24 02:13:11 GMT 2025","passed","Tue Jun 24 02:13:28 GMT 2025","TestForFixedBugs","US_55_K_Alex_N_ReTestsManual_test","",""
"
         Check: “Support” chat window is not opened after click on the “Support” button
         and this button disappears after the second clicking on it on any page
         after changing the language of the site (e.g. from EN to AR) (SCA license).
         Language: AR, EN.
         License: SCA.
         Author: Sergey Aiidzhanov
         ","48066","TC_55!330 (Lang: ar) | Bid:55!330-ar.ae.NoAuth","tests.US_55_ReTestsManual.saii-d3v","Mon Jun 23 23:28:43 GMT 2025","broken","Mon Jun 23 23:29:31 GMT 2025","TestManualDetectedBugs","US_55-saii-d3v_ReTestsManual_test","",""
"
        Check:  Sign up/log in/forms or the transition to the trading platform are
                not opened after clicking the [Try now] button in ""Why choose
                Capital.com?.."" Block in the menu item [Our Mobile Apps]
        Language: All.
        License: Not FCA
        Author: Artem Dashkov
        ","30803","TC_55!017 (Lang: hu) | Bid:55!017-hu.de.NoReg","tests.US_55_ReTestsManual.artemdashkov","Mon Jun 23 22:40:11 GMT 2025","failed","Mon Jun 23 22:40:42 GMT 2025","TestManualDetected","US_55-artemdashkov_ReTestsManual_test","",""
"
         Check: Error 404 page is opened after click on any Trading instrument link
         in the widget on the ""Spread betting"" page
         Language: EN.
         License: FCA, FCA.
         Author: Sergey Aiidzhanov
         ","37789","TC_55!364 (Lang: en) | Bid:55!364-en.gb.NoReg","tests.US_55_ReTestsManual.saii-d3v","Mon Jun 23 23:41:27 GMT 2025","broken","Mon Jun 23 23:42:05 GMT 2025","TestManualDetectedBugs","US_55-saii-d3v_ReTestsManual_test","",""
"
        # Check: Button [1. Create your account] in block [Steps trading]
        # Language: All. License: All.
        Author: Alexander Tomelo
        ","2","TC_55!015a (Lang: en) | Bid:55!015a-en.au.NoAuth","tests.US_55_ReTestsManual.AlexTomQA","Mon Jun 23 22:35:21 GMT 2025","skipped","Mon Jun 23 22:35:21 GMT 2025","TestManualDetected","US_55-AlexTomQA_ReTestsManual_test","",""
"
        Check: Main page > Menu items of the menu section [Pricing] in the ""Footer""
        Language: EN
        License: SCA, ASIC
        Author: Kasila
        ","19211","TC_55!420 (Lang: en) | Bid:55!420-en.au.NoReg","tests.US_55_ReTestsManual.tassobaccato","Tue Jun 24 01:00:04 GMT 2025","broken","Tue Jun 24 01:00:23 GMT 2025","TestManualDetectedBugs","US_55-tassobaccato_ReTestsManual_test","",""
"
        Check: The text of the link is "" ##AuUSPlink2## "" in the block “Why choose Capital.com?” on the page
                “Why Capital.com?” when ASIC license is selected.
        Language: EN
        License: ASIC
        Author: Kasila
        ","40906","TC_55!371a (Lang: en) | Bid:55!371a-en.au.Auth","tests.US_55_ReTestsManual.tassobaccato","Tue Jun 24 00:44:14 GMT 2025","broken","Tue Jun 24 00:44:54 GMT 2025","TestManualDetectedBugs","US_55-tassobaccato_ReTestsManual_test","",""
"
         Check: The ""Trading Conditions"" table is not visible on the page ""Trade Australia 200 - AU200au CFD""
         Language: DE, EN.
         License: ASIC, CYSEC.
         Author: Sergey Aiidzhanov
         ","25723","TC_55!507 (Lang: en) | Bid:55!507-en.de.NoAuth","tests.US_55_ReTestsManual.saii-d3v","Tue Jun 24 00:13:11 GMT 2025","passed","Tue Jun 24 00:13:37 GMT 2025","TestManualDetectedBugs","US_55-saii-d3v_ReTestsManual_test","",""
"
         Check: Error message “Access denied Error 16""
         is displayed after clicking link
         [مكاتبنا الموزّعة على أربع قارات] (""Offices in four continents"")
         in block [مكاتبنا العالمية] (""Our global offices"")
         Language: AR.
         License: SCA.
         Author: podchasova11
         ","47266","TC_55!472 (Lang: ar) | Bid:55!472-ar.ae.NoAuth","tests.US_55_ReTestsManual.mila_podchasova","Tue Jun 24 02:08:35 GMT 2025","failed","Tue Jun 24 02:09:22 GMT 2025","TestManualDetectedBugs","US_55-mila_podchasova_ReTestsManual_test","",""
"
         Check: Only the text of the [Inflation news] button is displayed
         without clickable area and button styling on the sidebar of the ""Market Analysis"" page,
         when SCB license and EN language are selected.
         Language: EN.
         License: SCB.
         Author: Sergey Aiidzhanov
         ","58660","TC_55!379 (Lang: en) | Bid:55!379-en.ua.Auth","tests.US_55_ReTestsManual.saii-d3v","Mon Jun 23 23:58:43 GMT 2025","skipped","Mon Jun 23 23:59:42 GMT 2025","TestManualDetectedBugs","US_55-saii-d3v_ReTestsManual_test","",""
"
         Check: Scroll down to the footer >
                Click button ""البلد"" (Country) / ""اللغة"" (Language) >
                Click the arrow button of the dropdown ""البلد"" (Country) in pop up window
         Language: AR
         License: SCA
         Author: Aleksei Kurochkin
         ","32587","TC_55!444 (Lang: ar) | Bid:55!444-ar.ae.NoAuth","tests.US_55_ReTestsManual.K_Alex_N","Tue Jun 24 02:22:17 GMT 2025","broken","Tue Jun 24 02:22:49 GMT 2025","TestManualDetectedBugs","US_55_K_Alex_N_ReTestsManual_test","",""
"
        Check: “CFD trading” page is not opened after clicking link in the tile ""Fast account opening"" in the block
                “Why choose Capital.com?” on the page “Why Capital.com?” when ASIC license is selected.
        Language: EN
        License: ASIC
        Author: Kasila
        ","42475","TC_55!371b (Lang: en) | Bid:55!371b-en.au.Auth","tests.US_55_ReTestsManual.tassobaccato","Tue Jun 24 00:46:13 GMT 2025","broken","Tue Jun 24 00:46:55 GMT 2025","TestManualDetectedBugs","US_55-tassobaccato_ReTestsManual_test","",""
"
        Check: Menu section [Learn] > Menu item [Trading essentials] > Block ""FAQs"" > click on the link
                [learning about trading]/[learn] in the expanded title ""Can you make money day trading?""
        Language: AR
        License: SCA
        Author: Kasila
        ","56549","TC_55!440 (Lang: ar) | Bid:55!440-ar.ae.Auth","tests.US_55_ReTestsManual.tassobaccato","Tue Jun 24 01:09:28 GMT 2025","broken","Tue Jun 24 01:10:25 GMT 2025","TestManualDetectedBugs","US_55-tassobaccato_ReTestsManual_test","",""
"
         Check: The Trading platform overview page does not open when
         the button [Platform overview] is pressed on the ""Investmate app"" page

         Author: podchasova11
         ","27110","TC_55!038 (Lang: en) | Bid:55!038-en.de.NoReg","tests.US_55_ReTestsManual.mila_podchasova","Tue Jun 24 01:45:43 GMT 2025","failed","Tue Jun 24 01:46:10 GMT 2025","TestManualDetectedBugs","US_55-mila_podchasova_ReTestsManual_test","",""
"
        Check:  Menu section  [الأسواق ] (Learn) >
                Menu item [ استراتيجيات التداول ](Trading Strategies) >
                Scroll down to the block “Our most-read trading guides” >
                Click the link  [دليل التداول بالهامش ] (Margin trading guide) >
                Scroll down to the block “الأسئلة الشائعة” (FAQs) >
                Сlick the header of accordion “ما هو التداول بالهامش مع الشرح بمثال؟” (“What is the margin ...”) >
                Click the link [ عقود الفروقات على الفضة ] (“silver CFDs”)

        Language: AR
        License/Country: SCA
        Role: NoReg, NoAuth, Auth
        Author: podchasova11
        ","43805","TC_55!408 (Lang: ar) | Bid:55!408-ar.ae.NoAuth","tests.US_55_ReTestsManual.mila_podchasova","Tue Jun 24 02:07:04 GMT 2025","failed","Tue Jun 24 02:07:48 GMT 2025","TestManualDetectedBugs","US_55-mila_podchasova_ReTestsManual_test","",""
"
         Check: Error message ""The page you were looking for doesnt exist""
         is displayed when clicking the link [How-to guides]
         in block “Looking for more?” on the page [Trading courses]
         Language: All.
         License: SCB.
         Role: NoReg | NoAuth | Auth
         Author: podchasova11
         ","35337","TC_55!350b (Lang: en) | Bid:55!350b-en.ua.Auth","tests.US_55_ReTestsManual.mila_podchasova","Tue Jun 24 01:52:09 GMT 2025","skipped","Tue Jun 24 01:52:44 GMT 2025","TestManualDetectedBugs","US_55-mila_podchasova_ReTestsManual_test","",""
"
        Check: Clicking [numeric values] in the Sell column in Menu tittle Markets does not open the
                Sign-Up /Login form or page of the corresponding trading instrument on the trading platform using
                English or Arabic language.
        Language: EN, AR
        License: SCA
        Author: Kasila
        ","27864","TC_55!322a (Lang: ar) | Bid:55!322a-ar.ae.NoAuth","tests.US_55_ReTestsManual.tassobaccato","Tue Jun 24 00:37:05 GMT 2025","failed","Tue Jun 24 00:37:33 GMT 2025","TestManualDetectedBugs","US_55-tassobaccato_ReTestsManual_test","",""
"
         Check: The Greece flag is displayed instead of Cyprus in the header
         Language: EL.
         License: CYSEC.
         Author: Sergey Aiidzhanov
         ","33318","TC_55!605 (Lang: el) | Bid:55!605-el.gr.Auth","tests.US_55_ReTestsManual.saii-d3v","Tue Jun 24 00:14:52 GMT 2025","broken","Tue Jun 24 00:15:25 GMT 2025","TestManualDetectedBugs","US_55-saii-d3v_ReTestsManual_test","",""
"
         Check: Hover over menu section [Learn] >
                Click the menu item [Market guides] of the menu title [For trading beginners] >
                Click the link “Shares trading guide” >
                Click the link “Learn more about IPOs.” >
                Click the link “liquidity”

         Language: EN
         License: SCA / FCA / ASIC / CYSEC
         Author: Aleksei Kurochkin
         ","28712","TC_55!587 (Lang: en) | Bid:55!587-en.ae.NoReg","tests.US_55_ReTestsManual.K_Alex_N","Tue Jun 24 02:27:30 GMT 2025","broken","Tue Jun 24 02:27:58 GMT 2025","TestManualDetectedBugs","US_55_K_Alex_N_ReTestsManual_test","",""
"
        Check: Main page > Menu items of the menu section [Pricing] in the ""Footer""
        Language: EN
        License: SCA, ASIC
        Author: Kasila
        ","18621","TC_55!420 (Lang: en) | Bid:55!420-en.au.NoAuth","tests.US_55_ReTestsManual.tassobaccato","Tue Jun 24 01:02:00 GMT 2025","broken","Tue Jun 24 01:02:19 GMT 2025","TestManualDetectedBugs","US_55-tassobaccato_ReTestsManual_test","",""
"
        Check: Menu section [Trading] > Menu item [CFD trading] > Click the link [Go CFD trading guide] in  the block
                ""Read more before you trade"" > Check links in the block ""What is a contract for difference (CFD)?""
        Language: EN, AR, DE
        License: ASIC, SCA, CYSEC
        Author: Kasila
        ","27853","TC_55!432 (Lang: ar) | Bid:55!432-ar.ae.NoReg","tests.US_55_ReTestsManual.tassobaccato","Tue Jun 24 01:03:21 GMT 2025","failed","Tue Jun 24 01:03:49 GMT 2025","TestManualDetectedBugs","US_55-tassobaccato_ReTestsManual_test","",""
"
        Check: Clicking [numeric values] in the Sell column in Menu tittle Markets does not open the
                Sign-Up /Login form or page of the corresponding trading instrument on the trading platform using
                English or Arabic language.
        Language: EN, AR
        License: SCA
        Author: Kasila
        ","26382","TC_55!322a (Lang: ar) | Bid:55!322a-ar.ae.NoReg","tests.US_55_ReTestsManual.tassobaccato","Tue Jun 24 00:34:39 GMT 2025","failed","Tue Jun 24 00:35:06 GMT 2025","TestManualDetectedBugs","US_55-tassobaccato_ReTestsManual_test","",""
"
        Check: Menu section [Learn] > Menu item [Market guides] > Click on the “Oil trading guide” link >
                Сlick the [Try demo]/[Start oil trading] button > Close the “Sign up” form
        Language: All
        License: All, except SCB (UA country)
        Author: Kasila
        ","33808","TC_55!604 (Lang: ar) | Bid:55!604-ar.ae.NoReg","tests.US_55_ReTestsManual.tassobaccato","Tue Jun 24 01:19:51 GMT 2025","passed","Tue Jun 24 01:20:25 GMT 2025","TestManualDetectedBugs","US_55-tassobaccato_ReTestsManual_test","",""
"
         Check: Menu section [Markets] > 
                Menu item [Markets analysis] > 
                Article ""Gold price predictions for the next.."" > 
                Click on [Trade now] link > 
                Click on [Close] button
         Language: EN
         License: SCA, FCA, CYSEC or ASIC
         Author: Aleksei Kurochkin
         ","130770","TC_55!634 (Lang: en) | Bid:55!634-en.au.NoReg","tests.US_55_ReTestsManual.K_Alex_N","Tue Jun 24 02:17:25 GMT 2025","passed","Tue Jun 24 02:19:36 GMT 2025","TestForFixedBugs","US_55_K_Alex_N_ReTestsManual_test","",""
"
        Check: Field [email] in Sign up form
        Language: All.
        License/Country: de/CYSEC, au/ASIC,
        Role: NoReg, NoAuth,
        Login: ['КИРИЛЛИЦА_без_пробелов@gmail.com', 'LATIN with space@gmail.com'],
        Password: ['VALID_password44!']
        Author: Artem Dashkov
        ","45279","TC_55!045a (Lang: hu) | Bid:55!045a-hu.de.NoAuth","tests.US_55_ReTestsManual.artemdashkov","Mon Jun 23 22:49:12 GMT 2025","failed","Mon Jun 23 22:49:58 GMT 2025","TestManualDetected","US_55-artemdashkov_ReTestsManual_test","",""
"
         Check: The ""Trading Conditions"" table is not visible on the page ""Trade Australia 200 - AU200au CFD""
         Language: DE, EN.
         License: ASIC, CYSEC.
         Author: Sergey Aiidzhanov
         ","37301","TC_55!507 (Lang: en) | Bid:55!507-en.au.NoReg","tests.US_55_ReTestsManual.saii-d3v","Tue Jun 24 00:13:37 GMT 2025","passed","Tue Jun 24 00:14:14 GMT 2025","TestManualDetectedBugs","US_55-saii-d3v_ReTestsManual_test","",""
"
         Check: The modal window ""Log in to your Facebook account"" is not opened
                after clicking the button [Facebook] in the Signup / Log in form
                on any page when EN/AR language and SCA license is selected
         Language: AR, EN.
         License: SCA.
         Author: Sergey Aiidzhanov
         ","67334","TC_55!299 (Lang: en) | Bid:55!299-en.ae.NoReg","tests.US_55_ReTestsManual.saii-d3v","Mon Jun 23 23:20:02 GMT 2025","broken","Mon Jun 23 23:21:09 GMT 2025","TestManualDetectedBugs","US_55-saii-d3v_ReTestsManual_test","",""
"
         Check: FCA license is selected instead of ASIC/CYSEC/SCA on trading instrument page
         after clicking any of trading instrument links
         on the page “Lloyds forecast: will Lloyds share price return to £1? Third party data forecast”
         Language: EN.
         License: SCA.
         Author: Sergey Aiidzhanov
         ","84557","TC_55!378 (Lang: en) | Bid:55!378-en.au.NoAuth","tests.US_55_ReTestsManual.saii-d3v","Mon Jun 23 23:47:19 GMT 2025","failed","Mon Jun 23 23:48:44 GMT 2025","TestManualDetectedBugs","US_55-saii-d3v_ReTestsManual_test","",""
"
        The trading platform page is not opened in ""Demo account"" page
        after clicking on the [Create a risk-free demo account] button
        Language: All.
        License: All, except FCA, SCA.
        Country: All, except GB, AE.
        Author: podchasova11
        ","29087","TC_55!090 (Lang: en) | Bid:55!090-en.ua.Auth","tests.US_55_ReTestsManual.mila_podchasova","Tue Jun 24 01:47:27 GMT 2025","skipped","Tue Jun 24 01:47:57 GMT 2025","TestManualDetectedBugs","US_55-mila_podchasova_ReTestsManual_test","",""
"
        Check:  Not possible to vote for another trading instrument
                in the block ""What is your sentiment...""  if on another page voted for another instrument
        Language: All.
        License/Country: All
        Role: NoReg, NoAuth, Auth
        Author: Artem Dashkov
        ","31400","TC_55!074 (Lang: en) | Bid:55!074-en.de.NoReg","tests.US_55_ReTestsManual.artemdashkov","Mon Jun 23 22:49:58 GMT 2025","failed","Mon Jun 23 22:50:30 GMT 2025","TestManualDetected","US_55-artemdashkov_ReTestsManual_test","",""
"
         Check: The page is refreshed instead of opening the Login form after clicking the [Log In] button
                on the Search page
         Language: All.
         License: SCB.
         Author: Sergey Aiidzhanov
         ","32217","TC_55!053 (Lang: hu) | Bid:55!053-hu.ua.NoReg","tests.US_55_ReTestsManual.saii-d3v","Mon Jun 23 23:01:15 GMT 2025","skipped","Mon Jun 23 23:01:47 GMT 2025","TestManualDetectedBugs","US_55-saii-d3v_ReTestsManual_test","",""
"
        Check: Main page > Menu items of the menu section [Pricing] in the ""Footer""
        Language: EN
        License: SCA, ASIC
        Author: Kasila
        ","29588","TC_55!420 (Lang: en) | Bid:55!420-en.ae.NoReg","tests.US_55_ReTestsManual.tassobaccato","Tue Jun 24 00:59:34 GMT 2025","broken","Tue Jun 24 01:00:03 GMT 2025","TestManualDetectedBugs","US_55-tassobaccato_ReTestsManual_test","",""
"
        Check: Menu section [Learn] > Menu item [Market guides] > Click on the “Oil trading guide” link >
                Сlick the [Try demo]/[Start oil trading] button > Close the “Sign up” form
        Language: All
        License: All, except SCB (UA country)
        Author: Kasila
        ","24646","TC_55!604 (Lang: de) | Bid:55!604-de.de.NoAuth","tests.US_55_ReTestsManual.tassobaccato","Tue Jun 24 01:24:03 GMT 2025","passed","Tue Jun 24 01:24:28 GMT 2025","TestManualDetectedBugs","US_55-tassobaccato_ReTestsManual_test","",""
"
         Check: Error message “DNS_PROBE_FINISHED_NXDOMAIN” is displayed
         after clicking any of 12 links in the text on the page “Stock Market Trading Hours”
         when EN language is selected
         Language: EN.
         License: SCA.
         Author: Sergey Aiidzhanov
         ","47170","TC_55!307 (Lang: en) | Bid:55!307-en.ae.Auth","tests.US_55_ReTestsManual.saii-d3v","Mon Jun 23 23:24:19 GMT 2025","failed","Mon Jun 23 23:25:06 GMT 2025","TestManualDetectedBugs","US_55-saii-d3v_ReTestsManual_test","",""
"
         Check: The page with “404 error” message is displayed
                after clicking the link [تعلّم التداول] (Learn to trade)
                in the tile [ترغب في تحسين استراتيجياتك؟] (Looking to sharpen your strategies?)
                on the page ""تعلّم التداول"" (Learn to trade) when AR language is selected
         Language: AR.
         License: SCA.
         Author: Sergey Aiidzhanov
         ","38180","TC_55!273 (Lang: ar) | Bid:55!273-ar.ae.Auth","tests.US_55_ReTestsManual.saii-d3v","Mon Jun 23 23:12:00 GMT 2025","failed","Mon Jun 23 23:12:38 GMT 2025","TestManualDetectedBugs","US_55-saii-d3v_ReTestsManual_test","",""
"
         Check: The block ""Experienced traders"" on the page ""Learn"" is not in viewport
         after clicking the link ""Learn to trade"" on the page ""Why Capital.com?""
         Language: AR.
         License: SCA.
         Author: Sergey Aiidzhanov
         ","39889","TC_55!373 (Lang: ar) | Bid:55!373-ar.ae.Auth","tests.US_55_ReTestsManual.saii-d3v","Mon Jun 23 23:44:00 GMT 2025","failed","Mon Jun 23 23:44:40 GMT 2025","TestManualDetectedBugs","US_55-saii-d3v_ReTestsManual_test","",""
"
         Check: Page '教育' (Education) is opened after click on menu section [新聞和分析] (News and analysis) in CN language.
         Language: CN.
         License: SCB.
         Author: Sergey Aiidzhanov
         ","19803","TC_55!158 (Lang: cn) | Bid:55!158-cn.ua.NoReg","tests.US_55_ReTestsManual.saii-d3v","Mon Jun 23 23:07:19 GMT 2025","skipped","Mon Jun 23 23:07:39 GMT 2025","TestManualDetectedBugs","US_55-saii-d3v_ReTestsManual_test","",""
"
        Check:  The Main page is opened instead of the Cryptocurrencies page on the page
                ""Cryptocurrency trading"" after clicking the button [Go to all cryptocurrencies]
                when RO, IT, PL or CN language is selected
        Language: RO, IT, PL, CN.
        Country: CYSEC, SCB
        Role: NoReg, Auth, NoAuth,
        Author: Artem Dashkov
        ","22673","TC_55!129 (Lang: cn) | Bid:55!129-cn.de.NoReg","tests.US_55_ReTestsManual.artemdashkov","Mon Jun 23 22:54:12 GMT 2025","failed","Mon Jun 23 22:54:35 GMT 2025","TestManualDetected","US_55-artemdashkov_ReTestsManual_test","",""
"
         Check: Menu section [Markets] > 
                Menu item [Markets analysis] > 
                Article ""Gold price predictions for the next.."" > 
                Click on [Trade now] link > 
                Click on [Close] button
         Language: EN
         License: SCA, FCA, CYSEC or ASIC
         Author: Aleksei Kurochkin
         ","60350","TC_55!634 (Lang: en) | Bid:55!634-en.de.NoReg","tests.US_55_ReTestsManual.K_Alex_N","Tue Jun 24 02:19:36 GMT 2025","passed","Tue Jun 24 02:20:37 GMT 2025","TestForFixedBugs","US_55_K_Alex_N_ReTestsManual_test","",""
"
         Check: The page ""Oops, this help center no longer exists""
         is opened after clicking the link [Help Center] of the page ""Contact us""
         Language: All.
         License: CYSEC.
         Role: NoReg | NoAuth | Auth
         Author: podchasova11
         ","18729","TC_55!326 (Lang: en) | Bid:55!326-en.de.Auth","tests.US_55_ReTestsManual.mila_podchasova","Tue Jun 24 01:48:38 GMT 2025","failed","Tue Jun 24 01:48:57 GMT 2025","TestManualDetectedBugs","US_55-mila_podchasova_ReTestsManual_test","",""
"
         Check: The page with error is opened after clicking the link ""WhatsApp"" on the page [Client funds]
         Language: EN.
         License: FCA.
         Author: Sergey Aiidzhanov
         ","23649","TC_55!416 (Lang: en) | Bid:55!416-en.gb.NoReg","tests.US_55_ReTestsManual.saii-d3v","Tue Jun 24 00:05:45 GMT 2025","passed","Tue Jun 24 00:06:08 GMT 2025","TestManualDetectedBugs","US_55-saii-d3v_ReTestsManual_test","",""
"
        Check: Clicking [numeric values] in the Sell column in Menu tittle Markets does not open the
                Sign-Up /Login form or page of the corresponding trading instrument on the trading platform using
                English or Arabic language.
        Language: EN, AR
        License: SCA
        Author: Kasila
        ","20911","TC_55!322a (Lang: ar) | Bid:55!322a-ar.ae.Auth","tests.US_55_ReTestsManual.tassobaccato","Tue Jun 24 00:35:51 GMT 2025","failed","Tue Jun 24 00:36:12 GMT 2025","TestManualDetectedBugs","US_55-tassobaccato_ReTestsManual_test","",""
"
        Check: The page is refreshed after clicking the link “educational app Investmate” in the block “Investmate” on
            the page “Mobile apps” when EN language is selected (SCA license).
        Language: EN
        License: SCA
        Author: Kasila
        ","47904","TC_55!308 (Lang: en) | Bid:55!308-en.ae.Auth","tests.US_55_ReTestsManual.tassobaccato","Tue Jun 24 00:32:24 GMT 2025","broken","Tue Jun 24 00:33:12 GMT 2025","TestManualDetectedBugs","US_55-tassobaccato_ReTestsManual_test","",""
"
        Check: Menu section [Trading] > Menu item [CFD calculator] > ""How to start trading"" block > Click on the
                [Sign up] button > Close the “Sign up” form
        Language: All
        License: All, except SCB (UA country)
        Author: Kasila
        ","21198","TC_55!612 (Lang: de) | Bid:55!612-de.de.NoAuth","tests.US_55_ReTestsManual.tassobaccato","Tue Jun 24 01:29:42 GMT 2025","passed","Tue Jun 24 01:30:03 GMT 2025","TestManualDetectedBugs","US_55-tassobaccato_ReTestsManual_test","",""
"
         Check: The Greece flag is displayed instead of Cyprus in the header
         Language: EL.
         License: CYSEC.
         Author: Sergey Aiidzhanov
         ","37117","TC_55!605 (Lang: el) | Bid:55!605-el.gr.NoAuth","tests.US_55_ReTestsManual.saii-d3v","Tue Jun 24 00:15:26 GMT 2025","broken","Tue Jun 24 00:16:03 GMT 2025","TestManualDetectedBugs","US_55-saii-d3v_ReTestsManual_test","",""
"
         Check: Link [Privacy Policy] is not active in Sing up form when selected SCA (AR language)
         Language: AR
         License: SCA
         Author: Aleksei Kurochkin
         ","34471","TC_55!504 (Lang: ar) | Bid:55!504-ar.ae.NoAuth","tests.US_55_ReTestsManual.K_Alex_N","Tue Jun 24 02:21:15 GMT 2025","broken","Tue Jun 24 02:21:50 GMT 2025","TestManualDetectedBugs","US_55_K_Alex_N_ReTestsManual_test","",""
"
        Check: Menu section [Learn] > Menu item [Market guides] > Click on the “Oil trading guide” link >
                Сlick the [Try demo]/[Start oil trading] button > Close the “Sign up” form
        Language: All
        License: All, except SCB (UA country)
        Author: Kasila
        ","21019","TC_55!604 (Lang: en) | Bid:55!604-en.au.NoReg","tests.US_55_ReTestsManual.tassobaccato","Tue Jun 24 01:20:51 GMT 2025","broken","Tue Jun 24 01:21:12 GMT 2025","TestManualDetectedBugs","US_55-tassobaccato_ReTestsManual_test","",""
"
        Check: Menu section [Learn] > Menu item [Market guides] > Click on the “Oil trading guide” link >
                Сlick the [Try demo]/[Start oil trading] button > Close the “Sign up” form
        Language: All
        License: All, except SCB (UA country)
        Author: Kasila
        ","38565","TC_55!604 (Lang: ar) | Bid:55!604-ar.ae.NoAuth","tests.US_55_ReTestsManual.tassobaccato","Tue Jun 24 01:22:36 GMT 2025","passed","Tue Jun 24 01:23:14 GMT 2025","TestManualDetectedBugs","US_55-tassobaccato_ReTestsManual_test","",""
"
        Check: Menu section [Learn] > Menu item [Market guides] > Click on the “Oil trading guide” link >
                Сlick the [Try demo]/[Start oil trading] button > Close the “Sign up” form
        Language: All
        License: All, except SCB (UA country)
        Author: Kasila
        ","33881","TC_55!604 (Lang: en) | Bid:55!604-en.de.NoReg","tests.US_55_ReTestsManual.tassobaccato","Tue Jun 24 01:21:35 GMT 2025","broken","Tue Jun 24 01:22:09 GMT 2025","TestManualDetectedBugs","US_55-tassobaccato_ReTestsManual_test","",""
"
         Check: Scroll down to the footer >
                Click button ""البلد"" (Country) / ""اللغة"" (Language) >
                Click the arrow button of the dropdown ""البلد"" (Country) in pop up window
         Language: AR
         License: SCA
         Author: Aleksei Kurochkin
         ","29470","TC_55!444 (Lang: ar) | Bid:55!444-ar.ae.NoReg","tests.US_55_ReTestsManual.K_Alex_N","Tue Jun 24 02:22:49 GMT 2025","broken","Tue Jun 24 02:23:19 GMT 2025","TestManualDetectedBugs","US_55_K_Alex_N_ReTestsManual_test","",""
"
         Check: The page ""Trading products"" is opened after clicking the link [Our mobile Apps]
                in the tile ""Industry-leading features for an industry-leading platform""
                on the page ""Why Capital.com?"" when any language (except EN) is selected
         Language: All, except EN.
         License: SCB.
         Author: Sergey Aiidzhanov
         ","32926","TC_55!288 (Lang: ru) | Bid:55!288-ru.ua.Auth","tests.US_55_ReTestsManual.saii-d3v","Mon Jun 23 23:15:15 GMT 2025","skipped","Mon Jun 23 23:15:48 GMT 2025","TestManualDetectedBugs","US_55-saii-d3v_ReTestsManual_test","",""
"
         Check: The page ""Trading products"" is opened after clicking the link [Our mobile Apps]
                in the tile ""Industry-leading features for an industry-leading platform""
                on the page ""Why Capital.com?"" when any language (except EN) is selected
         Language: All, except EN.
         License: SCB.
         Author: Sergey Aiidzhanov
         ","20089","TC_55!288 (Lang: ru) | Bid:55!288-ru.ua.NoReg","tests.US_55_ReTestsManual.saii-d3v","Mon Jun 23 23:16:21 GMT 2025","skipped","Mon Jun 23 23:16:41 GMT 2025","TestManualDetectedBugs","US_55-saii-d3v_ReTestsManual_test","",""
"
         Check: The page with “404 error” message is displayed
                after clicking the link [تعلّم التداول] (Learn to trade)
                in the tile  [تبدأ الطريق من أوله؟] (Starting from the beginning?)
                on the page ""تعلّم التداول"" (Learn to trade) when AR language is selected
         Language: AR.
         License: SCA.
         Author: Sergey Aiidzhanov
         ","32257","TC_55!272 (Lang: ar) | Bid:55!272-ar.ae.NoReg","tests.US_55_ReTestsManual.saii-d3v","Mon Jun 23 23:11:27 GMT 2025","failed","Mon Jun 23 23:11:59 GMT 2025","TestManualDetectedBugs","US_55-saii-d3v_ReTestsManual_test","",""
"
        Check: Menu section [Trading] > Menu item [CFD trading] > Click the link [Go CFD trading guide] in  the block
                ""Read more before you trade"" > Check links in the block ""What is a contract for difference (CFD)?""
        Language: EN, AR, DE
        License: ASIC, SCA, CYSEC
        Author: Kasila
        ","21190","TC_55!432 (Lang: de) | Bid:55!432-de.de.NoReg","tests.US_55_ReTestsManual.tassobaccato","Tue Jun 24 01:03:49 GMT 2025","failed","Tue Jun 24 01:04:11 GMT 2025","TestManualDetectedBugs","US_55-tassobaccato_ReTestsManual_test","",""
"
         Check: Button [My account] in the Header
         Language: En. License: FCA.
         Author: Kasila
         ","37064","TC_55!009 (Lang: en) | Bid:55!009-en.gb.Auth","tests.US_55_ReTestsManual.tassobaccato","Tue Jun 24 00:22:54 GMT 2025","failed","Tue Jun 24 00:23:31 GMT 2025","TestManualDetectedBugs","US_55-tassobaccato_ReTestsManual_test","",""
"
         Check: The ""Trading Conditions"" table is not visible on the page ""Trade Australia 200 - AU200au CFD""
         Language: DE, EN.
         License: ASIC, CYSEC.
         Author: Sergey Aiidzhanov
         ","41285","TC_55!507 (Lang: de) | Bid:55!507-de.de.NoAuth","tests.US_55_ReTestsManual.saii-d3v","Tue Jun 24 00:12:30 GMT 2025","passed","Tue Jun 24 00:13:11 GMT 2025","TestManualDetectedBugs","US_55-saii-d3v_ReTestsManual_test","",""
"
        Check: Menu section [Trading] > Menu item [Fraud prevention] > Menu section [Trading] > Menu item [Fraud prevention]
        Language: EN
        License: FCA
        Author: Kasila
        ","32156","TC_55!622 (Lang: en) | Bid:55!622-en.gb.Auth","tests.US_55_ReTestsManual.tassobaccato","Tue Jun 24 01:31:17 GMT 2025","failed","Tue Jun 24 01:31:49 GMT 2025","TestManualDetectedBugs","US_55-tassobaccato_ReTestsManual_test","",""
"
        Check:  The trading platform is opened, not the page
                of the corresponding trading instrument on the trading platform
        Language: All.
        License: Not FCA
        Author: Artem Dashkov
        ","18461","TC_55!016b (Lang: hu) | Bid:55!016b-hu.de.Auth","tests.US_55_ReTestsManual.artemdashkov","Mon Jun 23 22:39:13 GMT 2025","failed","Mon Jun 23 22:39:32 GMT 2025","TestManualDetected","US_55-artemdashkov_ReTestsManual_test","",""
"
         Check: Page '教育' (Education) is opened after click on menu section [新聞和分析] (News and analysis) in CN language.
         Language: CN.
         License: SCB.
         Author: Sergey Aiidzhanov
         ","32347","TC_55!158 (Lang: cn) | Bid:55!158-cn.ua.NoAuth","tests.US_55_ReTestsManual.saii-d3v","Mon Jun 23 23:06:46 GMT 2025","skipped","Mon Jun 23 23:07:19 GMT 2025","TestManualDetectedBugs","US_55-saii-d3v_ReTestsManual_test","",""
"
        Check:  Sign up/log in/forms or the transition to the trading platform are
                not opened after clicking the [Try now] button in ""Why choose
                Capital.com?.."" Block in the menu item [Our Mobile Apps]
        Language: All.
        License: Not FCA
        Author: Artem Dashkov
        ","15990","TC_55!017 (Lang: es) | Bid:55!017-es.de.NoAuth","tests.US_55_ReTestsManual.artemdashkov","Mon Jun 23 22:43:05 GMT 2025","failed","Mon Jun 23 22:43:21 GMT 2025","TestManualDetected","US_55-artemdashkov_ReTestsManual_test","",""
"
         Check: FCA license is selected instead of ASIC/CYSEC/SCA on trading instrument page
         after clicking any of trading instrument links
         on the page “Lloyds forecast: will Lloyds share price return to £1? Third party data forecast”
         Language: EN.
         License: SCA.
         Author: Sergey Aiidzhanov
         ","83957","TC_55!378 (Lang: en) | Bid:55!378-en.au.NoReg","tests.US_55_ReTestsManual.saii-d3v","Mon Jun 23 23:57:19 GMT 2025","failed","Mon Jun 23 23:58:43 GMT 2025","TestManualDetectedBugs","US_55-saii-d3v_ReTestsManual_test","",""
"
        Check: Menu section [Trading] > Menu item [CFD calculator] > ""How to start trading"" block > Click on the
                [Sign up] button > Close the “Sign up” form
        Language: All
        License: All, except SCB (UA country)
        Author: Kasila
        ","26166","TC_55!612 (Lang: en) | Bid:55!612-en.gb.NoReg","tests.US_55_ReTestsManual.tassobaccato","Tue Jun 24 01:27:44 GMT 2025","passed","Tue Jun 24 01:28:10 GMT 2025","TestManualDetectedBugs","US_55-tassobaccato_ReTestsManual_test","",""
"
        Check: Filters application in the 'Live shares prices' widget
        Language: All
        License: SCB
        Author: Kasila
        ","19794","TC_55!048 (Lang: de) | Bid:55!048-de.ua.Auth","tests.US_55_ReTestsManual.tassobaccato","Tue Jun 24 00:25:21 GMT 2025","skipped","Tue Jun 24 00:25:41 GMT 2025","TestManualDetectedBugs","US_55-tassobaccato_ReTestsManual_test","",""
"
         Check: All links on the page ""استراتيجية التداول الموضعي"" (Position trading strategy)
         lead on the EN pages on the old site version when AR language is selected
         Language: AR.
         License: SCA.
         Author: Sergey Aiidzhanov
         ","55271","TC_55!392 (Lang: ar) | Bid:55!392-ar.ae.NoAuth","tests.US_55_ReTestsManual.saii-d3v","Tue Jun 24 00:01:41 GMT 2025","failed","Tue Jun 24 00:02:36 GMT 2025","TestManualDetectedBugs","US_55-saii-d3v_ReTestsManual_test","",""
"
         Check: The old version of the page ""US Tech 100 index trading guide"" is opened
         instead of the new one on FCA/SCA licences
         Language: EN.
         License: FCA, SCA.
         Author: Sergey Aiidzhanov
         ","39592","TC_55!433 (Lang: en) | Bid:55!433-en.ae.NoReg","tests.US_55_ReTestsManual.saii-d3v","Tue Jun 24 00:08:25 GMT 2025","failed","Tue Jun 24 00:09:05 GMT 2025","TestManualDetectedBugs","US_55-saii-d3v_ReTestsManual_test","",""
"
        Check: Menu section [Trading] > Menu item [CFD trading] > Click the link [Go CFD trading guide] in  the block
                ""Read more before you trade"" > Check links in the block ""What is a contract for difference (CFD)?""
        Language: EN, AR, DE
        License: ASIC, SCA, CYSEC
        Author: Kasila
        ","51318","TC_55!432 (Lang: en) | Bid:55!432-en.au.Auth","tests.US_55_ReTestsManual.tassobaccato","Tue Jun 24 01:04:11 GMT 2025","failed","Tue Jun 24 01:05:02 GMT 2025","TestManualDetectedBugs","US_55-tassobaccato_ReTestsManual_test","",""
"
        Check: Menu section [Trading] > Menu item [Fraud prevention] > Menu section [Trading] > Menu item [Fraud prevention]
        Language: EN
        License: FCA
        Author: Kasila
        ","32639","TC_55!622 (Lang: en) | Bid:55!622-en.gb.NoAuth","tests.US_55_ReTestsManual.tassobaccato","Tue Jun 24 01:31:49 GMT 2025","failed","Tue Jun 24 01:32:22 GMT 2025","TestManualDetectedBugs","US_55-tassobaccato_ReTestsManual_test","",""
"
         Check: Hover over menu section [Learn] >
                Click the menu item [Market guides] of the menu title [For trading beginners] >
                Click the link “Shares trading guide” >
                Click the link “Learn more about IPOs.” >
                Click the link “liquidity”

         Language: EN
         License: SCA / FCA / ASIC / CYSEC
         Author: Aleksei Kurochkin
         ","37337","TC_55!587 (Lang: en) | Bid:55!587-en.au.NoReg","tests.US_55_ReTestsManual.K_Alex_N","Tue Jun 24 02:26:21 GMT 2025","broken","Tue Jun 24 02:26:59 GMT 2025","TestManualDetectedBugs","US_55_K_Alex_N_ReTestsManual_test","",""
"
        Check: Menu section [Learn] > Menu item [Trading essentials] > Block ""FAQs"" > click on the link
                [learning about trading]/[learn] in the expanded title ""Can you make money day trading?""
        Language: AR
        License: SCA
        Author: Kasila
        ","49361","TC_55!440 (Lang: ar) | Bid:55!440-ar.ae.NoReg","tests.US_55_ReTestsManual.tassobaccato","Tue Jun 24 01:08:38 GMT 2025","broken","Tue Jun 24 01:09:28 GMT 2025","TestManualDetectedBugs","US_55-tassobaccato_ReTestsManual_test","",""
"
         Check: Error message is displayed when clicking the link [How-to guides]
         in block “Looking for more?” on the page [Trading courses]
         Language: All.
         License: CYSEC, ASIC.
         Role: NoReg | NoAuth | Auth
         Author: podchasova11
         ","34638","TC_55!350a (Lang: de) | Bid:55!350a-de.au.NoReg","tests.US_55_ReTestsManual.mila_podchasova","Tue Jun 24 01:51:33 GMT 2025","failed","Tue Jun 24 01:52:08 GMT 2025","TestManualDetectedBugs","US_55-mila_podchasova_ReTestsManual_test","",""
"
        Check:  Menu section  [Trading] (Trading) >
                Menu item [Applications mobiles] (Mobile apps) >
                Click the link “CFD” in the block
                “Les applications mobiles de Capital.com” (Capital.com mobile apps) >

        Language: FR, IT
        License/Country: CYSEC
        Role: NoReg, NoAuth, Auth
        Author: podchasova11
        ","49537","TC_55!594 (Lang: de) | Bid:55!594-de.de.NoAuth","tests.US_55_ReTestsManual.mila_podchasova","Tue Jun 24 02:11:20 GMT 2025","failed","Tue Jun 24 02:12:09 GMT 2025","TestManualDetectedBugs","US_55-mila_podchasova_ReTestsManual_test","",""
"
        Check: Menu section [About] > Menu item [Compliance & Legals] > Click on the link  ""Spread"" in the “Spread” block
        Language: EL
        License: CYSEC
        Author: Kasila
        ","43356","TC_55!664 (Lang: el) | Bid:55!664-el.gr.NoReg","tests.US_55_ReTestsManual.tassobaccato","Tue Jun 24 01:43:15 GMT 2025","failed","Tue Jun 24 01:43:58 GMT 2025","TestManualDetectedBugs","US_55-tassobaccato_ReTestsManual_test","",""
"
         Check: The page with 404 error message is displayed after clicking any link
         of the block ""Az árutőzsdei kereskedés alapjai"" (The essentials of commodities trading)
         on the ""Árucikkek"" (Commodities) page
         Language: HU.
         License: CYSEC.
         Author: Sergey Aiidzhanov
         ","36832","TC_55!651 (Lang: hu) | Bid:55!651-hu.hu.NoReg","tests.US_55_ReTestsManual.saii-d3v","Tue Jun 24 00:20:04 GMT 2025","broken","Tue Jun 24 00:20:41 GMT 2025","TestManualDetectedBugs","US_55-saii-d3v_ReTestsManual_test","",""
"
        Check:  Click to the dropdown [Regional settings] > Click to the dropdown [Countries] >
                Click the [Search] input field > Enter value ""Honk"" > Check that country 'Honk Kong & Taiwan'
                displayed in search results

        Language: EN - FCA, SCA; AR - SCA
        License/Country: FCA, SCA
        Role: NoReg, NoAuth, Auth
        Author: podchasova11
        ","50266","TC_55!363 (Lang: en) | Bid:55!363-en.ae.NoAuth","tests.US_55_ReTestsManual.mila_podchasova","Tue Jun 24 01:58:56 GMT 2025","failed","Tue Jun 24 01:59:47 GMT 2025","TestManualDetectedBugs","US_55-mila_podchasova_ReTestsManual_test","",""
"
        Check: Menu section [Trading] > Menu item [CFD calculator] > ""How to start trading"" block > Click on the
                [Sign up] button > Close the “Sign up” form
        Language: All
        License: All, except SCB (UA country)
        Author: Kasila
        ","38802","TC_55!612 (Lang: ar) | Bid:55!612-ar.ae.NoReg","tests.US_55_ReTestsManual.tassobaccato","Tue Jun 24 01:25:22 GMT 2025","passed","Tue Jun 24 01:26:01 GMT 2025","TestManualDetectedBugs","US_55-tassobaccato_ReTestsManual_test","",""
"
         Check: FCA license is selected instead of ASIC/CYSEC/SCA on trading instrument page
         after clicking any of trading instrument links
         on the page “Lloyds forecast: will Lloyds share price return to £1? Third party data forecast”
         Language: EN.
         License: SCA.
         Author: Sergey Aiidzhanov
         ","86350","TC_55!378 (Lang: en) | Bid:55!378-en.au.NoAuth","tests.US_55_ReTestsManual.saii-d3v","Mon Jun 23 23:51:28 GMT 2025","failed","Mon Jun 23 23:52:55 GMT 2025","TestManualDetectedBugs","US_55-saii-d3v_ReTestsManual_test","",""
"
        Check: Clicking [numeric values] in the Buy column in Menu tittle Markets does not open the
                Sign-Up /Login form or page of the corresponding trading instrument on the trading platform using
                English or Arabic language.
        Language: EN, AR
        License: SCA
        Author: Kasila
        ","22983","TC_55!322b (Lang: ar) | Bid:55!322b-ar.ae.Auth","tests.US_55_ReTestsManual.tassobaccato","Tue Jun 24 00:39:39 GMT 2025","failed","Tue Jun 24 00:40:02 GMT 2025","TestManualDetectedBugs","US_55-tassobaccato_ReTestsManual_test","",""
"
        Check:  Click to the dropdown [Regional settings] > Click to the dropdown [Countries] >
                Click the [Search] input field > Enter value ""Honk"" > Check that country 'Honk Kong & Taiwan'
                displayed in search results

        Language: EN - FCA, SCA; AR - SCA
        License/Country: FCA, SCA
        Role: NoReg, NoAuth, Auth
        Author: podchasova11
        ","47077","TC_55!363 (Lang: en) | Bid:55!363-en.ae.Auth","tests.US_55_ReTestsManual.mila_podchasova","Tue Jun 24 01:58:09 GMT 2025","failed","Tue Jun 24 01:58:56 GMT 2025","TestManualDetectedBugs","US_55-mila_podchasova_ReTestsManual_test","",""
"
        Check:  Sign up/log in/forms or the transition to the trading platform are
                not opened after clicking the [Try now] button in ""Why choose
                Capital.com?.."" Block in the menu item [Our Mobile Apps]
        Language: All.
        License: Not FCA
        Author: Artem Dashkov
        ","41041","TC_55!017 (Lang: es) | Bid:55!017-es.de.Auth","tests.US_55_ReTestsManual.artemdashkov","Mon Jun 23 22:42:23 GMT 2025","failed","Mon Jun 23 22:43:04 GMT 2025","TestManualDetected","US_55-artemdashkov_ReTestsManual_test","",""
"
         Check: The page is refreshed instead of opening the Login form after clicking the [Log In] button
                on the Search page
         Language: All.
         License: SCB.
         Author: Sergey Aiidzhanov
         ","31973","TC_55!053 (Lang: ru) | Bid:55!053-ru.ua.NoReg","tests.US_55_ReTestsManual.saii-d3v","Mon Jun 23 23:02:19 GMT 2025","skipped","Mon Jun 23 23:02:51 GMT 2025","TestManualDetectedBugs","US_55-saii-d3v_ReTestsManual_test","",""
"
        Check: Menu section [Markets] > Menu item [Shares] > “Rivian Automotive, Inc.” page > Click the link “initial
                public offering (IPO)” in the  block “Rivian Automotive Inc. Company profile”
        Language: EN
        License: SCA, FCA
        Author: Kasila
        ","29966","TC_55!401 (Lang: en) | Bid:55!401-en.gb.NoReg","tests.US_55_ReTestsManual.tassobaccato","Tue Jun 24 00:56:58 GMT 2025","passed","Tue Jun 24 00:57:28 GMT 2025","TestManualDetectedBugs","US_55-tassobaccato_ReTestsManual_test","",""
"
        Check: Menu section [Trading] > Menu item [CFD trading] > Click the link [Go CFD trading guide] in  the block
                ""Read more before you trade"" > Check links in the block ""What is a contract for difference (CFD)?""
        Language: EN, AR, DE
        License: ASIC, SCA, CYSEC
        Author: Kasila
        ","38635","TC_55!432 (Lang: en) | Bid:55!432-en.au.NoReg","tests.US_55_ReTestsManual.tassobaccato","Tue Jun 24 01:02:20 GMT 2025","failed","Tue Jun 24 01:02:59 GMT 2025","TestManualDetectedBugs","US_55-tassobaccato_ReTestsManual_test","",""
"
         Check: The main page in EN language is opened after click on the link [Go to all commodities]
                on the ""Commodities trading"" page when AR, IT, NL, PL, RO, CN language is selected
         Language: AR, IT, NL, PL, RO, CN.
         License: SCB.
         Author: Sergey Aiidzhanov
         ","31247","TC_55!052 (Lang: it) | Bid:55!052-it.ua.Auth","tests.US_55_ReTestsManual.saii-d3v","Mon Jun 23 22:58:08 GMT 2025","skipped","Mon Jun 23 22:58:39 GMT 2025","TestManualDetectedBugs","US_55-saii-d3v_ReTestsManual_test","",""
"
        Check:  Menu section [Markets] >
                Menu item [Market analysis] >
                Scroll down to the block “pagination” >
                Click the link ""11""
                Click the link “BP share price forecast” >
                Сlick the link “Capital.com Research Team” >
        Language: EN
        License/Country: SCA
        Role: NoReg, NoAuth, Auth
        Author: podchasova11
        ","33647","TC_55!405 (Lang: en) | Bid:55!405-en.ae.NoReg","tests.US_55_ReTestsManual.mila_podchasova","Tue Jun 24 02:03:51 GMT 2025","failed","Tue Jun 24 02:04:24 GMT 2025","TestManualDetectedBugs","US_55-mila_podchasova_ReTestsManual_test","",""
"
        Check: Menu section [Learn] > Menu item [Market guides] > Click on the “Oil trading guide” link >
                Сlick the [Try demo]/[Start oil trading] button > Close the “Sign up” form
        Language: All
        License: All, except SCB (UA country)
        Author: Kasila
        ","27834","TC_55!604 (Lang: en) | Bid:55!604-en.gb.NoAuth","tests.US_55_ReTestsManual.tassobaccato","Tue Jun 24 01:24:54 GMT 2025","broken","Tue Jun 24 01:25:22 GMT 2025","TestManualDetectedBugs","US_55-tassobaccato_ReTestsManual_test","",""
"
         Check: The Trading platform overview page does not open when
         the button [Platform overview] is pressed on the ""Investmate app"" page

         Author: podchasova11
         ","35218","TC_55!038 (Lang: en) | Bid:55!038-en.de.NoAuth","tests.US_55_ReTestsManual.mila_podchasova","Tue Jun 24 01:46:52 GMT 2025","failed","Tue Jun 24 01:47:27 GMT 2025","TestManualDetectedBugs","US_55-mila_podchasova_ReTestsManual_test","",""
"
         Check: Error message is displayed
         after clicking the link “تعلّم المزيد حول كيفيّة التداول على الأسهم“ (Learn more about shares trading)
         in the tile “التداول على الأسهم” (Shares trading)
         on the page “ما هو مفهوم التداول على النفط” (What is oil trading) when AR language is selected
         Language: AR.
         License: SCA.
         Author: Sergey Aiidzhanov
         ","41965","TC_55!335 (Lang: ar) | Bid:55!335-ar.ae.NoAuth","tests.US_55_ReTestsManual.saii-d3v","Mon Jun 23 23:34:51 GMT 2025","failed","Mon Jun 23 23:35:33 GMT 2025","TestManualDetectedBugs","US_55-saii-d3v_ReTestsManual_test","",""
"
         Check: All links on the page ""استراتيجية التداول الموضعي"" (Position trading strategy)
         lead on the EN pages on the old site version when AR language is selected
         Language: AR.
         License: SCA.
         Author: Sergey Aiidzhanov
         ","65212","TC_55!392 (Lang: ar) | Bid:55!392-ar.ae.NoReg","tests.US_55_ReTestsManual.saii-d3v","Tue Jun 24 00:02:36 GMT 2025","failed","Tue Jun 24 00:03:42 GMT 2025","TestManualDetectedBugs","US_55-saii-d3v_ReTestsManual_test","",""
"
        Check:  Click to the dropdown [Regional settings] > Click to the dropdown [Countries] >
                Click the [Search] input field > Enter value ""Honk"" > Check that country 'Honk Kong & Taiwan'
                displayed in search results

        Language: EN - FCA, SCA; AR - SCA
        License/Country: FCA, SCA
        Role: NoReg, NoAuth, Auth
        Author: podchasova11
        ","20816","TC_55!363 (Lang: en) | Bid:55!363-en.gb.NoReg","tests.US_55_ReTestsManual.mila_podchasova","Tue Jun 24 01:55:52 GMT 2025","failed","Tue Jun 24 01:56:12 GMT 2025","TestManualDetectedBugs","US_55-mila_podchasova_ReTestsManual_test","",""
"
        Check: Button [Google Play] on the block CFD Trading app
        Language: All.
        License: Not FCA
        Author  : Ivan Kedrov
        ","26710","TC_55!029 (Lang: es) | Bid:55!029-es.de.Auth","tests.US_55_ReTestsManual.AlexTomQA","Mon Jun 23 22:37:10 GMT 2025","skipped","Mon Jun 23 22:37:36 GMT 2025","TestManualDetected","US_55-AlexTomQA_ReTestsManual_test","",""
"
        Check: presence of the sidebar ""Crypto Trading Guide"" on the ""Bitcoin Gold"" page.
        Language: EN, DE, ZH, RU, ES,IT, PL
        License: SCB
        Author: Kasila
        ","28878","TC_55!077b (Lang: es) | Bid:55!077b-es.ua.NoReg","tests.US_55_ReTestsManual.tassobaccato","Tue Jun 24 00:28:51 GMT 2025","skipped","Tue Jun 24 00:29:20 GMT 2025","TestManualDetectedBugs","US_55-tassobaccato_ReTestsManual_test","",""
"
        Check: Menu section [Trading] > Menu item [CFD trading] > Click the link [Go CFD trading guide] in  the block
                ""Read more before you trade"" > Check links in the block ""What is a contract for difference (CFD)?""
        Language: EN, AR, DE
        License: ASIC, SCA, CYSEC
        Author: Kasila
        ","21880","TC_55!432 (Lang: en) | Bid:55!432-en.ae.NoReg","tests.US_55_ReTestsManual.tassobaccato","Tue Jun 24 01:02:59 GMT 2025","failed","Tue Jun 24 01:03:21 GMT 2025","TestManualDetectedBugs","US_55-tassobaccato_ReTestsManual_test","",""
"
        Check: Menu section [Markets] > Menu item [Market analysis] > Article ""Solana price prediction: Can SOL
                rebound?"" > Click on the [Could Solana become a Cardano side-chain?] item in the ""Table of Contents"" >
                Click on the [announced] link in the text
        Language: EN
        License: ASIC
        Author: Kasila
        ","175307","TC_55!514 (Lang: en) | Bid:55!514-en.au.Auth","tests.US_55_ReTestsManual.tassobaccato","Tue Jun 24 01:14:13 GMT 2025","broken","Tue Jun 24 01:17:08 GMT 2025","TestManualDetectedBugs","US_55-tassobaccato_ReTestsManual_test","",""
"
         Check: FCA license is selected instead of ASIC/CYSEC/SCA on trading instrument page
         after clicking any of trading instrument links
         on the page “Lloyds forecast: will Lloyds share price return to £1? Third party data forecast”
         Language: EN.
         License: SCA.
         Author: Sergey Aiidzhanov
         ","85757","TC_55!378 (Lang: en) | Bid:55!378-en.au.Auth","tests.US_55_ReTestsManual.saii-d3v","Mon Jun 23 23:50:02 GMT 2025","failed","Mon Jun 23 23:51:28 GMT 2025","TestManualDetectedBugs","US_55-saii-d3v_ReTestsManual_test","",""
"
        Check: Field [email] in Sign up form
        Language: All.
        License/Country: de/CYSEC, au/ASIC,
        Role: NoReg, NoAuth,
        Login: ['КИРИЛЛИЦА_без_пробелов@gmail.com', 'LATIN with space@gmail.com'],
        Password: ['VALID_password44!']
        Author: Artem Dashkov
        ","43015","TC_55!045a (Lang: hu) | Bid:55!045a-hu.de.NoAuth","tests.US_55_ReTestsManual.artemdashkov","Mon Jun 23 22:47:53 GMT 2025","failed","Mon Jun 23 22:48:36 GMT 2025","TestManualDetected","US_55-artemdashkov_ReTestsManual_test","",""
"
        Check: Menu section [Trading] > Menu item [Fraud prevention] > Menu section [Trading] > Menu item [Fraud prevention]
        Language: EN
        License: FCA
        Author: Kasila
        ","30863","TC_55!622 (Lang: en) | Bid:55!622-en.gb.NoReg","tests.US_55_ReTestsManual.tassobaccato","Tue Jun 24 01:30:45 GMT 2025","failed","Tue Jun 24 01:31:16 GMT 2025","TestManualDetectedBugs","US_55-tassobaccato_ReTestsManual_test","",""
"
         Check: The Search field in the header is not opened after performed search
         Language: All.
         License: SCB.
         Author: Sergey Aiidzhanov
         ","28731","TC_55!160 (Lang: hu) | Bid:55!160-hu.ua.Auth","tests.US_55_ReTestsManual.saii-d3v","Mon Jun 23 23:07:39 GMT 2025","skipped","Mon Jun 23 23:08:07 GMT 2025","TestManualDetectedBugs","US_55-saii-d3v_ReTestsManual_test","",""
"
        Check: presence of the sidebar ""Crypto Trading Guide"" on the ""Cryptocurrencies vs. Stocks:
        What's the Difference?"" page.
        Language: EN
        License: SCB
        Author: Kasila
        ","31922","TC_55!077a (Lang: en) | Bid:55!077a-en.ua.NoReg","tests.US_55_ReTestsManual.tassobaccato","Tue Jun 24 00:26:13 GMT 2025","skipped","Tue Jun 24 00:26:45 GMT 2025","TestManualDetectedBugs","US_55-tassobaccato_ReTestsManual_test","",""
"
         Check: The main page in EN language is opened after click on the link [Go to all commodities]
                on the ""Commodities trading"" page when AR, IT, NL, PL, RO, CN language is selected
         Language: AR, IT, NL, PL, RO, CN.
         License: SCB.
         Author: Sergey Aiidzhanov
         ","31824","TC_55!052 (Lang: it) | Bid:55!052-it.ua.NoReg","tests.US_55_ReTestsManual.saii-d3v","Mon Jun 23 23:00:11 GMT 2025","skipped","Mon Jun 23 23:00:43 GMT 2025","TestManualDetectedBugs","US_55-saii-d3v_ReTestsManual_test","",""
"
        Check: Menu section [Learn] > Menu item [Market guides] > Click on the ""Commodity trading guide"" link >
                Click on the ""commodities market"" link
        Language: NL
        License: CYSEC
        Author: Kasila
        ","38342","TC_55!660 (Lang: nl) | Bid:55!660-nl.nl.NoReg","tests.US_55_ReTestsManual.tassobaccato","Tue Jun 24 01:40:59 GMT 2025","broken","Tue Jun 24 01:41:37 GMT 2025","TestManualDetectedBugs","US_55-tassobaccato_ReTestsManual_test","",""
"
         Check: Only the text of the [Inflation news] button is displayed
         without clickable area and button styling on the sidebar of the ""Market Analysis"" page,
         when SCB license and EN language are selected.
         Language: EN.
         License: SCB.
         Author: Sergey Aiidzhanov
         ","21774","TC_55!379 (Lang: en) | Bid:55!379-en.ua.NoReg","tests.US_55_ReTestsManual.saii-d3v","Tue Jun 24 00:00:17 GMT 2025","skipped","Tue Jun 24 00:00:39 GMT 2025","TestManualDetectedBugs","US_55-saii-d3v_ReTestsManual_test","",""
"
        Check: Field [email] in Sign up form
        Language: All.
        License/Country: de/CYSEC, au/ASIC,
        Role: NoReg, NoAuth,
        Login: ['КИРИЛЛИЦА_без_пробелов@gmail.com', 'LATIN with space@gmail.com'],
        Password: ['VALID_password44!']
        Author: Artem Dashkov
        ","27283","TC_55!045a (Lang: pl) | Bid:55!045a-pl.de.NoReg","tests.US_55_ReTestsManual.artemdashkov","Mon Jun 23 22:44:57 GMT 2025","failed","Mon Jun 23 22:45:24 GMT 2025","TestManualDetected","US_55-artemdashkov_ReTestsManual_test","",""
"
         Check: The block ""Experienced traders"" on the page ""Learn"" is not in viewport
         after clicking the link ""Learn to trade"" on the page ""Why Capital.com?""
         Language: AR.
         License: SCA.
         Author: Sergey Aiidzhanov
         ","40117","TC_55!373 (Lang: ar) | Bid:55!373-ar.ae.NoAuth","tests.US_55_ReTestsManual.saii-d3v","Mon Jun 23 23:44:41 GMT 2025","failed","Mon Jun 23 23:45:21 GMT 2025","TestManualDetectedBugs","US_55-saii-d3v_ReTestsManual_test","",""
"
        Check:  Click to the dropdown [Regional settings] > Click to the dropdown [Countries] >
                Click the [Search] input field > Enter value ""Honk"" > Check that country 'Honk Kong & Taiwan'
                displayed in search results

        Language: EN - FCA, SCA; AR - SCA
        License/Country: FCA, SCA
        Role: NoReg, NoAuth, Auth
        Author: podchasova11
        ","40942","TC_55!363 (Lang: en) | Bid:55!363-en.gb.NoAuth","tests.US_55_ReTestsManual.mila_podchasova","Tue Jun 24 01:56:55 GMT 2025","failed","Tue Jun 24 01:57:36 GMT 2025","TestManualDetectedBugs","US_55-mila_podchasova_ReTestsManual_test","",""
"
         Check: The Search field in the header is not opened after performed search
         Language: All.
         License: SCB.
         Author: Sergey Aiidzhanov
         ","29163","TC_55!160 (Lang: hu) | Bid:55!160-hu.ua.NoAuth","tests.US_55_ReTestsManual.saii-d3v","Mon Jun 23 23:08:07 GMT 2025","skipped","Mon Jun 23 23:08:36 GMT 2025","TestManualDetectedBugs","US_55-saii-d3v_ReTestsManual_test","",""
"
         Check: Error message ""The page you were looking for doesnt exist""
         is displayed when clicking the link [How-to guides]
         in block “Looking for more?” on the page [Trading courses]
         Language: All.
         License: SCB.
         Role: NoReg | NoAuth | Auth
         Author: podchasova11
         ","22552","TC_55!350b (Lang: en) | Bid:55!350b-en.ua.NoReg","tests.US_55_ReTestsManual.mila_podchasova","Tue Jun 24 01:53:20 GMT 2025","skipped","Tue Jun 24 01:53:42 GMT 2025","TestManualDetectedBugs","US_55-mila_podchasova_ReTestsManual_test","",""
"
         Check: Error message is displayed
         after clicking the link “تعلّم المزيد حول كيفيّة التداول على الأسهم“ (Learn more about shares trading)
         in the tile “التداول على الأسهم” (Shares trading)
         on the page “ما هو مفهوم التداول على النفط” (What is oil trading) when AR language is selected
         Language: AR.
         License: SCA.
         Author: Sergey Aiidzhanov
         ","36794","TC_55!335 (Lang: ar) | Bid:55!335-ar.ae.NoReg","tests.US_55_ReTestsManual.saii-d3v","Mon Jun 23 23:35:33 GMT 2025","failed","Mon Jun 23 23:36:10 GMT 2025","TestManualDetectedBugs","US_55-saii-d3v_ReTestsManual_test","",""
"
        Check: presence of the sidebar ""Crypto Trading Guide"" on the ""Bitcoin Gold"" page.
        Language: EN, DE, ZH, RU, ES,IT, PL
        License: SCB
        Author: Kasila
        ","29026","TC_55!077b (Lang: ru) | Bid:55!077b-ru.ua.NoAuth","tests.US_55_ReTestsManual.tassobaccato","Tue Jun 24 00:28:22 GMT 2025","skipped","Tue Jun 24 00:28:51 GMT 2025","TestManualDetectedBugs","US_55-tassobaccato_ReTestsManual_test","",""
"
        Check: Menu section [Markets] > Menu item [Shares] > “Rivian Automotive, Inc.” page > Click the link “initial
                public offering (IPO)” in the  block “Rivian Automotive Inc. Company profile”
        Language: EN
        License: SCA, FCA
        Author: Kasila
        ","35861","TC_55!401 (Lang: en) | Bid:55!401-en.ae.NoAuth","tests.US_55_ReTestsManual.tassobaccato","Tue Jun 24 00:58:34 GMT 2025","failed","Tue Jun 24 00:59:10 GMT 2025","TestManualDetectedBugs","US_55-tassobaccato_ReTestsManual_test","",""
"
        Check:  The trading platform is opened, not the page
                of the corresponding trading instrument on the trading platform
        Language: All.
        License: Not FCA
        Author: Artem Dashkov
        ","15544","TC_55!016b (Lang: pl) | Bid:55!016b-pl.de.Auth","tests.US_55_ReTestsManual.artemdashkov","Mon Jun 23 22:38:57 GMT 2025","failed","Mon Jun 23 22:39:12 GMT 2025","TestManualDetected","US_55-artemdashkov_ReTestsManual_test","",""
"
        Check: The trading calculator is collapsed in the menu section [Markets] --> [CFD calculator]
        after setting the maximum duration on the Prof/Loss element and changing the asset
        Language: En.
        Country: CYSEC, SCB
        Role: NoReg, Auth, NoAuth,
        calc_1_and_calc_2:  (""GBP/USD"", ""EUR/USD""),
                            (""EUR/USD"", ""GBP/USD""),
                            (""Gold"", ""Natural Gas""),
                            (""Natural Gas"", ""Gold""),
                            (""Germany 40"", ""US Tech 100""),
                            (""US Tech 100"", ""Germany 40"")
        Author: Artem Dashkov
        ","36517","TC_55!104 (Lang: en) | Bid:55!104-en.ua.NoReg","tests.US_55_ReTestsManual.artemdashkov","Mon Jun 23 22:51:59 GMT 2025","skipped","Mon Jun 23 22:52:36 GMT 2025","TestManualDetected","US_55-artemdashkov_ReTestsManual_test","",""
"
         Check: Scrolling is disabled after changing one CYSEC country to another
         Language: EN.
         License: CYSEC.
         Author: Sergey Aiidzhanov
         ","32078","TC_55!613 (Lang: en) | Bid:55!613-en.se.NoReg","tests.US_55_ReTestsManual.saii-d3v","Tue Jun 24 00:17:52 GMT 2025","broken","Tue Jun 24 00:18:24 GMT 2025","TestManualDetectedBugs","US_55-saii-d3v_ReTestsManual_test","",""
"
         Check: The ""Trading Conditions"" table is not visible on the page ""Trade Australia 200 - AU200au CFD""
         Language: DE, EN.
         License: ASIC, CYSEC.
         Author: Sergey Aiidzhanov
         ","48724","TC_55!507 (Lang: en) | Bid:55!507-en.au.NoAuth","tests.US_55_ReTestsManual.saii-d3v","Tue Jun 24 00:11:41 GMT 2025","passed","Tue Jun 24 00:12:30 GMT 2025","TestManualDetectedBugs","US_55-saii-d3v_ReTestsManual_test","",""
"
         Check: The ""Trading Conditions"" table is not visible on the page ""Trade Australia 200 - AU200au CFD""
         Language: DE, EN.
         License: ASIC, CYSEC.
         Author: Sergey Aiidzhanov
         ","20082","TC_55!507 (Lang: de) | Bid:55!507-de.de.NoReg","tests.US_55_ReTestsManual.saii-d3v","Tue Jun 24 00:14:14 GMT 2025","passed","Tue Jun 24 00:14:34 GMT 2025","TestManualDetectedBugs","US_55-saii-d3v_ReTestsManual_test","",""
"
        Check: Clicking [numeric values] in the Sell column in Menu tittle Markets does not open the
                Sign-Up /Login form or page of the corresponding trading instrument on the trading platform using
                English or Arabic language.
        Language: EN, AR
        License: SCA
        Author: Kasila
        ","44559","TC_55!322a (Lang: en) | Bid:55!322a-en.ae.Auth","tests.US_55_ReTestsManual.tassobaccato","Tue Jun 24 00:35:06 GMT 2025","failed","Tue Jun 24 00:35:51 GMT 2025","TestManualDetectedBugs","US_55-tassobaccato_ReTestsManual_test","",""
"
        Check:  Menu section  [Trading] (Trading) >
                Menu item [Applications mobiles] (Mobile apps) >
                Click the link “CFD” in the block
                “Les applications mobiles de Capital.com” (Capital.com mobile apps) >

        Language: FR, IT
        License/Country: CYSEC
        Role: NoReg, NoAuth, Auth
        Author: podchasova11
        ","26819","TC_55!594 (Lang: de) | Bid:55!594-de.de.NoReg","tests.US_55_ReTestsManual.mila_podchasova","Tue Jun 24 02:10:03 GMT 2025","failed","Tue Jun 24 02:10:30 GMT 2025","TestManualDetectedBugs","US_55-mila_podchasova_ReTestsManual_test","",""
"
        Check:  Click to the dropdown [Regional settings] > Click to the dropdown [Countries] >
                Click the [Search] input field > Enter value ""Honk"" > Check that country 'Honk Kong & Taiwan'
                displayed in search results

        Language: EN - FCA, SCA; AR - SCA
        License/Country: FCA, SCA
        Role: NoReg, NoAuth, Auth
        Author: podchasova11
        ","53158","TC_55!363 (Lang: ar) | Bid:55!363-ar.ae.Auth","tests.US_55_ReTestsManual.mila_podchasova","Tue Jun 24 02:00:27 GMT 2025","failed","Tue Jun 24 02:01:20 GMT 2025","TestManualDetectedBugs","US_55-mila_podchasova_ReTestsManual_test","",""
"
        Check: Menu section [Learn] > Menu item  [Market guides] > Click the link “Shares trading guide”
                > Сlick the link “Netflix” > Сlick the link “Trade Coca-Cola shares”
                > Сlick the link “KO” in the block “Performance of the Coca-Cola stock in recent years”
        Language: EN
        License: FCA
        Author: Kasila
        ","43072","TC_55!624 (Lang: en) | Bid:55!624-en.ae.NoAuth","tests.US_55_ReTestsManual.tassobaccato","Tue Jun 24 01:35:22 GMT 2025","broken","Tue Jun 24 01:36:06 GMT 2025","TestManualDetectedBugs","US_55-tassobaccato_ReTestsManual_test","",""
"
        Check: Menu section [Learn] > Menu item  [Market guides] > Click the link “Shares trading guide”
                > Сlick the link “Netflix” > Сlick the link “Trade Coca-Cola shares”
                > Сlick the link “KO” in the block “Performance of the Coca-Cola stock in recent years”
        Language: EN
        License: FCA
        Author: Kasila
        ","20875","TC_55!624 (Lang: en) | Bid:55!624-en.au.NoReg","tests.US_55_ReTestsManual.tassobaccato","Tue Jun 24 01:33:28 GMT 2025","broken","Tue Jun 24 01:33:49 GMT 2025","TestManualDetectedBugs","US_55-tassobaccato_ReTestsManual_test","",""
"
         Check: The corresponding video does not open after click on the banner ""Market outlook with David Jones""
         Language: ALL.
         License: SCB.
         Author: Sergey Aiidzhanov
         ","3","TC_55!366 (Lang: ru) | Bid:55!366-ru.ua.NoAuth","tests.US_55_ReTestsManual.saii-d3v","Mon Jun 23 23:42:05 GMT 2025","skipped","Mon Jun 23 23:42:05 GMT 2025","TestManualDetectedBugs","US_55-saii-d3v_ReTestsManual_test","",""
"
         Check: Error message “Access denied Error 16""
         is displayed after clicking link
         [مكاتبنا الموزّعة على أربع قارات] (""Offices in four continents"")
         in block [مكاتبنا العالمية] (""Our global offices"")
         Language: AR.
         License: SCA.
         Author: podchasova11
         ","39962","TC_55!472 (Lang: ar) | Bid:55!472-ar.ae.NoReg","tests.US_55_ReTestsManual.mila_podchasova","Tue Jun 24 02:09:22 GMT 2025","failed","Tue Jun 24 02:10:02 GMT 2025","TestManualDetectedBugs","US_55-mila_podchasova_ReTestsManual_test","",""
"
        Check: Menu section [Learn] > Menu item [Market guides] > Click on the ""Commodity trading guide"" link >
                Click on the ""commodities market"" link
        Language: NL
        License: CYSEC
        Author: Kasila
        ","47996","TC_55!660 (Lang: nl) | Bid:55!660-nl.nl.Auth","tests.US_55_ReTestsManual.tassobaccato","Tue Jun 24 01:41:38 GMT 2025","broken","Tue Jun 24 01:42:26 GMT 2025","TestManualDetectedBugs","US_55-tassobaccato_ReTestsManual_test","",""
"
        Check: Button [Create account] button in the Menu item [Trading Courses]
        Language: All.
        License: Not FCA
        Author  : Ivan Kedrov
        ","2","TC_55!062 (Lang: en) | Bid:55!062-en.de.Auth","tests.US_55_ReTestsManual.AlexTomQA","Mon Jun 23 22:38:03 GMT 2025","skipped","Mon Jun 23 22:38:03 GMT 2025","TestManualDetected","US_55-AlexTomQA_ReTestsManual_test","",""
"
         Check: Link [Privacy Policy] is not active in Sing up form when selected SCA (AR language)
         Language: AR
         License: SCA
         Author: Aleksei Kurochkin
         ","25141","TC_55!504 (Lang: ar) | Bid:55!504-ar.ae.NoReg","tests.US_55_ReTestsManual.K_Alex_N","Tue Jun 24 02:21:51 GMT 2025","broken","Tue Jun 24 02:22:16 GMT 2025","TestManualDetectedBugs","US_55_K_Alex_N_ReTestsManual_test","",""
"
         Check: The old version of the page ""US Tech 100 index trading guide"" is opened
         instead of the new one on FCA/SCA licences
         Language: EN.
         License: FCA, SCA.
         Author: Sergey Aiidzhanov
         ","26067","TC_55!433 (Lang: en) | Bid:55!433-en.gb.Auth","tests.US_55_ReTestsManual.saii-d3v","Tue Jun 24 00:06:48 GMT 2025","failed","Tue Jun 24 00:07:14 GMT 2025","TestManualDetectedBugs","US_55-saii-d3v_ReTestsManual_test","",""
"
        Check: The page is refreshed after clicking the link “educational app Investmate” in the block “Investmate” on
            the page “Mobile apps” when EN language is selected (SCA license).
        Language: EN
        License: SCA
        Author: Kasila
        ","33745","TC_55!308 (Lang: en) | Bid:55!308-en.ae.NoReg","tests.US_55_ReTestsManual.tassobaccato","Tue Jun 24 00:31:50 GMT 2025","broken","Tue Jun 24 00:32:24 GMT 2025","TestManualDetectedBugs","US_55-tassobaccato_ReTestsManual_test","",""
"
         Check:
         Language: NL.
         License: CYSEC.
         Author: Sergey Aiidzhanov
         ","38119","TC_55!654 (Lang: nl) | Bid:55!654-nl.nl.NoReg","tests.US_55_ReTestsManual.saii-d3v","Tue Jun 24 00:22:13 GMT 2025","broken","Tue Jun 24 00:22:51 GMT 2025","TestManualDetectedBugs","US_55-saii-d3v_ReTestsManual_test","",""
"
         Check: menu section [Pricing]  > 
                menu item [Charges and fees] > 
                block ""Trading"" > 
                click link [Find out more]
         Language: EN
         License: SCA, FCA, CYSEC or ASIC
         Author: Aleksei Kurochkin
         ","15984","TC_55!603 (Lang: en) | Bid:55!603-en.au.NoReg","tests.US_55_ReTestsManual.K_Alex_N","Tue Jun 24 02:12:55 GMT 2025","passed","Tue Jun 24 02:13:11 GMT 2025","TestForFixedBugs","US_55_K_Alex_N_ReTestsManual_test","",""
"
        Check: Clicking [numeric values] in the Sell column in Menu tittle Markets does not open the
                Sign-Up /Login form or page of the corresponding trading instrument on the trading platform using
                English or Arabic language.
        Language: EN, AR
        License: SCA
        Author: Kasila
        ","40053","TC_55!322a (Lang: en) | Bid:55!322a-en.ae.NoReg","tests.US_55_ReTestsManual.tassobaccato","Tue Jun 24 00:33:59 GMT 2025","failed","Tue Jun 24 00:34:39 GMT 2025","TestManualDetectedBugs","US_55-tassobaccato_ReTestsManual_test","",""
"
         Check: The ""Trading Conditions"" table is not visible on the page ""Trade Australia 200 - AU200au CFD""
         Language: DE, EN.
         License: ASIC, CYSEC.
         Author: Sergey Aiidzhanov
         ","61108","TC_55!507 (Lang: de) | Bid:55!507-de.de.Auth","tests.US_55_ReTestsManual.saii-d3v","Tue Jun 24 00:10:16 GMT 2025","broken","Tue Jun 24 00:11:17 GMT 2025","TestManualDetectedBugs","US_55-saii-d3v_ReTestsManual_test","",""
"
         Check: The main page in EN language is opened after click on the link [Go to all commodities]
                on the ""Commodities trading"" page when AR, IT, NL, PL, RO, CN language is selected
         Language: AR, IT, NL, PL, RO, CN.
         License: SCB.
         Author: Sergey Aiidzhanov
         ","34285","TC_55!052 (Lang: ro) | Bid:55!052-ro.ua.Auth","tests.US_55_ReTestsManual.saii-d3v","Mon Jun 23 22:57:33 GMT 2025","skipped","Mon Jun 23 22:58:08 GMT 2025","TestManualDetectedBugs","US_55-saii-d3v_ReTestsManual_test","",""
"
        Check: Field [email] in Sign up form
        Language: All.
        License/Country: de/CYSEC, au/ASIC,
        Role: NoReg, NoAuth,
        Login: ['КИРИЛЛИЦА_без_пробелов@gmail.com', 'LATIN with space@gmail.com'],
        Password: ['VALID_password44!']
        Author: Artem Dashkov
        ","34646","TC_55!045a (Lang: hu) | Bid:55!045a-hu.de.NoReg","tests.US_55_ReTestsManual.artemdashkov","Mon Jun 23 22:47:18 GMT 2025","failed","Mon Jun 23 22:47:52 GMT 2025","TestManualDetected","US_55-artemdashkov_ReTestsManual_test","",""
"
         Check: The modal window ""Confirm Form Resubmission"" is not opened after clicking the button [Back]
         on any article from search page.
         Language: All.
         License: SCB.
         Author: Sergey Aiidzhanov
         ","20119","TC_55!157 (Lang: en) | Bid:55!157-en.ua.NoReg","tests.US_55_ReTestsManual.saii-d3v","Mon Jun 23 23:05:57 GMT 2025","skipped","Mon Jun 23 23:06:18 GMT 2025","TestManualDetectedBugs","US_55-saii-d3v_ReTestsManual_test","",""
"
         Check: “Support” chat window is not opened after click on the “Support” button
         and this button disappears after the second clicking on it on any page
         after changing the language of the site (e.g. from EN to AR) (SCA license).
         Language: AR, EN.
         License: SCA.
         Author: Sergey Aiidzhanov
         ","40418","TC_55!330 (Lang: ar) | Bid:55!330-ar.ae.NoReg","tests.US_55_ReTestsManual.saii-d3v","Mon Jun 23 23:29:58 GMT 2025","broken","Mon Jun 23 23:30:38 GMT 2025","TestManualDetectedBugs","US_55-saii-d3v_ReTestsManual_test","",""
"
        Check:  The Main page is opened instead of the Cryptocurrencies page on the page
                ""Cryptocurrency trading"" after clicking the button [Go to all cryptocurrencies]
                when RO, IT, PL or CN language is selected
        Language: RO, IT, PL, CN.
        Country: CYSEC, SCB
        Role: NoReg, Auth, NoAuth,
        Author: Artem Dashkov
        ","47429","TC_55!129 (Lang: it) | Bid:55!129-it.de.Auth","tests.US_55_ReTestsManual.artemdashkov","Mon Jun 23 22:54:36 GMT 2025","failed","Mon Jun 23 22:55:23 GMT 2025","TestManualDetected","US_55-artemdashkov_ReTestsManual_test","",""
"
        Check: The page ""what is cryptocurrency trading"" is not opened after clicking the link [Learn more about
            cryptocurrency trading] in the block ""Why trade cryptocurrencies with Capital.com?"" on the page
            ""Cryptocurrencies"" when SCA license is selected.
        Language: AR
        License: SCA
        Author: Kasila
        ","34563","TC_55!270 (Lang: ar) | Bid:55!270-ar.ae.Auth","tests.US_55_ReTestsManual.tassobaccato","Tue Jun 24 00:30:38 GMT 2025","failed","Tue Jun 24 00:31:12 GMT 2025","TestManualDetectedBugs","US_55-tassobaccato_ReTestsManual_test","",""
"
        Check: presence of the sidebar ""Crypto Trading Guide"" on the ""Bitcoin Gold"" page.
        Language: EN, DE, ZH, RU, ES,IT, PL
        License: SCB
        Author: Kasila
        ","29825","TC_55!077b (Lang: es) | Bid:55!077b-es.ua.NoAuth","tests.US_55_ReTestsManual.tassobaccato","Tue Jun 24 00:29:40 GMT 2025","skipped","Tue Jun 24 00:30:10 GMT 2025","TestManualDetectedBugs","US_55-tassobaccato_ReTestsManual_test","",""
"
        Check:  The trading platform is opened, not the page of the corresponding trading instrument
                on the trading platform
        Language: All.
        License: Not FCA
        Author: Artem Dashkov
        ","18395","TC_55!016c (Lang: pl) | Bid:55!016c-pl.de.Auth","tests.US_55_ReTestsManual.artemdashkov","Mon Jun 23 22:39:32 GMT 2025","failed","Mon Jun 23 22:39:51 GMT 2025","TestManualDetected","US_55-artemdashkov_ReTestsManual_test","",""
"
        Check: The page is refreshed after clicking the link “educational app Investmate” in the block “Investmate” on
            the page “Mobile apps” when EN language is selected (SCA license).
        Language: EN
        License: SCA
        Author: Kasila
        ","46725","TC_55!308 (Lang: en) | Bid:55!308-en.ae.NoAuth","tests.US_55_ReTestsManual.tassobaccato","Tue Jun 24 00:33:12 GMT 2025","broken","Tue Jun 24 00:33:59 GMT 2025","TestManualDetectedBugs","US_55-tassobaccato_ReTestsManual_test","",""
"
        Check:  [Learn more about us] anchor doesn't navigate to the ""Learn more about us""
                section on the ""Client funds"" page when clicking on it.
        Language: En.
        License: FCA
        Author: Artem Dashkov
        ","33781","TC_55!031 (Lang: en) | Bid:55!031-en.gb.Auth","tests.US_55_ReTestsManual.artemdashkov","Mon Jun 23 22:43:49 GMT 2025","failed","Mon Jun 23 22:44:23 GMT 2025","TestManualDetected","US_55-artemdashkov_ReTestsManual_test","",""
"
         Check: The ""Trading Conditions"" table is not visible on the page ""Trade Australia 200 - AU200au CFD""
         Language: DE, EN.
         License: ASIC, CYSEC.
         Author: Sergey Aiidzhanov
         ","23826","TC_55!507 (Lang: en) | Bid:55!507-en.de.Auth","tests.US_55_ReTestsManual.saii-d3v","Tue Jun 24 00:11:17 GMT 2025","passed","Tue Jun 24 00:11:41 GMT 2025","TestManualDetectedBugs","US_55-saii-d3v_ReTestsManual_test","",""
"
         Check: Menu section [Markets] > 
                Menu item [Markets analysis] > 
                Article ""Gold price predictions for the next.."" > 
                Click on [Trade now] link > 
                Click on [Close] button
         Language: EN
         License: SCA, FCA, CYSEC or ASIC
         Author: Aleksei Kurochkin
         ","120813","TC_55!634 (Lang: en) | Bid:55!634-en.ae.NoReg","tests.US_55_ReTestsManual.K_Alex_N","Tue Jun 24 02:15:25 GMT 2025","passed","Tue Jun 24 02:17:25 GMT 2025","TestForFixedBugs","US_55_K_Alex_N_ReTestsManual_test","",""
"
        Check:  [Learn more about us] anchor doesn't navigate to the ""Learn more about us""
                section on the ""Client funds"" page when clicking on it.
        Language: En.
        License: FCA
        Author: Artem Dashkov
        ","26503","TC_55!031 (Lang: en) | Bid:55!031-en.gb.NoReg","tests.US_55_ReTestsManual.artemdashkov","Mon Jun 23 22:43:21 GMT 2025","failed","Mon Jun 23 22:43:48 GMT 2025","TestManualDetected","US_55-artemdashkov_ReTestsManual_test","",""
"
         Check: Error message is displayed after clicking the link “NASDAQ stock exchange”
         in the block “GOOGL Company profile” on the page “Trade Alphabet Inc - A - GOOGL CFD”
         Language: EN.
         License: SCB.
         Author: Sergey Aiidzhanov
         ","33578","TC_55!359b (Lang: en) | Bid:55!359b-en.ua.Auth","tests.US_55_ReTestsManual.saii-d3v","Mon Jun 23 23:38:30 GMT 2025","skipped","Mon Jun 23 23:39:04 GMT 2025","TestManualDetectedBugs","US_55-saii-d3v_ReTestsManual_test","",""
"
        Check: Button [Google Play] on the block CFD Trading app
        Language: All.
        License: Not FCA
        Author  : Ivan Kedrov
        ","27052","TC_55!029 (Lang: es) | Bid:55!029-es.de.NoAuth","tests.US_55_ReTestsManual.AlexTomQA","Mon Jun 23 22:37:36 GMT 2025","skipped","Mon Jun 23 22:38:03 GMT 2025","TestManualDetected","US_55-AlexTomQA_ReTestsManual_test","",""
"
        Check: TC_55!386 | Error message “Access denied Error 16 … This request was blocked by our security service …”
                is displayed after clicking the link “contact us in confidence” in the block “Your vulnerability risk”
                on the page “Client vulnerability” when AR language is selected (SCA license).
        Language: AR
        License: SCA
        Author: Kasila
        ","35879","TC_55!386 (Lang: ar) | Bid:55!386-ar.ae.Auth","tests.US_55_ReTestsManual.tassobaccato","Tue Jun 24 00:49:49 GMT 2025","passed","Tue Jun 24 00:50:25 GMT 2025","TestManualDetectedBugs","US_55-tassobaccato_ReTestsManual_test","",""
"
         Check: The page ""Trading products"" is opened after clicking the link [Our mobile Apps]
                in the tile ""Industry-leading features for an industry-leading platform""
                on the page ""Why Capital.com?"" when any language (except EN) is selected
         Language: All, except EN.
         License: SCB.
         Author: Sergey Aiidzhanov
         ","32808","TC_55!288 (Lang: hu) | Bid:55!288-hu.ua.NoAuth","tests.US_55_ReTestsManual.saii-d3v","Mon Jun 23 23:14:22 GMT 2025","skipped","Mon Jun 23 23:14:55 GMT 2025","TestManualDetectedBugs","US_55-saii-d3v_ReTestsManual_test","",""
"
        Check: Button [Google Play] on the block CFD Trading app
        Language: All.
        License: Not FCA
        Author  : Ivan Kedrov
        ","26349","TC_55!029 (Lang: en) | Bid:55!029-en.de.Auth","tests.US_55_ReTestsManual.AlexTomQA","Mon Jun 23 22:35:49 GMT 2025","skipped","Mon Jun 23 22:36:16 GMT 2025","TestManualDetected","US_55-AlexTomQA_ReTestsManual_test","",""
"
        Check: Menu section [Trading] > Menu item [CFD calculator] > ""How to start trading"" block > Click on the
                [Sign up] button > Close the “Sign up” form
        Language: All
        License: All, except SCB (UA country)
        Author: Kasila
        ","26704","TC_55!612 (Lang: de) | Bid:55!612-de.de.NoReg","tests.US_55_ReTestsManual.tassobaccato","Tue Jun 24 01:26:52 GMT 2025","passed","Tue Jun 24 01:27:19 GMT 2025","TestManualDetectedBugs","US_55-tassobaccato_ReTestsManual_test","",""
"
         Check: The page with “404 error” message is displayed
                after clicking the link [تعلّم التداول] (Learn to trade)
                in the tile  [تبدأ الطريق من أوله؟] (Starting from the beginning?)
                on the page ""تعلّم التداول"" (Learn to trade) when AR language is selected
         Language: AR.
         License: SCA.
         Author: Sergey Aiidzhanov
         ","33558","TC_55!272 (Lang: ar) | Bid:55!272-ar.ae.NoAuth","tests.US_55_ReTestsManual.saii-d3v","Mon Jun 23 23:10:53 GMT 2025","failed","Mon Jun 23 23:11:27 GMT 2025","TestManualDetectedBugs","US_55-saii-d3v_ReTestsManual_test","",""
"
         Check: There are no search results on the Search page when any language except EN is selected.
         Language: All, except EN.
         License: CB.
         Author: Sergey Aiidzhanov
         ","34895","TC_55!292 (Lang: hu) | Bid:55!292-hu.ua.NoAuth","tests.US_55_ReTestsManual.saii-d3v","Mon Jun 23 23:17:15 GMT 2025","skipped","Mon Jun 23 23:17:50 GMT 2025","TestManualDetectedBugs","US_55-saii-d3v_ReTestsManual_test","",""
"
         Check: Page '教育' (Education) is opened after click on menu section [新聞和分析] (News and analysis) in CN language.
         Language: CN.
         License: SCB.
         Author: Sergey Aiidzhanov
         ","28840","TC_55!158 (Lang: cn) | Bid:55!158-cn.ua.Auth","tests.US_55_ReTestsManual.saii-d3v","Mon Jun 23 23:06:18 GMT 2025","skipped","Mon Jun 23 23:06:46 GMT 2025","TestManualDetectedBugs","US_55-saii-d3v_ReTestsManual_test","",""
"
         Check: Hover over menu section [Learn] >
                Click the menu item [Market guides] of the menu title [For trading beginners] >
                Click the link “Shares trading guide” >
                Click the link “Learn more about IPOs.” >
                Click the link “liquidity”

         Language: EN
         License: SCA / FCA / ASIC / CYSEC
         Author: Aleksei Kurochkin
         ","29932","TC_55!587 (Lang: en) | Bid:55!587-en.gb.NoReg","tests.US_55_ReTestsManual.K_Alex_N","Tue Jun 24 02:26:59 GMT 2025","broken","Tue Jun 24 02:27:29 GMT 2025","TestManualDetectedBugs","US_55_K_Alex_N_ReTestsManual_test","",""
"
        Check: The page ""what is cryptocurrency trading"" is not opened after clicking the link [Learn more about
            cryptocurrency trading] in the block ""Why trade cryptocurrencies with Capital.com?"" on the page
            ""Cryptocurrencies"" when SCA license is selected.
        Language: AR
        License: SCA
        Author: Kasila
        ","36754","TC_55!270 (Lang: ar) | Bid:55!270-ar.ae.NoAuth","tests.US_55_ReTestsManual.tassobaccato","Tue Jun 24 00:31:13 GMT 2025","failed","Tue Jun 24 00:31:49 GMT 2025","TestManualDetectedBugs","US_55-tassobaccato_ReTestsManual_test","",""
"
         Check: menu section [Pricing]  > 
                menu item [Charges and fees] > 
                block ""Trading"" > 
                click link [Find out more]
         Language: EN
         License: SCA, FCA, CYSEC or ASIC
         Author: Aleksei Kurochkin
         ","28319","TC_55!603 (Lang: en) | Bid:55!603-en.gb.NoReg","tests.US_55_ReTestsManual.K_Alex_N","Tue Jun 24 02:12:12 GMT 2025","passed","Tue Jun 24 02:12:40 GMT 2025","TestForFixedBugs","US_55_K_Alex_N_ReTestsManual_test","",""
"
        Check: Menu section [Trading] > Menu item [CFD calculator] > ""How to start trading"" block > Click on the
                [Sign up] button > Close the “Sign up” form
        Language: All
        License: All, except SCB (UA country)
        Author: Kasila
        ","49109","TC_55!612 (Lang: ar) | Bid:55!612-ar.ae.NoAuth","tests.US_55_ReTestsManual.tassobaccato","Tue Jun 24 01:28:10 GMT 2025","passed","Tue Jun 24 01:28:59 GMT 2025","TestManualDetectedBugs","US_55-tassobaccato_ReTestsManual_test","",""
"
         Check: The block ""Trading for beginners"" on the page ""Learn"" is not in viewport
         after clicking the link ""Learn to trade"" on the page ""Why Capital.com?""
         Language: AR.
         License: SCA.
         Author: Sergey Aiidzhanov
         ","32062","TC_55!372 (Lang: ar) | Bid:55!372-ar.ae.NoReg","tests.US_55_ReTestsManual.saii-d3v","Mon Jun 23 23:43:28 GMT 2025","failed","Mon Jun 23 23:44:00 GMT 2025","TestManualDetectedBugs","US_55-saii-d3v_ReTestsManual_test","",""
"
         Check: Error message is displayed after clicking the link ""support and resistance""
         of the block “How to trade using RSI and other indicators”
         on the page “RSI trading strategy: An educational guide”
         Language: EN.
         License: CB.
         Author: Sergey Aiidzhanov
         ","37000","TC_55!332b (Lang: en) | Bid:55!332b-en.ua.Auth","tests.US_55_ReTestsManual.saii-d3v","Mon Jun 23 23:32:42 GMT 2025","skipped","Mon Jun 23 23:33:19 GMT 2025","TestManualDetectedBugs","US_55-saii-d3v_ReTestsManual_test","",""
"
        Check:  Menu section  [Trading] (Trading) >
                Menu item [Applications mobiles] (Mobile apps) >
                Click the link “CFD” in the block
                “Les applications mobiles de Capital.com” (Capital.com mobile apps) >

        Language: FR, IT
        License/Country: CYSEC
        Role: NoReg, NoAuth, Auth
        Author: podchasova11
        ","49487","TC_55!594 (Lang: de) | Bid:55!594-de.de.Auth","tests.US_55_ReTestsManual.mila_podchasova","Tue Jun 24 02:10:30 GMT 2025","failed","Tue Jun 24 02:11:19 GMT 2025","TestManualDetectedBugs","US_55-mila_podchasova_ReTestsManual_test","",""
"
        Check: Menu section [Learn] > Menu item [Trading essentials] > Block ""FAQs"" > click on the link
                [learning about trading]/[learn] in the expanded title ""Can you make money day trading?""
        Language: AR
        License: SCA
        Author: Kasila
        ","54851","TC_55!440 (Lang: ar) | Bid:55!440-ar.ae.NoAuth","tests.US_55_ReTestsManual.tassobaccato","Tue Jun 24 01:10:25 GMT 2025","broken","Tue Jun 24 01:11:20 GMT 2025","TestManualDetectedBugs","US_55-tassobaccato_ReTestsManual_test","",""
"
        Check: The page ""what is cryptocurrency trading"" is not opened after clicking the link [Learn more about
            cryptocurrency trading] in the block ""Why trade cryptocurrencies with Capital.com?"" on the page
            ""Cryptocurrencies"" when SCA license is selected.
        Language: AR
        License: SCA
        Author: Kasila
        ","27275","TC_55!270 (Lang: ar) | Bid:55!270-ar.ae.NoReg","tests.US_55_ReTestsManual.tassobaccato","Tue Jun 24 00:30:10 GMT 2025","failed","Tue Jun 24 00:30:37 GMT 2025","TestManualDetectedBugs","US_55-tassobaccato_ReTestsManual_test","",""
"
         Check:
         Language: NL.
         License: CYSEC.
         Author: Sergey Aiidzhanov
         ","46345","TC_55!654 (Lang: nl) | Bid:55!654-nl.nl.NoAuth","tests.US_55_ReTestsManual.saii-d3v","Tue Jun 24 00:21:26 GMT 2025","broken","Tue Jun 24 00:22:13 GMT 2025","TestManualDetectedBugs","US_55-saii-d3v_ReTestsManual_test","",""
"
         Check: “Support” chat window is not opened after click on the “Support” button
         and this button disappears after the second clicking on it on any page
         after changing the language of the site (e.g. from EN to AR) (SCA license).
         Language: AR, EN.
         License: SCA.
         Author: Sergey Aiidzhanov
         ","25844","TC_55!330 (Lang: en) | Bid:55!330-en.ae.NoAuth","tests.US_55_ReTestsManual.saii-d3v","Mon Jun 23 23:29:32 GMT 2025","broken","Mon Jun 23 23:29:58 GMT 2025","TestManualDetectedBugs","US_55-saii-d3v_ReTestsManual_test","",""
"
        Check: Menu section [Learn] > Menu item  [Market guides] > Click the link “Shares trading guide”
                > Сlick the link “Netflix” > Сlick the link “Trade Coca-Cola shares”
                > Сlick the link “KO” in the block “Performance of the Coca-Cola stock in recent years”
        Language: EN
        License: FCA
        Author: Kasila
        ","46717","TC_55!624 (Lang: en) | Bid:55!624-en.ae.Auth","tests.US_55_ReTestsManual.tassobaccato","Tue Jun 24 01:33:49 GMT 2025","passed","Tue Jun 24 01:34:36 GMT 2025","TestManualDetectedBugs","US_55-tassobaccato_ReTestsManual_test","",""
"
        Check: Menu section [Trading] > Menu item [CFD trading] > Click the link [Go CFD trading guide] in  the block
                ""Read more before you trade"" > Check links in the block ""What is a contract for difference (CFD)?""
        Language: EN, AR, DE
        License: ASIC, SCA, CYSEC
        Author: Kasila
        ","25884","TC_55!432 (Lang: de) | Bid:55!432-de.de.NoAuth","tests.US_55_ReTestsManual.tassobaccato","Tue Jun 24 01:08:12 GMT 2025","failed","Tue Jun 24 01:08:38 GMT 2025","TestManualDetectedBugs","US_55-tassobaccato_ReTestsManual_test","",""
"
         Check: The old version of the page ""US Tech 100 index trading guide"" is opened
         instead of the new one on FCA/SCA licences
         Language: EN.
         License: FCA, SCA.
         Author: Sergey Aiidzhanov
         ","43969","TC_55!433 (Lang: en) | Bid:55!433-en.ae.NoAuth","tests.US_55_ReTestsManual.saii-d3v","Tue Jun 24 00:07:14 GMT 2025","failed","Tue Jun 24 00:07:58 GMT 2025","TestManualDetectedBugs","US_55-saii-d3v_ReTestsManual_test","",""
"
        Check: TC_55!380 | The relevant pages of ""Social networks"" aren't opened after clicking the Social Network Icons
                when EN language and SCA license are selected.
        Language: EN
        License: SCA
        Author: Kasila
        ","33013","TC_55!380 (Lang: en) | Bid:55!380-en.ae.NoAuth","tests.US_55_ReTestsManual.tassobaccato","Tue Jun 24 00:48:45 GMT 2025","failed","Tue Jun 24 00:49:18 GMT 2025","TestManualDetectedBugs","US_55-tassobaccato_ReTestsManual_test","",""
"
        Check: Filters application in the 'Live shares prices' widget
        Language: All
        License: SCB
        Author: Kasila
        ","28340","TC_55!048 (Lang: hu) | Bid:55!048-hu.ua.NoReg","tests.US_55_ReTestsManual.tassobaccato","Tue Jun 24 00:23:32 GMT 2025","skipped","Tue Jun 24 00:24:01 GMT 2025","TestManualDetectedBugs","US_55-tassobaccato_ReTestsManual_test","",""
"
         Check: Login form is opened instead of Sign-up form after clicking the button [Apply]
                in the Block 'Leverage Limits Professional Clients' on page 'Professional Account'
         Language: All, except EL.
         License: CYSEC.
         Author: Sergey Aiidzhanov
         ","18516","TC_55!076 (Lang: ru) | Bid:55!076-ru.de.NoReg","tests.US_55_ReTestsManual.saii-d3v","Mon Jun 23 23:03:18 GMT 2025","failed","Mon Jun 23 23:03:37 GMT 2025","TestManualDetectedBugs","US_55-saii-d3v_ReTestsManual_test","",""
"
        Check: Menu section [Learn] > Menu item [Market guides] > Click on the “Oil trading guide” link >
                Сlick the [Try demo]/[Start oil trading] button > Close the “Sign up” form
        Language: All
        License: All, except SCB (UA country)
        Author: Kasila
        ","25761","TC_55!604 (Lang: en) | Bid:55!604-en.ae.NoAuth","tests.US_55_ReTestsManual.tassobaccato","Tue Jun 24 01:23:14 GMT 2025","broken","Tue Jun 24 01:23:40 GMT 2025","TestManualDetectedBugs","US_55-tassobaccato_ReTestsManual_test","",""
"
        Check: Filters application in the 'Live shares prices' widget
        Language: All
        License: SCB
        Author: Kasila
        ","31669","TC_55!048 (Lang: de) | Bid:55!048-de.ua.NoAuth","tests.US_55_ReTestsManual.tassobaccato","Tue Jun 24 00:25:41 GMT 2025","skipped","Tue Jun 24 00:26:13 GMT 2025","TestManualDetectedBugs","US_55-tassobaccato_ReTestsManual_test","",""
"
         Check: “Support” chat window is not opened after click on the “Support” button
         and this button disappears after the second clicking on it on any page
         after changing the language of the site (e.g. from EN to AR) (SCA license).
         Language: AR, EN.
         License: SCA.
         Author: Sergey Aiidzhanov
         ","26260","TC_55!330 (Lang: en) | Bid:55!330-en.ae.NoReg","tests.US_55_ReTestsManual.saii-d3v","Mon Jun 23 23:30:39 GMT 2025","broken","Mon Jun 23 23:31:05 GMT 2025","TestManualDetectedBugs","US_55-saii-d3v_ReTestsManual_test","",""
"
        Check:  Click to the dropdown [Regional settings] > Click to the dropdown [Countries] >
                Click the [Search] input field > Enter value ""Honk"" > Check that country 'Honk Kong & Taiwan'
                displayed in search results

        Language: EN - FCA, SCA; AR - SCA
        License/Country: FCA, SCA
        Role: NoReg, NoAuth, Auth
        Author: podchasova11
        ","36031","TC_55!363 (Lang: en) | Bid:55!363-en.au.NoAuth","tests.US_55_ReTestsManual.mila_podchasova","Tue Jun 24 02:03:14 GMT 2025","failed","Tue Jun 24 02:03:50 GMT 2025","TestManualDetectedBugs","US_55-mila_podchasova_ReTestsManual_test","",""
"
        Check: Menu section [Trading] > Menu item [CFD calculator] > ""How to start trading"" block > Click on the
                [Sign up] button > Close the “Sign up” form
        Language: All
        License: All, except SCB (UA country)
        Author: Kasila
        ","24962","TC_55!612 (Lang: en) | Bid:55!612-en.au.NoReg","tests.US_55_ReTestsManual.tassobaccato","Tue Jun 24 01:26:27 GMT 2025","passed","Tue Jun 24 01:26:52 GMT 2025","TestManualDetectedBugs","US_55-tassobaccato_ReTestsManual_test","",""
"
         Check: The page with “404 error” message is displayed
                after clicking the link [تعلّم التداول] (Learn to trade)
                in the tile [ترغب في تحسين استراتيجياتك؟] (Looking to sharpen your strategies?)
                on the page ""تعلّم التداول"" (Learn to trade) when AR language is selected
         Language: AR.
         License: SCA.
         Author: Sergey Aiidzhanov
         ","39957","TC_55!273 (Lang: ar) | Bid:55!273-ar.ae.NoAuth","tests.US_55_ReTestsManual.saii-d3v","Mon Jun 23 23:12:38 GMT 2025","failed","Mon Jun 23 23:13:18 GMT 2025","TestManualDetectedBugs","US_55-saii-d3v_ReTestsManual_test","",""
"
        Check:  The trading platform is opened, not the page of the corresponding trading instrument
                on the trading platform
        Language: All.
        License: Not FCA
        Author: Artem Dashkov
        ","18882","TC_55!016c (Lang: hu) | Bid:55!016c-hu.de.Auth","tests.US_55_ReTestsManual.artemdashkov","Mon Jun 23 22:39:52 GMT 2025","failed","Mon Jun 23 22:40:11 GMT 2025","TestManualDetected","US_55-artemdashkov_ReTestsManual_test","",""
"
         Check: There are no search results on the Search page when any language except EN is selected.
         Language: All, except EN.
         License: CB.
         Author: Sergey Aiidzhanov
         ","34744","TC_55!292 (Lang: ru) | Bid:55!292-ru.ua.NoAuth","tests.US_55_ReTestsManual.saii-d3v","Mon Jun 23 23:18:45 GMT 2025","skipped","Mon Jun 23 23:19:20 GMT 2025","TestManualDetectedBugs","US_55-saii-d3v_ReTestsManual_test","",""
"
         Check: The page is refreshed instead of opening the Login form after clicking the [Log In] button
                on the Search page
         Language: All.
         License: SCB.
         Author: Sergey Aiidzhanov
         ","32161","TC_55!053 (Lang: hu) | Bid:55!053-hu.ua.NoAuth","tests.US_55_ReTestsManual.saii-d3v","Mon Jun 23 23:00:43 GMT 2025","skipped","Mon Jun 23 23:01:15 GMT 2025","TestManualDetectedBugs","US_55-saii-d3v_ReTestsManual_test","",""
"
         Check: Web pages with URLs of the FCA license are opened
                in menu item [Risk-management guide] when click on the link [broker]
         Language: EN
         License: ASIC, SCA, CYSEC
         Author: Aleksei Kurochkin
         ","18329","TC_55!467 (Lang: en) | Bid:55!467-en.au.NoReg","tests.US_55_ReTestsManual.K_Alex_N","Tue Jun 24 02:20:57 GMT 2025","failed","Tue Jun 24 02:21:15 GMT 2025","TestManualDetectedBugs","US_55_K_Alex_N_ReTestsManual_test","",""
"
        Check: presence of the sidebar ""Crypto Trading Guide"" on the ""Bitcoin Gold"" page.
        Language: EN, DE, ZH, RU, ES,IT, PL
        License: SCB
        Author: Kasila
        ","20646","TC_55!077b (Lang: es) | Bid:55!077b-es.ua.Auth","tests.US_55_ReTestsManual.tassobaccato","Tue Jun 24 00:29:20 GMT 2025","skipped","Tue Jun 24 00:29:40 GMT 2025","TestManualDetectedBugs","US_55-tassobaccato_ReTestsManual_test","",""
"
         Check: The block ""Trading for beginners"" on the page ""Learn"" is not in viewport
         after clicking the link ""Learn to trade"" on the page ""Why Capital.com?""
         Language: AR.
         License: SCA.
         Author: Sergey Aiidzhanov
         ","43950","TC_55!372 (Lang: ar) | Bid:55!372-ar.ae.Auth","tests.US_55_ReTestsManual.saii-d3v","Mon Jun 23 23:42:05 GMT 2025","failed","Mon Jun 23 23:42:49 GMT 2025","TestManualDetectedBugs","US_55-saii-d3v_ReTestsManual_test","",""
"
        Check:  Sign up/log in/forms or the transition to the trading platform are
                not opened after clicking the [Try now] button in ""Why choose
                Capital.com?.."" Block in the menu item [Our Mobile Apps]
        Language: All.
        License: Not FCA
        Author: Artem Dashkov
        ","34986","TC_55!017 (Lang: hu) | Bid:55!017-hu.de.Auth","tests.US_55_ReTestsManual.artemdashkov","Mon Jun 23 22:40:43 GMT 2025","failed","Mon Jun 23 22:41:18 GMT 2025","TestManualDetected","US_55-artemdashkov_ReTestsManual_test","",""
"
         Check: The main page in EN language is opened after click on the link [Go to all commodities]
                on the ""Commodities trading"" page when AR, IT, NL, PL, RO, CN language is selected
         Language: AR, IT, NL, PL, RO, CN.
         License: SCB.
         Author: Sergey Aiidzhanov
         ","31674","TC_55!052 (Lang: ro) | Bid:55!052-ro.ua.NoAuth","tests.US_55_ReTestsManual.saii-d3v","Mon Jun 23 22:58:39 GMT 2025","skipped","Mon Jun 23 22:59:11 GMT 2025","TestManualDetectedBugs","US_55-saii-d3v_ReTestsManual_test","",""
"
        Check: Clicking [numeric values] in the Buy column in Menu tittle Markets does not open the
                Sign-Up /Login form or page of the corresponding trading instrument on the trading platform using
                English or Arabic language.
        Language: EN, AR
        License: SCA
        Author: Kasila
        ","24977","TC_55!322b (Lang: ar) | Bid:55!322b-ar.ae.NoAuth","tests.US_55_ReTestsManual.tassobaccato","Tue Jun 24 00:40:59 GMT 2025","failed","Tue Jun 24 00:41:24 GMT 2025","TestManualDetectedBugs","US_55-tassobaccato_ReTestsManual_test","",""
"
         Check: The Investmate page does not open after click link “Investmate”'
        ' in the block “Discover trading.” on the page “Why Capital.com?”
         Language: ALL.
         License: CYSEC, SCB.
         Author: podchasova11
         ","43151","TC_55!315 (Lang: en) | Bid:55!315-en.de.Auth","tests.US_55_ReTestsManual.mila_podchasova","Tue Jun 24 01:53:42 GMT 2025","failed","Tue Jun 24 01:54:25 GMT 2025","TestManualDetectedBugs","US_55-mila_podchasova_ReTestsManual_test","",""
"
         Check: The Investmate page does not open after click link “Investmate”'
        ' in the block “Discover trading.” on the page “Why Capital.com?”
         Language: ALL.
         License: CYSEC, SCB.
         Author: podchasova11
         ","47289","TC_55!315 (Lang: en) | Bid:55!315-en.de.NoAuth","tests.US_55_ReTestsManual.mila_podchasova","Tue Jun 24 01:54:26 GMT 2025","failed","Tue Jun 24 01:55:14 GMT 2025","TestManualDetectedBugs","US_55-mila_podchasova_ReTestsManual_test","",""
"
         Check: The Search field in the header is not opened after performed search
         Language: All.
         License: SCB.
         Author: Sergey Aiidzhanov
         ","29377","TC_55!160 (Lang: ru) | Bid:55!160-ru.ua.NoAuth","tests.US_55_ReTestsManual.saii-d3v","Mon Jun 23 23:09:27 GMT 2025","skipped","Mon Jun 23 23:09:56 GMT 2025","TestManualDetectedBugs","US_55-saii-d3v_ReTestsManual_test","",""
"
         Check: The Trading Guides page is not opened after clicking the link [Handelsleitfäden] (trading guides)
         on the page [Demo-Konto] (Demo Account) in DE lang
         Language: DE.
         License: SCB.
         Author: Sergey Aiidzhanov
         ","31776","TC_55!085 (Lang: de) | Bid:55!085-de.ua.NoAuth","tests.US_55_ReTestsManual.saii-d3v","Mon Jun 23 23:04:09 GMT 2025","skipped","Mon Jun 23 23:04:41 GMT 2025","TestManualDetectedBugs","US_55-saii-d3v_ReTestsManual_test","",""
"
         Check: Error message is displayed after clicking the link “NASDAQ stock exchange”
         in the block “GOOGL Company profile” on the page “Trade Alphabet Inc - A - GOOGL CFD”
         Language: EN.
         License: SCB.
         Author: Sergey Aiidzhanov
         ","33937","TC_55!359b (Lang: en) | Bid:55!359b-en.ua.NoAuth","tests.US_55_ReTestsManual.saii-d3v","Mon Jun 23 23:39:04 GMT 2025","skipped","Mon Jun 23 23:39:38 GMT 2025","TestManualDetectedBugs","US_55-saii-d3v_ReTestsManual_test","",""
"
        Check: Menu section [Markets] > Menu item [Market analysis] > Article ""Solana price prediction: Can SOL
                rebound?"" > Click on the [Could Solana become a Cardano side-chain?] item in the ""Table of Contents"" >
                Click on the [announced] link in the text
        Language: EN
        License: ASIC
        Author: Kasila
        ","162601","TC_55!514 (Lang: en) | Bid:55!514-en.au.NoAuth","tests.US_55_ReTestsManual.tassobaccato","Tue Jun 24 01:17:09 GMT 2025","broken","Tue Jun 24 01:19:51 GMT 2025","TestManualDetectedBugs","US_55-tassobaccato_ReTestsManual_test","",""
"
        Check: Menu section [Trading] > Menu item [CFD calculator] > ""How to start trading"" block > Click on the
                [Sign up] button > Close the “Sign up” form
        Language: All
        License: All, except SCB (UA country)
        Author: Kasila
        ","20746","TC_55!612 (Lang: en) | Bid:55!612-en.de.NoAuth","tests.US_55_ReTestsManual.tassobaccato","Tue Jun 24 01:30:03 GMT 2025","passed","Tue Jun 24 01:30:24 GMT 2025","TestManualDetectedBugs","US_55-tassobaccato_ReTestsManual_test","",""
"
        Check: presence of the sidebar ""Crypto Trading Guide"" on the ""Bitcoin Gold"" page.
        Language: EN, DE, ZH, RU, ES,IT, PL
        License: SCB
        Author: Kasila
        ","19973","TC_55!077b (Lang: ru) | Bid:55!077b-ru.ua.Auth","tests.US_55_ReTestsManual.tassobaccato","Tue Jun 24 00:28:02 GMT 2025","skipped","Tue Jun 24 00:28:22 GMT 2025","TestManualDetectedBugs","US_55-tassobaccato_ReTestsManual_test","",""
"
         Check: The old version of the page ""US Tech 100 index trading guide"" is opened
         instead of the new one on FCA/SCA licences
         Language: EN.
         License: FCA, SCA.
         Author: Sergey Aiidzhanov
         ","39055","TC_55!433 (Lang: en) | Bid:55!433-en.ae.Auth","tests.US_55_ReTestsManual.saii-d3v","Tue Jun 24 00:06:08 GMT 2025","failed","Tue Jun 24 00:06:47 GMT 2025","TestManualDetectedBugs","US_55-saii-d3v_ReTestsManual_test","",""
"
         Check: Error message is displayed after clicking the link ""Stochastic Oscillator""
         of the block “How to trade using RSI and other indicators”
         on the page “RSI trading strategy: An educational guide”
         Language: EN.
         License: CB.
         Author: Sergey Aiidzhanov
         ","37101","TC_55!332a (Lang: en) | Bid:55!332a-en.ua.Auth","tests.US_55_ReTestsManual.saii-d3v","Mon Jun 23 23:31:05 GMT 2025","skipped","Mon Jun 23 23:31:42 GMT 2025","TestManualDetectedBugs","US_55-saii-d3v_ReTestsManual_test","",""
"
         Check: Error message is displayed after clicking the link ""أكثر"" (More)
         in the tile ""العملات المشفرة"" (Cryptocurrencies) on the page ""تجريبي"" (Demo)
         when AR language and SCA license is selected
         Language: AR.
         License: SCA.
         Author: Sergey Aiidzhanov
         ","43325","TC_55!305 (Lang: ar) | Bid:55!305-ar.ae.Auth","tests.US_55_ReTestsManual.saii-d3v","Mon Jun 23 23:22:17 GMT 2025","failed","Mon Jun 23 23:23:00 GMT 2025","TestManualDetectedBugs","US_55-saii-d3v_ReTestsManual_test","",""
"
         Check: FCA license is selected instead of ASIC/CYSEC/SCA on trading instrument page
         after clicking any of trading instrument links
         on the page “Lloyds forecast: will Lloyds share price return to £1? Third party data forecast”
         Language: EN.
         License: SCA.
         Author: Sergey Aiidzhanov
         ","90593","TC_55!378 (Lang: en) | Bid:55!378-en.au.NoAuth","tests.US_55_ReTestsManual.saii-d3v","Mon Jun 23 23:55:48 GMT 2025","failed","Mon Jun 23 23:57:18 GMT 2025","TestManualDetectedBugs","US_55-saii-d3v_ReTestsManual_test","",""
"
         Check: The old version of the page ""US Tech 100 index trading guide"" is opened
         instead of the new one on FCA/SCA licences
         Language: EN.
         License: FCA, SCA.
         Author: Sergey Aiidzhanov
         ","26126","TC_55!433 (Lang: en) | Bid:55!433-en.gb.NoAuth","tests.US_55_ReTestsManual.saii-d3v","Tue Jun 24 00:07:59 GMT 2025","failed","Tue Jun 24 00:08:25 GMT 2025","TestManualDetectedBugs","US_55-saii-d3v_ReTestsManual_test","",""
"
        Check: Menu section [Trading] > Menu item [CFD calculator]
                > Click the link “overnight funding, spread costs” in the block “Trading calculator”
        Language: EN
        License: ASIC
        Author: Kasila
        ","32087","TC_55!627 (Lang: en) | Bid:55!627-en.au.NoReg","tests.US_55_ReTestsManual.tassobaccato","Tue Jun 24 01:36:57 GMT 2025","failed","Tue Jun 24 01:37:30 GMT 2025","TestManualDetectedBugs","US_55-tassobaccato_ReTestsManual_test","",""
"
        Check: Clicking [numeric values] in the Buy column in Menu tittle Markets does not open the
                Sign-Up /Login form or page of the corresponding trading instrument on the trading platform using
                English or Arabic language.
        Language: EN, AR
        License: SCA
        Author: Kasila
        ","56425","TC_55!322b (Lang: en) | Bid:55!322b-en.ae.NoAuth","tests.US_55_ReTestsManual.tassobaccato","Tue Jun 24 00:40:03 GMT 2025","failed","Tue Jun 24 00:40:59 GMT 2025","TestManualDetectedBugs","US_55-tassobaccato_ReTestsManual_test","",""
"
        Check: Menu section [Trading] > Menu item [CFD calculator] > ""How to start trading"" block > Click on the
                [Sign up] button > Close the “Sign up” form
        Language: All
        License: All, except SCB (UA country)
        Author: Kasila
        ","21291","TC_55!612 (Lang: en) | Bid:55!612-en.ae.NoAuth","tests.US_55_ReTestsManual.tassobaccato","Tue Jun 24 01:28:59 GMT 2025","passed","Tue Jun 24 01:29:21 GMT 2025","TestManualDetectedBugs","US_55-tassobaccato_ReTestsManual_test","",""
"
        Check: Main page > tab [Corporate] > block “Why Open a Corporate Account with Capital.com?”  > Pay attention to
                the value of the ""Active clients monthly"" item
        Language: EN
        License: ASIC
        Author: Kasila
        ","35994","TC_55!399b (Lang: en) | Bid:55!399b-en.au.Auth","tests.US_55_ReTestsManual.tassobaccato","Tue Jun 24 00:55:01 GMT 2025","failed","Tue Jun 24 00:55:37 GMT 2025","TestManualDetectedBugs","US_55-tassobaccato_ReTestsManual_test","",""
"
        Check:  Menu section  [الأسواق ] (Learn) >
                Menu item [ استراتيجيات التداول ](Trading Strategies) >
                Scroll down to the block “Our most-read trading guides” >
                Click the link  [دليل التداول بالهامش ] (Margin trading guide) >
                Scroll down to the block “الأسئلة الشائعة” (FAQs) >
                Сlick the header of accordion “ما هو التداول بالهامش مع الشرح بمثال؟” (“What is the margin ...”) >
                Click the link [ عقود الفروقات على الفضة ] (“silver CFDs”)

        Language: AR
        License/Country: SCA
        Role: NoReg, NoAuth, Auth
        Author: podchasova11
        ","34570","TC_55!408 (Lang: ar) | Bid:55!408-ar.ae.NoReg","tests.US_55_ReTestsManual.mila_podchasova","Tue Jun 24 02:05:46 GMT 2025","failed","Tue Jun 24 02:06:20 GMT 2025","TestManualDetectedBugs","US_55-mila_podchasova_ReTestsManual_test","",""
"
         Check: Sign up form is opened instead of Login
         on the page ""Charges and fees"" after clicking the button [Start trading now]
         Language: EN.
         License: FCA.
         Author: Sergey Aiidzhanov
         ","49835","TC_55!414 (Lang: en) | Bid:55!414-en.gb.NoAuth","tests.US_55_ReTestsManual.saii-d3v","Tue Jun 24 00:03:42 GMT 2025","failed","Tue Jun 24 00:04:32 GMT 2025","TestManualDetectedBugs","US_55-saii-d3v_ReTestsManual_test","",""
"
         Check: menu section [Pricing]  > 
                menu item [Charges and fees] > 
                block ""Trading"" > 
                click link [Find out more]
         Language: EN
         License: SCA, FCA, CYSEC or ASIC
         Author: Aleksei Kurochkin
         ","15515","TC_55!603 (Lang: en) | Bid:55!603-en.ae.NoReg","tests.US_55_ReTestsManual.K_Alex_N","Tue Jun 24 02:12:40 GMT 2025","passed","Tue Jun 24 02:12:55 GMT 2025","TestForFixedBugs","US_55_K_Alex_N_ReTestsManual_test","",""
"
         Check: The page with 404 error message is displayed after clicking any link
         of the block ""Az árutőzsdei kereskedés alapjai"" (The essentials of commodities trading)
         on the ""Árucikkek"" (Commodities) page
         Language: HU.
         License: CYSEC.
         Author: Sergey Aiidzhanov
         ","42499","TC_55!651 (Lang: hu) | Bid:55!651-hu.hu.NoAuth","tests.US_55_ReTestsManual.saii-d3v","Tue Jun 24 00:19:21 GMT 2025","broken","Tue Jun 24 00:20:04 GMT 2025","TestManualDetectedBugs","US_55-saii-d3v_ReTestsManual_test","",""
"
         Check: The page with error is opened after clicking the link ""WhatsApp"" on the page [Client funds]
         Language: EN.
         License: FCA.
         Author: Sergey Aiidzhanov
         ","33784","TC_55!416 (Lang: en) | Bid:55!416-en.gb.NoAuth","tests.US_55_ReTestsManual.saii-d3v","Tue Jun 24 00:05:11 GMT 2025","passed","Tue Jun 24 00:05:45 GMT 2025","TestManualDetectedBugs","US_55-saii-d3v_ReTestsManual_test","",""
"
        Check: Clicking [numeric values] in the Buy column in Menu tittle Markets does not open the
                Sign-Up /Login form or page of the corresponding trading instrument on the trading platform using
                English or Arabic language.
        Language: EN, AR
        License: SCA
        Author: Kasila
        ","52513","TC_55!322b (Lang: en) | Bid:55!322b-en.ae.Auth","tests.US_55_ReTestsManual.tassobaccato","Tue Jun 24 00:38:46 GMT 2025","failed","Tue Jun 24 00:39:39 GMT 2025","TestManualDetectedBugs","US_55-tassobaccato_ReTestsManual_test","",""
"
        Check: Menu section [Trading] > Menu item [CFD trading] > Click the link [Go CFD trading guide] in  the block
                ""Read more before you trade"" > Check links in the block ""What is a contract for difference (CFD)?""
        Language: EN, AR, DE
        License: ASIC, SCA, CYSEC
        Author: Kasila
        ","24533","TC_55!432 (Lang: en) | Bid:55!432-en.ae.NoAuth","tests.US_55_ReTestsManual.tassobaccato","Tue Jun 24 01:07:15 GMT 2025","failed","Tue Jun 24 01:07:39 GMT 2025","TestManualDetectedBugs","US_55-tassobaccato_ReTestsManual_test","",""
"
        Check: TC_55!380 | The relevant pages of ""Social networks"" aren't opened after clicking the Social Network Icons
                when EN language and SCA license are selected.
        Language: EN
        License: SCA
        Author: Kasila
        ","32973","TC_55!380 (Lang: en) | Bid:55!380-en.ae.Auth","tests.US_55_ReTestsManual.tassobaccato","Tue Jun 24 00:48:12 GMT 2025","failed","Tue Jun 24 00:48:45 GMT 2025","TestManualDetectedBugs","US_55-tassobaccato_ReTestsManual_test","",""
"
        Check: Button [Create account] button in the Menu item [Trading Courses]
        Language: All.
        License: Not FCA
        Author  : Ivan Kedrov
        ","2","TC_55!062 (Lang: es) | Bid:55!062-es.au.Auth","tests.US_55_ReTestsManual.AlexTomQA","Mon Jun 23 22:38:03 GMT 2025","skipped","Mon Jun 23 22:38:03 GMT 2025","TestManualDetected","US_55-AlexTomQA_ReTestsManual_test","",""
"
         Check: The corresponding video does not open after click on the banner ""Market outlook with David Jones""
         Language: ALL.
         License: SCB.
         Author: Sergey Aiidzhanov
         ","2","TC_55!366 (Lang: hu) | Bid:55!366-hu.ua.NoReg","tests.US_55_ReTestsManual.saii-d3v","Mon Jun 23 23:42:05 GMT 2025","skipped","Mon Jun 23 23:42:05 GMT 2025","TestManualDetectedBugs","US_55-saii-d3v_ReTestsManual_test","",""
"
        Check: Web pages with URLs of the FCA license are opened after clicking any of 5 links in the block “Italy 40”
            on the page “Italy 40” when SCA license and EN language is selected.
        Language: EN
        License: SCA
        Author: Kasila
        ","48782","TC_55!360 (Lang: en) | Bid:55!360-en.ae.NoAuth","tests.US_55_ReTestsManual.tassobaccato","Tue Jun 24 00:42:53 GMT 2025","failed","Tue Jun 24 00:43:42 GMT 2025","TestManualDetectedBugs","US_55-tassobaccato_ReTestsManual_test","",""
"
         Check: Scrolling is disabled after changing one CYSEC country to another
         Language: EN.
         License: CYSEC.
         Author: Sergey Aiidzhanov
         ","38186","TC_55!613 (Lang: en) | Bid:55!613-en.se.NoAuth","tests.US_55_ReTestsManual.saii-d3v","Tue Jun 24 00:17:14 GMT 2025","broken","Tue Jun 24 00:17:52 GMT 2025","TestManualDetectedBugs","US_55-saii-d3v_ReTestsManual_test","",""
"
        Check:  Click to the dropdown [Regional settings] > Click to the dropdown [Countries] >
                Click the [Search] input field > Enter value ""Honk"" > Check that country 'Honk Kong & Taiwan'
                displayed in search results

        Language: EN - FCA, SCA; AR - SCA
        License/Country: FCA, SCA
        Role: NoReg, NoAuth, Auth
        Author: podchasova11
        ","52079","TC_55!363 (Lang: ar) | Bid:55!363-ar.ae.NoAuth","tests.US_55_ReTestsManual.mila_podchasova","Tue Jun 24 02:01:21 GMT 2025","failed","Tue Jun 24 02:02:13 GMT 2025","TestManualDetectedBugs","US_55-mila_podchasova_ReTestsManual_test","",""
"
        Check: Main page > Menu items of the menu section [Pricing] in the ""Footer""
        Language: EN
        License: SCA, ASIC
        Author: Kasila
        ","36439","TC_55!420 (Lang: en) | Bid:55!420-en.ae.Auth","tests.US_55_ReTestsManual.tassobaccato","Tue Jun 24 01:00:24 GMT 2025","broken","Tue Jun 24 01:01:01 GMT 2025","TestManualDetectedBugs","US_55-tassobaccato_ReTestsManual_test","",""
"
         Check: There are no search results on the Search page when any language except EN is selected.
         Language: All, except EN.
         License: CB.
         Author: Sergey Aiidzhanov
         ","33967","TC_55!292 (Lang: hu) | Bid:55!292-hu.ua.Auth","tests.US_55_ReTestsManual.saii-d3v","Mon Jun 23 23:16:41 GMT 2025","skipped","Mon Jun 23 23:17:15 GMT 2025","TestManualDetectedBugs","US_55-saii-d3v_ReTestsManual_test","",""
"
        Check: Field [email] in Sign up form
        Language: All.
        License/Country: de/CYSEC, au/ASIC,
        Role: NoReg, NoAuth,
        Login: ['КИРИЛЛИЦА_без_пробелов@gmail.com', 'LATIN with space@gmail.com'],
        Password: ['VALID_password44!']
        Author: Artem Dashkov
        ","34612","TC_55!045a (Lang: hu) | Bid:55!045a-hu.de.NoReg","tests.US_55_ReTestsManual.artemdashkov","Mon Jun 23 22:48:37 GMT 2025","failed","Mon Jun 23 22:49:12 GMT 2025","TestManualDetected","US_55-artemdashkov_ReTestsManual_test","",""
"
         Check: FCA license is selected instead of ASIC/CYSEC/SCA on trading instrument page
         after clicking any of trading instrument links
         on the page “Lloyds forecast: will Lloyds share price return to £1? Third party data forecast”
         Language: EN.
         License: SCA.
         Author: Sergey Aiidzhanov
         ","91487","TC_55!378 (Lang: en) | Bid:55!378-en.au.Auth","tests.US_55_ReTestsManual.saii-d3v","Mon Jun 23 23:54:16 GMT 2025","failed","Mon Jun 23 23:55:47 GMT 2025","TestManualDetectedBugs","US_55-saii-d3v_ReTestsManual_test","",""
"
         Check: Error message “DNS_PROBE_FINISHED_NXDOMAIN” is displayed
         after clicking any of 12 links in the text on the page “Stock Market Trading Hours”
         when EN language is selected
         Language: EN.
         License: SCA.
         Author: Sergey Aiidzhanov
         ","95414","TC_55!307 (Lang: en) | Bid:55!307-en.ae.NoReg","tests.US_55_ReTestsManual.saii-d3v","Mon Jun 23 23:25:55 GMT 2025","broken","Mon Jun 23 23:27:30 GMT 2025","TestManualDetectedBugs","US_55-saii-d3v_ReTestsManual_test","",""
"
        Check: TC_55!388 | Menu section [Trading] > Menu item [Web platform] > Check the text “وقف الخسائر المتحركة” in the
                block “Risk-management tools”
        Language: AR
        License: SCA
        Author: Kasila
        ","40089","TC_55!388 (Lang: ar) | Bid:55!388-ar.ae.NoAuth","tests.US_55_ReTestsManual.tassobaccato","Tue Jun 24 00:52:13 GMT 2025","broken","Tue Jun 24 00:52:53 GMT 2025","TestManualDetectedBugs","US_55-tassobaccato_ReTestsManual_test","",""
"
         Check: The page ""Trading products"" is opened after clicking the link [Our mobile Apps]
                in the tile ""Industry-leading features for an industry-leading platform""
                on the page ""Why Capital.com?"" when any language (except EN) is selected
         Language: All, except EN.
         License: SCB.
         Author: Sergey Aiidzhanov
         ","20347","TC_55!288 (Lang: hu) | Bid:55!288-hu.ua.NoReg","tests.US_55_ReTestsManual.saii-d3v","Mon Jun 23 23:14:55 GMT 2025","skipped","Mon Jun 23 23:15:15 GMT 2025","TestManualDetectedBugs","US_55-saii-d3v_ReTestsManual_test","",""
"
         Check: All links on the page ""استراتيجية التداول الموضعي"" (Position trading strategy)
         lead on the EN pages on the old site version when AR language is selected
         Language: AR.
         License: SCA.
         Author: Sergey Aiidzhanov
         ","61191","TC_55!392 (Lang: ar) | Bid:55!392-ar.ae.Auth","tests.US_55_ReTestsManual.saii-d3v","Tue Jun 24 00:00:39 GMT 2025","failed","Tue Jun 24 00:01:40 GMT 2025","TestManualDetectedBugs","US_55-saii-d3v_ReTestsManual_test","",""
"
        Check: Menu section [Learn] > Menu item [Market guides] > Click on the “Oil trading guide” link >
                Сlick the [Try demo]/[Start oil trading] button > Close the “Sign up” form
        Language: All
        License: All, except SCB (UA country)
        Author: Kasila
        ","22763","TC_55!604 (Lang: de) | Bid:55!604-de.de.NoReg","tests.US_55_ReTestsManual.tassobaccato","Tue Jun 24 01:21:12 GMT 2025","passed","Tue Jun 24 01:21:35 GMT 2025","TestManualDetectedBugs","US_55-tassobaccato_ReTestsManual_test","",""
"
         Check: Error message “Access denied Error 16""
         is displayed after clicking link
         [مكاتبنا الموزّعة على أربع قارات] (""Offices in four continents"")
         in block [مكاتبنا العالمية] (""Our global offices"")
         Language: AR.
         License: SCA.
         Author: podchasova11
         ","46075","TC_55!472 (Lang: ar) | Bid:55!472-ar.ae.Auth","tests.US_55_ReTestsManual.mila_podchasova","Tue Jun 24 02:07:48 GMT 2025","failed","Tue Jun 24 02:08:34 GMT 2025","TestManualDetectedBugs","US_55-mila_podchasova_ReTestsManual_test","",""
"
         Check: The page with error is opened after clicking the link ""WhatsApp"" on the page [Client funds]
         Language: EN.
         License: FCA.
         Author: Sergey Aiidzhanov
         ","38220","TC_55!416 (Lang: en) | Bid:55!416-en.gb.Auth","tests.US_55_ReTestsManual.saii-d3v","Tue Jun 24 00:04:32 GMT 2025","failed","Tue Jun 24 00:05:10 GMT 2025","TestManualDetectedBugs","US_55-saii-d3v_ReTestsManual_test","",""
"
         Check: There are no search results on the Search page when any language except EN is selected.
         Language: All, except EN.
         License: CB.
         Author: Sergey Aiidzhanov
         ","34973","TC_55!292 (Lang: ru) | Bid:55!292-ru.ua.Auth","tests.US_55_ReTestsManual.saii-d3v","Mon Jun 23 23:18:11 GMT 2025","skipped","Mon Jun 23 23:18:45 GMT 2025","TestManualDetectedBugs","US_55-saii-d3v_ReTestsManual_test","",""
"
        Check: Menu section [Trading] > Menu item [Demo trading] > Block [Our CFD markets] > Click button [More] in the
                tile [Cryptocurrencies]
        Language: AR
        License: SCA
        Author: Kasila
        ","36010","TC_55!655 (Lang: ar) | Bid:55!655-ar.ae.NoReg","tests.US_55_ReTestsManual.tassobaccato","Tue Jun 24 01:38:55 GMT 2025","failed","Tue Jun 24 01:39:31 GMT 2025","TestManualDetectedBugs","US_55-tassobaccato_ReTestsManual_test","",""
"
        Check:  Sign up/log in/forms or the transition to the trading platform are
                not opened after clicking the [Try now] button in ""Why choose
                Capital.com?.."" Block in the menu item [Our Mobile Apps]
        Language: All.
        License: Not FCA
        Author: Artem Dashkov
        ","29946","TC_55!017 (Lang: es) | Bid:55!017-es.de.NoReg","tests.US_55_ReTestsManual.artemdashkov","Mon Jun 23 22:41:52 GMT 2025","failed","Mon Jun 23 22:42:22 GMT 2025","TestManualDetected","US_55-artemdashkov_ReTestsManual_test","",""
"
        Check: Clicking [numeric values] in the Sell column in Menu tittle Markets does not open the
                Sign-Up /Login form or page of the corresponding trading instrument on the trading platform using
                English or Arabic language.
        Language: EN, AR
        License: SCA
        Author: Kasila
        ","52050","TC_55!322a (Lang: en) | Bid:55!322a-en.ae.NoAuth","tests.US_55_ReTestsManual.tassobaccato","Tue Jun 24 00:36:13 GMT 2025","failed","Tue Jun 24 00:37:05 GMT 2025","TestManualDetectedBugs","US_55-tassobaccato_ReTestsManual_test","",""
"
        Check: The trading calculator is collapsed in the menu section [Markets] --> [CFD calculator]
        after setting the maximum duration on the Prof/Loss element and changing the asset
        Language: En.
        Country: CYSEC, SCB
        Role: NoReg, Auth, NoAuth,
        calc_1_and_calc_2:  (""GBP/USD"", ""EUR/USD""),
                            (""EUR/USD"", ""GBP/USD""),
                            (""Gold"", ""Natural Gas""),
                            (""Natural Gas"", ""Gold""),
                            (""Germany 40"", ""US Tech 100""),
                            (""US Tech 100"", ""Germany 40"")
        Author: Artem Dashkov
        ","21876","TC_55!104 (Lang: en) | Bid:55!104-en.ua.NoAuth","tests.US_55_ReTestsManual.artemdashkov","Mon Jun 23 22:53:12 GMT 2025","skipped","Mon Jun 23 22:53:34 GMT 2025","TestManualDetected","US_55-artemdashkov_ReTestsManual_test","",""
"
        Check: The text of the link is "" ##AuUSPlink2## "" in the block “Why choose Capital.com?” on the page
                “Why Capital.com?” when ASIC license is selected.
        Language: EN
        License: ASIC
        Author: Kasila
        ","30748","TC_55!371a (Lang: en) | Bid:55!371a-en.au.NoReg","tests.US_55_ReTestsManual.tassobaccato","Tue Jun 24 00:43:42 GMT 2025","broken","Tue Jun 24 00:44:13 GMT 2025","TestManualDetectedBugs","US_55-tassobaccato_ReTestsManual_test","",""
"
        Check: Menu section [Learn] > Menu item [Market guides] > Click on the “Oil trading guide” link >
                Сlick the [Try demo]/[Start oil trading] button > Close the “Sign up” form
        Language: All
        License: All, except SCB (UA country)
        Author: Kasila
        ","22072","TC_55!604 (Lang: en) | Bid:55!604-en.au.NoAuth","tests.US_55_ReTestsManual.tassobaccato","Tue Jun 24 01:23:40 GMT 2025","broken","Tue Jun 24 01:24:03 GMT 2025","TestManualDetectedBugs","US_55-tassobaccato_ReTestsManual_test","",""
"
        Check: Menu section [Markets] > Menu item [Shares] > “Rivian Automotive, Inc.” page > Click the link “initial
                public offering (IPO)” in the  block “Rivian Automotive Inc. Company profile”
        Language: EN
        License: SCA, FCA
        Author: Kasila
        ","22050","TC_55!401 (Lang: en) | Bid:55!401-en.gb.Auth","tests.US_55_ReTestsManual.tassobaccato","Tue Jun 24 00:58:12 GMT 2025","passed","Tue Jun 24 00:58:34 GMT 2025","TestManualDetectedBugs","US_55-tassobaccato_ReTestsManual_test","",""
"
         Check: Menu section [Markets] > 
                Menu item [Markets analysis] > 
                article ""The graph (GRT) price prediction.."" > 
                Click on the [collapse] link
         Language: EN
         License: ASIC
         Author: Aleksei Kurochkin
         ","154676","TC_55!516 (Lang: en) | Bid:55!516-en.au.NoReg","tests.US_55_ReTestsManual.K_Alex_N","Tue Jun 24 02:28:56 GMT 2025","failed","Tue Jun 24 02:31:31 GMT 2025","TestManualDetectedBugs","US_55_K_Alex_N_ReTestsManual_test","",""
"
        Check:  Click to the dropdown [Regional settings] > Click to the dropdown [Countries] >
                Click the [Search] input field > Enter value ""Honk"" > Check that country 'Honk Kong & Taiwan'
                displayed in search results

        Language: EN - FCA, SCA; AR - SCA
        License/Country: FCA, SCA
        Role: NoReg, NoAuth, Auth
        Author: podchasova11
        ","34261","TC_55!363 (Lang: en) | Bid:55!363-en.au.Auth","tests.US_55_ReTestsManual.mila_podchasova","Tue Jun 24 02:02:39 GMT 2025","failed","Tue Jun 24 02:03:13 GMT 2025","TestManualDetectedBugs","US_55-mila_podchasova_ReTestsManual_test","",""
"
        Check: Field [email] in Sign up form
        Language: All.
        License/Country: de/CYSEC, au/ASIC,
        Role: NoReg, NoAuth,
        Login: ['КИРИЛЛИЦА_без_пробелов@gmail.com', 'LATIN with space@gmail.com'],
        Password: ['VALID_password44!']
        Author: Artem Dashkov
        ","40365","TC_55!045a (Lang: pl) | Bid:55!045a-pl.de.NoAuth","tests.US_55_ReTestsManual.artemdashkov","Mon Jun 23 22:46:37 GMT 2025","failed","Mon Jun 23 22:47:17 GMT 2025","TestManualDetected","US_55-artemdashkov_ReTestsManual_test","",""
"
        Check: Menu section [Learn] > Menu item  [Market guides] > Click the link “Shares trading guide”
                > Сlick the link “Netflix” > Сlick the link “Trade Coca-Cola shares”
                > Сlick the link “KO” in the block “Performance of the Coca-Cola stock in recent years”
        Language: EN
        License: FCA
        Author: Kasila
        ","21404","TC_55!624 (Lang: en) | Bid:55!624-en.au.NoAuth","tests.US_55_ReTestsManual.tassobaccato","Tue Jun 24 01:36:36 GMT 2025","broken","Tue Jun 24 01:36:57 GMT 2025","TestManualDetectedBugs","US_55-tassobaccato_ReTestsManual_test","",""
"
        Check: Menu section [Learn] > Menu item [Market guides] > Click on the “Oil trading guide” link >
                Сlick the [Try demo]/[Start oil trading] button > Close the “Sign up” form
        Language: All
        License: All, except SCB (UA country)
        Author: Kasila
        ","26436","TC_55!604 (Lang: en) | Bid:55!604-en.de.NoAuth","tests.US_55_ReTestsManual.tassobaccato","Tue Jun 24 01:24:28 GMT 2025","broken","Tue Jun 24 01:24:54 GMT 2025","TestManualDetectedBugs","US_55-tassobaccato_ReTestsManual_test","",""
"
        Check: TC_55!386 | Error message “Access denied Error 16 … This request was blocked by our security service …”
                is displayed after clicking the link “contact us in confidence” in the block “Your vulnerability risk”
                on the page “Client vulnerability” when AR language is selected (SCA license).
        Language: AR
        License: SCA
        Author: Kasila
        ","30192","TC_55!386 (Lang: ar) | Bid:55!386-ar.ae.NoReg","tests.US_55_ReTestsManual.tassobaccato","Tue Jun 24 00:49:18 GMT 2025","passed","Tue Jun 24 00:49:49 GMT 2025","TestManualDetectedBugs","US_55-tassobaccato_ReTestsManual_test","",""
"
         Check: Error message is displayed when clicking the link [How-to guides]
         in block “Looking for more?” on the page [Trading courses]
         Language: All.
         License: CYSEC, ASIC.
         Role: NoReg | NoAuth | Auth
         Author: podchasova11
         ","40921","TC_55!350a (Lang: de) | Bid:55!350a-de.au.Auth","tests.US_55_ReTestsManual.mila_podchasova","Tue Jun 24 01:50:09 GMT 2025","failed","Tue Jun 24 01:50:50 GMT 2025","TestManualDetectedBugs","US_55-mila_podchasova_ReTestsManual_test","",""
"
        Check: “CFD trading” page is not opened after clicking link in the tile ""Fast account opening"" in the block
                “Why choose Capital.com?” on the page “Why Capital.com?” when ASIC license is selected.
        Language: EN
        License: ASIC
        Author: Kasila
        ","42207","TC_55!371b (Lang: en) | Bid:55!371b-en.au.NoAuth","tests.US_55_ReTestsManual.tassobaccato","Tue Jun 24 00:46:56 GMT 2025","broken","Tue Jun 24 00:47:38 GMT 2025","TestManualDetectedBugs","US_55-tassobaccato_ReTestsManual_test","",""
"
        Check:  The Main page is opened instead of the Cryptocurrencies page on the page
                ""Cryptocurrency trading"" after clicking the button [Go to all cryptocurrencies]
                when RO, IT, PL or CN language is selected
        Language: RO, IT, PL, CN.
        Country: CYSEC, SCB
        Role: NoReg, Auth, NoAuth,
        Author: Artem Dashkov
        ","67325","TC_55!129 (Lang: cn) | Bid:55!129-cn.de.Auth","","Mon Jun 23 22:55:24 GMT 2025","passed","Mon Jun 23 22:56:31 GMT 2025","","","",""
"
         Check: The old version of the page ""US Tech 100 index trading guide"" is opened
         instead of the new one on FCA/SCA licences
         Language: EN.
         License: FCA, SCA.
         Author: Sergey Aiidzhanov
         ","27110","TC_55!433 (Lang: en) | Bid:55!433-en.gb.NoReg","tests.US_55_ReTestsManual.saii-d3v","Tue Jun 24 00:09:05 GMT 2025","failed","Tue Jun 24 00:09:32 GMT 2025","TestManualDetectedBugs","US_55-saii-d3v_ReTestsManual_test","",""
"
         Check: Error message “DNS_PROBE_FINISHED_NXDOMAIN” is displayed
         after clicking any of 12 links in the text on the page “Stock Market Trading Hours”
         when EN language is selected
         Language: EN.
         License: SCA.
         Author: Sergey Aiidzhanov
         ","47810","TC_55!307 (Lang: en) | Bid:55!307-en.ae.NoAuth","tests.US_55_ReTestsManual.saii-d3v","Mon Jun 23 23:25:07 GMT 2025","failed","Mon Jun 23 23:25:54 GMT 2025","TestManualDetectedBugs","US_55-saii-d3v_ReTestsManual_test","",""
"
         Check: The Investmate page does not open after click link “Investmate”'
        ' in the block “Discover trading.” on the page “Why Capital.com?”
         Language: ALL.
         License: CYSEC, SCB.
         Author: podchasova11
         ","36477","TC_55!315 (Lang: en) | Bid:55!315-en.de.NoReg","tests.US_55_ReTestsManual.mila_podchasova","Tue Jun 24 01:55:14 GMT 2025","failed","Tue Jun 24 01:55:51 GMT 2025","TestManualDetectedBugs","US_55-mila_podchasova_ReTestsManual_test","",""
"
         Check: The modal window ""Confirm Form Resubmission"" is not opened after clicking the button [Back]
         on any article from search page.
         Language: All.
         License: SCB.
         Author: Sergey Aiidzhanov
         ","28153","TC_55!157 (Lang: en) | Bid:55!157-en.ua.Auth","tests.US_55_ReTestsManual.saii-d3v","Mon Jun 23 23:05:01 GMT 2025","skipped","Mon Jun 23 23:05:29 GMT 2025","TestManualDetectedBugs","US_55-saii-d3v_ReTestsManual_test","",""
"
         Check: There are no search results on the Search page when any language except EN is selected.
         Language: All, except EN.
         License: CB.
         Author: Sergey Aiidzhanov
         ","20602","TC_55!292 (Lang: hu) | Bid:55!292-hu.ua.NoReg","tests.US_55_ReTestsManual.saii-d3v","Mon Jun 23 23:17:50 GMT 2025","skipped","Mon Jun 23 23:18:11 GMT 2025","TestManualDetectedBugs","US_55-saii-d3v_ReTestsManual_test","",""
"
        Check: Filters application in the 'Live shares prices' widget
        Language: All
        License: SCB
        Author: Kasila
        ","28584","TC_55!048 (Lang: hu) | Bid:55!048-hu.ua.NoAuth","tests.US_55_ReTestsManual.tassobaccato","Tue Jun 24 00:24:21 GMT 2025","skipped","Tue Jun 24 00:24:49 GMT 2025","TestManualDetectedBugs","US_55-tassobaccato_ReTestsManual_test","",""
"
        Check: Menu section [Learn] > Menu item [Market guides] > Click on the “Oil trading guide” link >
                Сlick the [Try demo]/[Start oil trading] button > Close the “Sign up” form
        Language: All
        License: All, except SCB (UA country)
        Author: Kasila
        ","25326","TC_55!604 (Lang: en) | Bid:55!604-en.ae.NoReg","tests.US_55_ReTestsManual.tassobaccato","Tue Jun 24 01:20:25 GMT 2025","broken","Tue Jun 24 01:20:51 GMT 2025","TestManualDetectedBugs","US_55-tassobaccato_ReTestsManual_test","",""
"
        Check: Button [Create account] button in the Menu item [Trading Courses]
        Language: All.
        License: Not FCA
        Author  : Ivan Kedrov
        ","2","TC_55!062 (Lang: es) | Bid:55!062-es.ua.Auth","tests.US_55_ReTestsManual.AlexTomQA","Mon Jun 23 22:38:03 GMT 2025","skipped","Mon Jun 23 22:38:03 GMT 2025","TestManualDetected","US_55-AlexTomQA_ReTestsManual_test","",""
"
         Check: Error message is displayed after clicking the link “NASDAQ stock exchange”
         in the block “GOOGL Company profile” on the page “Trade Alphabet Inc - A - GOOGL CFD”
         Language: EN.
         License: FCA.
         Author: Sergey Aiidzhanov
         ","48521","TC_55!359a (Lang: en) | Bid:55!359a-en.ae.NoAuth","tests.US_55_ReTestsManual.saii-d3v","Mon Jun 23 23:36:59 GMT 2025","broken","Mon Jun 23 23:37:47 GMT 2025","TestManualDetectedBugs","US_55-saii-d3v_ReTestsManual_test","",""
"
         Check: Error message is displayed after clicking the link ""Stochastic Oscillator""
         of the block “How to trade using RSI and other indicators”
         on the page “RSI trading strategy: An educational guide”
         Language: EN.
         License: CB.
         Author: Sergey Aiidzhanov
         ","22138","TC_55!332a (Lang: en) | Bid:55!332a-en.ua.NoReg","tests.US_55_ReTestsManual.saii-d3v","Mon Jun 23 23:32:20 GMT 2025","skipped","Mon Jun 23 23:32:42 GMT 2025","TestManualDetectedBugs","US_55-saii-d3v_ReTestsManual_test","",""
"
        Check: Menu section [Markets] > Menu item [Shares] > “Rivian Automotive, Inc.” page > Click the link “initial
                public offering (IPO)” in the  block “Rivian Automotive Inc. Company profile”
        Language: EN
        License: SCA, FCA
        Author: Kasila
        ","40000","TC_55!401 (Lang: en) | Bid:55!401-en.ae.NoReg","tests.US_55_ReTestsManual.tassobaccato","Tue Jun 24 00:56:17 GMT 2025","failed","Tue Jun 24 00:56:57 GMT 2025","TestManualDetectedBugs","US_55-tassobaccato_ReTestsManual_test","",""
"
        Check:  Click to the dropdown [Regional settings] > Click to the dropdown [Countries] >
                Click the [Search] input field > Enter value ""Honk"" > Check that country 'Honk Kong & Taiwan'
                displayed in search results

        Language: EN - FCA, SCA; AR - SCA
        License/Country: FCA, SCA
        Role: NoReg, NoAuth, Auth
        Author: podchasova11
        ","30809","TC_55!363 (Lang: en) | Bid:55!363-en.ae.NoReg","tests.US_55_ReTestsManual.mila_podchasova","Tue Jun 24 01:57:37 GMT 2025","failed","Tue Jun 24 01:58:08 GMT 2025","TestManualDetectedBugs","US_55-mila_podchasova_ReTestsManual_test","",""
"
        Check: Menu section [Trading] > Menu item [CFD trading] > Click the link [Go CFD trading guide] in  the block
                ""Read more before you trade"" > Check links in the block ""What is a contract for difference (CFD)?""
        Language: EN, AR, DE
        License: ASIC, SCA, CYSEC
        Author: Kasila
        ","23181","TC_55!432 (Lang: en) | Bid:55!432-en.ae.Auth","tests.US_55_ReTestsManual.tassobaccato","Tue Jun 24 01:05:03 GMT 2025","failed","Tue Jun 24 01:05:26 GMT 2025","TestManualDetectedBugs","US_55-tassobaccato_ReTestsManual_test","",""
"
        Check: Field [email] in Sign up form
        Language: All.
        License/Country: de/CYSEC, au/ASIC,
        Role: NoReg, NoAuth,
        Login: ['КИРИЛЛИЦА_без_пробелов@gmail.com', 'LATIN with space@gmail.com'],
        Password: ['VALID_password44!']
        Author: Artem Dashkov
        ","32224","TC_55!045a (Lang: pl) | Bid:55!045a-pl.de.NoReg","tests.US_55_ReTestsManual.artemdashkov","Mon Jun 23 22:46:04 GMT 2025","failed","Mon Jun 23 22:46:36 GMT 2025","TestManualDetected","US_55-artemdashkov_ReTestsManual_test","",""
"
        Check: Menu section [About] > Menu item [Compliance & Legals] > Click on the link  ""Spread"" in the “Spread” block
        Language: EL
        License: CYSEC
        Author: Kasila
        ","52043","TC_55!664 (Lang: el) | Bid:55!664-el.gr.Auth","tests.US_55_ReTestsManual.tassobaccato","Tue Jun 24 01:43:59 GMT 2025","failed","Tue Jun 24 01:44:51 GMT 2025","TestManualDetectedBugs","US_55-tassobaccato_ReTestsManual_test","",""
"
        Check: Field [email] in Sign up form
        Language: All.
        License/Country: de/CYSEC, au/ASIC,
        Role: NoReg, NoAuth,
        Login: ['КИРИЛЛИЦА_без_пробелов@gmail.com', 'LATIN with space@gmail.com'],
        Password: ['VALID_password44!']
        Author: Artem Dashkov
        ","37875","TC_55!045a (Lang: pl) | Bid:55!045a-pl.de.NoAuth","tests.US_55_ReTestsManual.artemdashkov","Mon Jun 23 22:45:25 GMT 2025","failed","Mon Jun 23 22:46:03 GMT 2025","TestManualDetected","US_55-artemdashkov_ReTestsManual_test","",""
"
         Check: The page with “404 error” message is displayed
                after clicking the link [تعلّم التداول] (Learn to trade)
                in the tile  [تبدأ الطريق من أوله؟] (Starting from the beginning?)
                on the page ""تعلّم التداول"" (Learn to trade) when AR language is selected
         Language: AR.
         License: SCA.
         Author: Sergey Aiidzhanov
         ","37426","TC_55!272 (Lang: ar) | Bid:55!272-ar.ae.Auth","tests.US_55_ReTestsManual.saii-d3v","Mon Jun 23 23:10:15 GMT 2025","failed","Mon Jun 23 23:10:52 GMT 2025","TestManualDetectedBugs","US_55-saii-d3v_ReTestsManual_test","",""
"
         Check: The page ""Oops, this help center no longer exists""
         is opened after clicking the link [Help Center] of the page ""Contact us""
         Language: All.
         License: CYSEC.
         Role: NoReg | NoAuth | Auth
         Author: podchasova11
         ","38662","TC_55!326 (Lang: en) | Bid:55!326-en.de.NoAuth","tests.US_55_ReTestsManual.mila_podchasova","Tue Jun 24 01:48:58 GMT 2025","failed","Tue Jun 24 01:49:36 GMT 2025","TestManualDetectedBugs","US_55-mila_podchasova_ReTestsManual_test","",""
"
        Check: Menu section [About] > Menu item [Compliance & Legals] > Click on the link  ""Spread"" in the “Spread” block
        Language: EL
        License: CYSEC
        Author: Kasila
        ","49036","TC_55!664 (Lang: el) | Bid:55!664-el.gr.NoAuth","tests.US_55_ReTestsManual.tassobaccato","Tue Jun 24 01:44:51 GMT 2025","failed","Tue Jun 24 01:45:40 GMT 2025","TestManualDetectedBugs","US_55-tassobaccato_ReTestsManual_test","",""
"
        Check: Button [Create account] button in the Menu item [Trading Courses]
        Language: All.
        License: Not FCA
        Author  : Ivan Kedrov
        ","2","TC_55!062 (Lang: en) | Bid:55!062-en.au.Auth","tests.US_55_ReTestsManual.AlexTomQA","Mon Jun 23 22:38:03 GMT 2025","skipped","Mon Jun 23 22:38:03 GMT 2025","TestManualDetected","US_55-AlexTomQA_ReTestsManual_test","",""
"
         Check: “Support” chat window is not opened after click on the “Support” button
         and this button disappears after the second clicking on it on any page
         after changing the language of the site (e.g. from EN to AR) (SCA license).
         Language: AR, EN.
         License: SCA.
         Author: Sergey Aiidzhanov
         ","26123","TC_55!330 (Lang: en) | Bid:55!330-en.ae.Auth","tests.US_55_ReTestsManual.saii-d3v","Mon Jun 23 23:28:17 GMT 2025","broken","Mon Jun 23 23:28:43 GMT 2025","TestManualDetectedBugs","US_55-saii-d3v_ReTestsManual_test","",""
"
         Check: The ""Trading Conditions"" table is not visible on the page ""Trade Australia 200 - AU200au CFD""
         Language: DE, EN.
         License: ASIC, CYSEC.
         Author: Sergey Aiidzhanov
         ","8","TC_55!507 (Lang: de) | Bid:55!507-de.au.NoReg","tests.US_55_ReTestsManual.saii-d3v","Tue Jun 24 00:13:37 GMT 2025","skipped","Tue Jun 24 00:13:37 GMT 2025","TestManualDetectedBugs","US_55-saii-d3v_ReTestsManual_test","",""
"
        Check: Menu section [Trading] > Menu item [CFD calculator]
                > Click the link “overnight funding, spread costs” in the block “Trading calculator”
        Language: EN
        License: ASIC
        Author: Kasila
        ","41315","TC_55!627 (Lang: en) | Bid:55!627-en.au.Auth","tests.US_55_ReTestsManual.tassobaccato","Tue Jun 24 01:37:30 GMT 2025","failed","Tue Jun 24 01:38:11 GMT 2025","TestManualDetectedBugs","US_55-tassobaccato_ReTestsManual_test","",""
"
         Check: The modal window ""Log in to your Facebook account"" is not opened
                after clicking the button [Facebook] in the Signup / Log in form
                on any page when EN/AR language and SCA license is selected
         Language: AR, EN.
         License: SCA.
         Author: Sergey Aiidzhanov
         ","48017","TC_55!299 (Lang: ar) | Bid:55!299-ar.ae.NoAuth","tests.US_55_ReTestsManual.saii-d3v","Mon Jun 23 23:21:10 GMT 2025","broken","Mon Jun 23 23:21:58 GMT 2025","TestManualDetectedBugs","US_55-saii-d3v_ReTestsManual_test","",""
"
         Check: The page ""Trading products"" is opened after clicking the link [Our mobile Apps]
                in the tile ""Industry-leading features for an industry-leading platform""
                on the page ""Why Capital.com?"" when any language (except EN) is selected
         Language: All, except EN.
         License: SCB.
         Author: Sergey Aiidzhanov
         ","28970","TC_55!288 (Lang: hu) | Bid:55!288-hu.ua.Auth","tests.US_55_ReTestsManual.saii-d3v","Mon Jun 23 23:13:53 GMT 2025","skipped","Mon Jun 23 23:14:22 GMT 2025","TestManualDetectedBugs","US_55-saii-d3v_ReTestsManual_test","",""
"
         Check: Error message is displayed after clicking the link ""support and resistance""
         of the block “How to trade using RSI and other indicators”
         on the page “RSI trading strategy: An educational guide”
         Language: EN.
         License: CB.
         Author: Sergey Aiidzhanov
         ","31917","TC_55!332b (Lang: en) | Bid:55!332b-en.ua.NoAuth","tests.US_55_ReTestsManual.saii-d3v","Mon Jun 23 23:33:19 GMT 2025","skipped","Mon Jun 23 23:33:51 GMT 2025","TestManualDetectedBugs","US_55-saii-d3v_ReTestsManual_test","",""
"
        Check: TC_55!386 | Error message “Access denied Error 16 … This request was blocked by our security service …”
                is displayed after clicking the link “contact us in confidence” in the block “Your vulnerability risk”
                on the page “Client vulnerability” when AR language is selected (SCA license).
        Language: AR
        License: SCA
        Author: Kasila
        ","35478","TC_55!386 (Lang: ar) | Bid:55!386-ar.ae.NoAuth","tests.US_55_ReTestsManual.tassobaccato","Tue Jun 24 00:50:25 GMT 2025","passed","Tue Jun 24 00:51:00 GMT 2025","TestManualDetectedBugs","US_55-tassobaccato_ReTestsManual_test","",""
"
         Check: Error message is displayed after clicking the link “NASDAQ stock exchange”
         in the block “GOOGL Company profile” on the page “Trade Alphabet Inc - A - GOOGL CFD”
         Language: EN.
         License: FCA.
         Author: Sergey Aiidzhanov
         ","47644","TC_55!359a (Lang: en) | Bid:55!359a-en.ae.Auth","tests.US_55_ReTestsManual.saii-d3v","Mon Jun 23 23:36:11 GMT 2025","broken","Mon Jun 23 23:36:58 GMT 2025","TestManualDetectedBugs","US_55-saii-d3v_ReTestsManual_test","",""
"
        Check: Button [Google Play] on the block CFD Trading app
        Language: All.
        License: Not FCA
        Author  : Ivan Kedrov
        ","26976","TC_55!029 (Lang: en) | Bid:55!029-en.de.NoAuth","tests.US_55_ReTestsManual.AlexTomQA","Mon Jun 23 22:36:16 GMT 2025","skipped","Mon Jun 23 22:36:43 GMT 2025","TestManualDetected","US_55-AlexTomQA_ReTestsManual_test","",""
"
         Check: The ""Trading Conditions"" table is not visible on the page ""Trade Australia 200 - AU200au CFD""
         Language: DE, EN.
         License: ASIC, CYSEC.
         Author: Sergey Aiidzhanov
         ","18102","TC_55!507 (Lang: en) | Bid:55!507-en.de.NoReg","tests.US_55_ReTestsManual.saii-d3v","Tue Jun 24 00:14:34 GMT 2025","passed","Tue Jun 24 00:14:52 GMT 2025","TestManualDetectedBugs","US_55-saii-d3v_ReTestsManual_test","",""
"
        Opened the Trading platform page
        instead [My Account] menu after clicking the [My account] button
        Language: EN
        License: SCA.
        Country: AE.
        Author: podchasova11
        ","26352","TC_55!285en (Lang: en) | Bid:55!285en-en.ae.Auth","tests.US_55_ReTestsManual.mila_podchasova","Tue Jun 24 01:47:57 GMT 2025","failed","Tue Jun 24 01:48:23 GMT 2025","TestManualDetectedBugs","US_55-mila_podchasova_ReTestsManual_test","",""
"
        Check: TC_55!388 | Menu section [Trading] > Menu item [Web platform] > Check the text “وقف الخسائر المتحركة” in the
                block “Risk-management tools”
        Language: AR
        License: SCA
        Author: Kasila
        ","39890","TC_55!388 (Lang: ar) | Bid:55!388-ar.ae.Auth","tests.US_55_ReTestsManual.tassobaccato","Tue Jun 24 00:51:33 GMT 2025","broken","Tue Jun 24 00:52:13 GMT 2025","TestManualDetectedBugs","US_55-tassobaccato_ReTestsManual_test","",""
"
         Check: “Support” chat window is not opened after click on the “Support” button
         and this button disappears after the second clicking on it on any page
         after changing the language of the site (e.g. from EN to AR) (SCA license).
         Language: AR, EN.
         License: SCA.
         Author: Sergey Aiidzhanov
         ","46108","TC_55!330 (Lang: ar) | Bid:55!330-ar.ae.Auth","tests.US_55_ReTestsManual.saii-d3v","Mon Jun 23 23:27:30 GMT 2025","broken","Mon Jun 23 23:28:17 GMT 2025","TestManualDetectedBugs","US_55-saii-d3v_ReTestsManual_test","",""
"
        Check: Menu section [Markets] > Menu item [Shares] > “Rivian Automotive, Inc.” page > Click the link “initial
                public offering (IPO)” in the  block “Rivian Automotive Inc. Company profile”
        Language: EN
        License: SCA, FCA
        Author: Kasila
        ","22928","TC_55!401 (Lang: en) | Bid:55!401-en.gb.NoAuth","tests.US_55_ReTestsManual.tassobaccato","Tue Jun 24 00:59:11 GMT 2025","passed","Tue Jun 24 00:59:34 GMT 2025","TestManualDetectedBugs","US_55-tassobaccato_ReTestsManual_test","",""
"
        Check:  The Main page is opened instead of the Cryptocurrencies page on the page
                ""Cryptocurrency trading"" after clicking the button [Go to all cryptocurrencies]
                when RO, IT, PL or CN language is selected
        Language: RO, IT, PL, CN.
        Country: CYSEC, SCB
        Role: NoReg, Auth, NoAuth,
        Author: Artem Dashkov
        ","36835","TC_55!129 (Lang: it) | Bid:55!129-it.de.NoReg","tests.US_55_ReTestsManual.artemdashkov","Mon Jun 23 22:53:34 GMT 2025","failed","Mon Jun 23 22:54:11 GMT 2025","TestManualDetected","US_55-artemdashkov_ReTestsManual_test","",""
"
         Check: Menu section [Markets] > 
                Menu item [Markets analysis] > 
                Article ""Gold price predictions for the next.."" > 
                Click on [Trade now] link > 
                Click on [Close] button
         Language: EN
         License: SCA, FCA, CYSEC or ASIC
         Author: Aleksei Kurochkin
         ","116546","TC_55!634 (Lang: en) | Bid:55!634-en.gb.NoReg","tests.US_55_ReTestsManual.K_Alex_N","Tue Jun 24 02:13:28 GMT 2025","passed","Tue Jun 24 02:15:25 GMT 2025","TestForFixedBugs","US_55_K_Alex_N_ReTestsManual_test","",""
"
        Check:  Click to the dropdown [Regional settings] > Click to the dropdown [Countries] >
                Click the [Search] input field > Enter value ""Honk"" > Check that country 'Honk Kong & Taiwan'
                displayed in search results

        Language: EN - FCA, SCA; AR - SCA
        License/Country: FCA, SCA
        Role: NoReg, NoAuth, Auth
        Author: podchasova11
        ","38195","TC_55!363 (Lang: ar) | Bid:55!363-ar.ae.NoReg","tests.US_55_ReTestsManual.mila_podchasova","Tue Jun 24 01:59:48 GMT 2025","failed","Tue Jun 24 02:00:26 GMT 2025","TestManualDetectedBugs","US_55-mila_podchasova_ReTestsManual_test","",""
"
         Check: The Search field in the header is not opened after performed search
         Language: All.
         License: SCB.
         Author: Sergey Aiidzhanov
         ","29461","TC_55!160 (Lang: ru) | Bid:55!160-ru.ua.Auth","tests.US_55_ReTestsManual.saii-d3v","Mon Jun 23 23:08:57 GMT 2025","skipped","Mon Jun 23 23:09:27 GMT 2025","TestManualDetectedBugs","US_55-saii-d3v_ReTestsManual_test","",""
"
         Check: The block ""Trading for beginners"" on the page ""Learn"" is not in viewport
         after clicking the link ""Learn to trade"" on the page ""Why Capital.com?""
         Language: AR.
         License: SCA.
         Author: Sergey Aiidzhanov
         ","38146","TC_55!372 (Lang: ar) | Bid:55!372-ar.ae.NoAuth","tests.US_55_ReTestsManual.saii-d3v","Mon Jun 23 23:42:49 GMT 2025","failed","Mon Jun 23 23:43:28 GMT 2025","TestManualDetectedBugs","US_55-saii-d3v_ReTestsManual_test","",""
"
         Check: Web pages with URLs of the FCA license are opened
                in menu item [Risk-management guide] when click on the link [broker]
         Language: EN
         License: ASIC, SCA, CYSEC
         Author: Aleksei Kurochkin
         ","19567","TC_55!467 (Lang: en) | Bid:55!467-en.ae.NoReg","tests.US_55_ReTestsManual.K_Alex_N","Tue Jun 24 02:20:37 GMT 2025","failed","Tue Jun 24 02:20:56 GMT 2025","TestManualDetectedBugs","US_55_K_Alex_N_ReTestsManual_test","",""
"
         Check: The ""Trading Conditions"" table is not visible on the page ""Trade Australia 200 - AU200au CFD""
         Language: DE, EN.
         License: ASIC, CYSEC.
         Author: Sergey Aiidzhanov
         ","2","TC_55!507 (Lang: de) | Bid:55!507-de.au.Auth","tests.US_55_ReTestsManual.saii-d3v","Tue Jun 24 00:09:32 GMT 2025","skipped","Tue Jun 24 00:09:32 GMT 2025","TestManualDetectedBugs","US_55-saii-d3v_ReTestsManual_test","",""
"
         Check: Error message is displayed
         after clicking the link “تعلّم المزيد حول كيفيّة التداول على الأسهم“ (Learn more about shares trading)
         in the tile “التداول على الأسهم” (Shares trading)
         on the page “ما هو مفهوم التداول على النفط” (What is oil trading) when AR language is selected
         Language: AR.
         License: SCA.
         Author: Sergey Aiidzhanov
         ","40650","TC_55!335 (Lang: ar) | Bid:55!335-ar.ae.Auth","tests.US_55_ReTestsManual.saii-d3v","Mon Jun 23 23:34:10 GMT 2025","failed","Mon Jun 23 23:34:51 GMT 2025","TestManualDetectedBugs","US_55-saii-d3v_ReTestsManual_test","",""
"
        Check: Menu section [Learn] > Menu item  [Market guides] > Click the link “Shares trading guide”
                > Сlick the link “Netflix” > Сlick the link “Trade Coca-Cola shares”
                > Сlick the link “KO” in the block “Performance of the Coca-Cola stock in recent years”
        Language: EN
        License: FCA
        Author: Kasila
        ","29206","TC_55!624 (Lang: en) | Bid:55!624-en.gb.NoAuth","tests.US_55_ReTestsManual.tassobaccato","Tue Jun 24 01:36:06 GMT 2025","broken","Tue Jun 24 01:36:35 GMT 2025","TestManualDetectedBugs","US_55-tassobaccato_ReTestsManual_test","",""
"
        Check: Web pages with URLs of the FCA license are opened after clicking any of 5 links in the block “Italy 40”
            on the page “Italy 40” when SCA license and EN language is selected.
        Language: EN
        License: SCA
        Author: Kasila
        ","40062","TC_55!360 (Lang: en) | Bid:55!360-en.ae.NoReg","tests.US_55_ReTestsManual.tassobaccato","Tue Jun 24 00:41:25 GMT 2025","failed","Tue Jun 24 00:42:05 GMT 2025","TestManualDetectedBugs","US_55-tassobaccato_ReTestsManual_test","",""
"
         Check: Error 404 page is opened after click on any Trading instrument link
         in the widget on the ""Spread betting"" page
         Language: EN.
         License: FCA, FCA.
         Author: Sergey Aiidzhanov
         ","44764","TC_55!364 (Lang: en) | Bid:55!364-en.gb.NoAuth","tests.US_55_ReTestsManual.saii-d3v","Mon Jun 23 23:40:42 GMT 2025","broken","Mon Jun 23 23:41:27 GMT 2025","TestManualDetectedBugs","US_55-saii-d3v_ReTestsManual_test","",""
"
         Check: The main page in EN language is opened after click on the link [Go to all commodities]
                on the ""Commodities trading"" page when AR, IT, NL, PL, RO, CN language is selected
         Language: AR, IT, NL, PL, RO, CN.
         License: SCB.
         Author: Sergey Aiidzhanov
         ","28067","TC_55!052 (Lang: it) | Bid:55!052-it.ua.NoAuth","tests.US_55_ReTestsManual.saii-d3v","Mon Jun 23 22:59:11 GMT 2025","skipped","Mon Jun 23 22:59:39 GMT 2025","TestManualDetectedBugs","US_55-saii-d3v_ReTestsManual_test","",""
"
        Check: Menu section [Learn] > Menu item  [Market guides] > Click the link “Shares trading guide”
                > Сlick the link “Netflix” > Сlick the link “Trade Coca-Cola shares”
                > Сlick the link “KO” in the block “Performance of the Coca-Cola stock in recent years”
        Language: EN
        License: FCA
        Author: Kasila
        ","25739","TC_55!624 (Lang: en) | Bid:55!624-en.gb.NoReg","tests.US_55_ReTestsManual.tassobaccato","Tue Jun 24 01:33:02 GMT 2025","broken","Tue Jun 24 01:33:28 GMT 2025","TestManualDetectedBugs","US_55-tassobaccato_ReTestsManual_test","",""
"
         Check: The page ""Trading products"" is opened after clicking the link [Our mobile Apps]
                in the tile ""Industry-leading features for an industry-leading platform""
                on the page ""Why Capital.com?"" when any language (except EN) is selected
         Language: All, except EN.
         License: SCB.
         Author: Sergey Aiidzhanov
         ","33061","TC_55!288 (Lang: ru) | Bid:55!288-ru.ua.NoAuth","tests.US_55_ReTestsManual.saii-d3v","Mon Jun 23 23:15:48 GMT 2025","skipped","Mon Jun 23 23:16:21 GMT 2025","TestManualDetectedBugs","US_55-saii-d3v_ReTestsManual_test","",""
"
        Check: presence of the sidebar ""Crypto Trading Guide"" on the ""Cryptocurrencies vs. Stocks:
        What's the Difference?"" page.
        Language: EN
        License: SCB
        Author: Kasila
        ","28758","TC_55!077a (Lang: en) | Bid:55!077a-en.ua.NoAuth","tests.US_55_ReTestsManual.tassobaccato","Tue Jun 24 00:27:05 GMT 2025","skipped","Tue Jun 24 00:27:33 GMT 2025","TestManualDetectedBugs","US_55-tassobaccato_ReTestsManual_test","",""
"
         Check: FCA license is selected instead of ASIC/CYSEC/SCA on trading instrument page
         after clicking any of trading instrument links
         on the page “Lloyds forecast: will Lloyds share price return to £1? Third party data forecast”
         Language: EN.
         License: SCA.
         Author: Sergey Aiidzhanov
         ","82255","TC_55!378 (Lang: en) | Bid:55!378-en.au.Auth","tests.US_55_ReTestsManual.saii-d3v","Mon Jun 23 23:45:56 GMT 2025","failed","Mon Jun 23 23:47:19 GMT 2025","TestManualDetectedBugs","US_55-saii-d3v_ReTestsManual_test","",""
"
         Check: The ""Trading Conditions"" table is not visible on the page ""Trade Australia 200 - AU200au CFD""
         Language: DE, EN.
         License: ASIC, CYSEC.
         Author: Sergey Aiidzhanov
         ","43065","TC_55!507 (Lang: en) | Bid:55!507-en.au.Auth","tests.US_55_ReTestsManual.saii-d3v","Tue Jun 24 00:09:32 GMT 2025","passed","Tue Jun 24 00:10:16 GMT 2025","TestManualDetectedBugs","US_55-saii-d3v_ReTestsManual_test","",""
"
        Check:  Not possible to vote for another trading instrument
                in the block ""What is your sentiment...""  if on another page voted for another instrument
        Language: All.
        License/Country: All
        Role: NoReg, NoAuth, Auth
        Author: Artem Dashkov
        ","44283","TC_55!074 (Lang: en) | Bid:55!074-en.de.NoAuth","tests.US_55_ReTestsManual.artemdashkov","Mon Jun 23 22:51:14 GMT 2025","failed","Mon Jun 23 22:51:58 GMT 2025","TestManualDetected","US_55-artemdashkov_ReTestsManual_test","",""
"
        Check: Menu section [Markets] > Menu item [Shares] > “Rivian Automotive, Inc.” page > Click the link “initial
                public offering (IPO)” in the  block “Rivian Automotive Inc. Company profile”
        Language: EN
        License: SCA, FCA
        Author: Kasila
        ","43723","TC_55!401 (Lang: en) | Bid:55!401-en.ae.Auth","tests.US_55_ReTestsManual.tassobaccato","Tue Jun 24 00:57:28 GMT 2025","failed","Tue Jun 24 00:58:12 GMT 2025","TestManualDetectedBugs","US_55-tassobaccato_ReTestsManual_test","",""
"
         Check: The Search field in the header is not opened after performed search
         Language: All.
         License: SCB.
         Author: Sergey Aiidzhanov
         ","19021","TC_55!160 (Lang: ru) | Bid:55!160-ru.ua.NoReg","tests.US_55_ReTestsManual.saii-d3v","Mon Jun 23 23:09:56 GMT 2025","skipped","Mon Jun 23 23:10:15 GMT 2025","TestManualDetectedBugs","US_55-saii-d3v_ReTestsManual_test","",""
"
        Check: The trading calculator is collapsed in the menu section [Markets] --> [CFD calculator]
        after setting the maximum duration on the Prof/Loss element and changing the asset
        Language: En.
        Country: CYSEC, SCB
        Role: NoReg, Auth, NoAuth,
        calc_1_and_calc_2:  (""GBP/USD"", ""EUR/USD""),
                            (""EUR/USD"", ""GBP/USD""),
                            (""Gold"", ""Natural Gas""),
                            (""Natural Gas"", ""Gold""),
                            (""Germany 40"", ""US Tech 100""),
                            (""US Tech 100"", ""Germany 40"")
        Author: Artem Dashkov
        ","36883","TC_55!104 (Lang: en) | Bid:55!104-en.ua.Auth","tests.US_55_ReTestsManual.artemdashkov","Mon Jun 23 22:52:36 GMT 2025","skipped","Mon Jun 23 22:53:12 GMT 2025","TestManualDetected","US_55-artemdashkov_ReTestsManual_test","",""
"
        Check: Menu section [Markets] > Menu item [Market analysis] > Article ""Solana price prediction: Can SOL
                rebound?"" > Click on the [Could Solana become a Cardano side-chain?] item in the ""Table of Contents"" >
                Click on the [announced] link in the text
        Language: EN
        License: ASIC
        Author: Kasila
        ","172037","TC_55!514 (Lang: en) | Bid:55!514-en.au.NoReg","tests.US_55_ReTestsManual.tassobaccato","Tue Jun 24 01:11:20 GMT 2025","broken","Tue Jun 24 01:14:12 GMT 2025","TestManualDetectedBugs","US_55-tassobaccato_ReTestsManual_test","",""
"
        Check: Menu section [Learn] > Menu item [Market guides] > Click on the ""Commodity trading guide"" link >
                Click on the ""commodities market"" link
        Language: NL
        License: CYSEC
        Author: Kasila
        ","48675","TC_55!660 (Lang: nl) | Bid:55!660-nl.nl.NoAuth","tests.US_55_ReTestsManual.tassobaccato","Tue Jun 24 01:42:26 GMT 2025","broken","Tue Jun 24 01:43:15 GMT 2025","TestManualDetectedBugs","US_55-tassobaccato_ReTestsManual_test","",""
"
        Check:  Click to the dropdown [Regional settings] > Click to the dropdown [Countries] >
                Click the [Search] input field > Enter value ""Honk"" > Check that country 'Honk Kong & Taiwan'
                displayed in search results

        Language: EN - FCA, SCA; AR - SCA
        License/Country: FCA, SCA
        Role: NoReg, NoAuth, Auth
        Author: podchasova11
        ","24565","TC_55!363 (Lang: en) | Bid:55!363-en.au.NoReg","tests.US_55_ReTestsManual.mila_podchasova","Tue Jun 24 02:02:13 GMT 2025","failed","Tue Jun 24 02:02:38 GMT 2025","TestManualDetectedBugs","US_55-mila_podchasova_ReTestsManual_test","",""
"
         Check: The corresponding video does not open after click on the banner ""Market outlook with David Jones""
         Language: ALL.
         License: SCB.
         Author: Sergey Aiidzhanov
         ","3","TC_55!366 (Lang: hu) | Bid:55!366-hu.ua.Auth","tests.US_55_ReTestsManual.saii-d3v","Mon Jun 23 23:42:05 GMT 2025","skipped","Mon Jun 23 23:42:05 GMT 2025","TestManualDetectedBugs","US_55-saii-d3v_ReTestsManual_test","",""
"
        Check: Menu section [Trading] > Menu item [CFD trading] > Click the link [Go CFD trading guide] in  the block
                ""Read more before you trade"" > Check links in the block ""What is a contract for difference (CFD)?""
        Language: EN, AR, DE
        License: ASIC, SCA, CYSEC
        Author: Kasila
        ","31945","TC_55!432 (Lang: ar) | Bid:55!432-ar.ae.NoAuth","tests.US_55_ReTestsManual.tassobaccato","Tue Jun 24 01:07:40 GMT 2025","failed","Tue Jun 24 01:08:12 GMT 2025","TestManualDetectedBugs","US_55-tassobaccato_ReTestsManual_test","",""
"
        Check: Menu section [Trading] > Menu item [CFD calculator] > ""How to start trading"" block > Click on the
                [Sign up] button > Close the “Sign up” form
        Language: All
        License: All, except SCB (UA country)
        Author: Kasila
        ","25978","TC_55!612 (Lang: en) | Bid:55!612-en.ae.NoReg","tests.US_55_ReTestsManual.tassobaccato","Tue Jun 24 01:26:01 GMT 2025","passed","Tue Jun 24 01:26:27 GMT 2025","TestManualDetectedBugs","US_55-tassobaccato_ReTestsManual_test","",""
"
         Check: The Search field in the header is not opened after performed search
         Language: All.
         License: SCB.
         Author: Sergey Aiidzhanov
         ","20590","TC_55!160 (Lang: hu) | Bid:55!160-hu.ua.NoReg","tests.US_55_ReTestsManual.saii-d3v","Mon Jun 23 23:08:36 GMT 2025","skipped","Mon Jun 23 23:08:57 GMT 2025","TestManualDetectedBugs","US_55-saii-d3v_ReTestsManual_test","",""
"
        Check: Menu section [Trading] > Menu item [CFD calculator]
                > Click the link “overnight funding, spread costs” in the block “Trading calculator”
        Language: EN
        License: ASIC
        Author: Kasila
        ","42318","TC_55!627 (Lang: en) | Bid:55!627-en.au.NoAuth","tests.US_55_ReTestsManual.tassobaccato","Tue Jun 24 01:38:12 GMT 2025","failed","Tue Jun 24 01:38:54 GMT 2025","TestManualDetectedBugs","US_55-tassobaccato_ReTestsManual_test","",""
"
         Check: The ""Trading Conditions"" table is not visible on the page ""Trade Australia 200 - AU200au CFD""
         Language: DE, EN.
         License: ASIC, CYSEC.
         Author: Sergey Aiidzhanov
         ","6","TC_55!507 (Lang: de) | Bid:55!507-de.au.NoAuth","tests.US_55_ReTestsManual.saii-d3v","Tue Jun 24 00:11:41 GMT 2025","skipped","Tue Jun 24 00:11:41 GMT 2025","TestManualDetectedBugs","US_55-saii-d3v_ReTestsManual_test","",""
"
        Check: Link [Learn more about us] on block Contents?
        Language: En.
        License: FCA
        ","2","TC_55!031v2 (Lang: en) | Bid:55!031v2-en.gb.Auth","tests.US_55_ReTestsManual.AlexTomQA","Mon Jun 23 22:38:03 GMT 2025","skipped","Mon Jun 23 22:38:03 GMT 2025","TestManualDetected","US_55-AlexTomQA_ReTestsManual_test","",""
"
        Check: Main page > tab [Corporate] > block “Why Open a Corporate Account with Capital.com?”  > Pay attention to
                the value of the ""Traders"" item
        Language: EN
        License: ASIC
        Author: Kasila
        ","36694","TC_55!399a (Lang: en) | Bid:55!399a-en.au.Auth","tests.US_55_ReTestsManual.tassobaccato","Tue Jun 24 00:53:21 GMT 2025","failed","Tue Jun 24 00:53:58 GMT 2025","TestManualDetectedBugs","US_55-tassobaccato_ReTestsManual_test","",""
"
         Check: Error message is displayed after clicking the link ""support and resistance""
         of the block “How to trade using RSI and other indicators”
         on the page “RSI trading strategy: An educational guide”
         Language: EN.
         License: CB.
         Author: Sergey Aiidzhanov
         ","18814","TC_55!332b (Lang: en) | Bid:55!332b-en.ua.NoReg","tests.US_55_ReTestsManual.saii-d3v","Mon Jun 23 23:33:51 GMT 2025","skipped","Mon Jun 23 23:34:10 GMT 2025","TestManualDetectedBugs","US_55-saii-d3v_ReTestsManual_test","",""
"
         Check: The Trading Guides page is not opened after clicking the link [Handelsleitfäden] (trading guides)
         on the page [Demo-Konto] (Demo Account) in DE lang
         Language: DE.
         License: SCB.
         Author: Sergey Aiidzhanov
         ","31798","TC_55!085 (Lang: de) | Bid:55!085-de.ua.Auth","tests.US_55_ReTestsManual.saii-d3v","Mon Jun 23 23:03:37 GMT 2025","skipped","Mon Jun 23 23:04:09 GMT 2025","TestManualDetectedBugs","US_55-saii-d3v_ReTestsManual_test","",""
"
        Check: Button [Create account] button in the Menu item [Trading Courses]
        Language: All.
        License: Not FCA
        Author  : Ivan Kedrov
        ","4","TC_55!062 (Lang: es) | Bid:55!062-es.de.Auth","tests.US_55_ReTestsManual.AlexTomQA","Mon Jun 23 22:38:03 GMT 2025","skipped","Mon Jun 23 22:38:03 GMT 2025","TestManualDetected","US_55-AlexTomQA_ReTestsManual_test","",""
"
        Check: Menu section [Trading] > Menu item [CFD trading] > Click the link [Go CFD trading guide] in  the block
                ""Read more before you trade"" > Check links in the block ""What is a contract for difference (CFD)?""
        Language: EN, AR, DE
        License: ASIC, SCA, CYSEC
        Author: Kasila
        ","31290","TC_55!432 (Lang: ar) | Bid:55!432-ar.ae.Auth","tests.US_55_ReTestsManual.tassobaccato","Tue Jun 24 01:05:26 GMT 2025","failed","Tue Jun 24 01:05:57 GMT 2025","TestManualDetectedBugs","US_55-tassobaccato_ReTestsManual_test","",""
"
        Check:  Not possible to vote for another trading instrument
                in the block ""What is your sentiment...""  if on another page voted for another instrument
        Language: All.
        License/Country: All
        Role: NoReg, NoAuth, Auth
        Author: Artem Dashkov
        ","42476","TC_55!074 (Lang: en) | Bid:55!074-en.de.Auth","tests.US_55_ReTestsManual.artemdashkov","Mon Jun 23 22:50:31 GMT 2025","failed","Mon Jun 23 22:51:13 GMT 2025","TestManualDetected","US_55-artemdashkov_ReTestsManual_test","",""
"
         Check: Hover over menu section [Learn] >
                Click the menu item [Market guides] of the menu title [For trading beginners] >
                Click the link “Shares trading guide” >
                Click the link “Learn more about IPOs.” >
                Click the link “liquidity”

         Language: EN
         License: SCA / FCA / ASIC / CYSEC
         Author: Aleksei Kurochkin
         ","26027","TC_55!587 (Lang: en) | Bid:55!587-en.de.NoReg","tests.US_55_ReTestsManual.K_Alex_N","Tue Jun 24 02:27:59 GMT 2025","broken","Tue Jun 24 02:28:25 GMT 2025","TestManualDetectedBugs","US_55_K_Alex_N_ReTestsManual_test","",""
"
        Check: Main page > tab [Corporate] > block “Why Open a Corporate Account with Capital.com?”  > Pay attention to
                the value of the ""Active clients monthly"" item
        Language: EN
        License: ASIC
        Author: Kasila
        ","39205","TC_55!399b (Lang: en) | Bid:55!399b-en.au.NoAuth","tests.US_55_ReTestsManual.tassobaccato","Tue Jun 24 00:55:38 GMT 2025","failed","Tue Jun 24 00:56:17 GMT 2025","TestManualDetectedBugs","US_55-tassobaccato_ReTestsManual_test","",""
"
        Check: Menu section [Learn] > Menu item  [Market guides] > Click the link “Shares trading guide”
                > Сlick the link “Netflix” > Сlick the link “Trade Coca-Cola shares”
                > Сlick the link “KO” in the block “Performance of the Coca-Cola stock in recent years”
        Language: EN
        License: FCA
        Author: Kasila
        ","21270","TC_55!624 (Lang: en) | Bid:55!624-en.au.Auth","tests.US_55_ReTestsManual.tassobaccato","Tue Jun 24 01:35:01 GMT 2025","broken","Tue Jun 24 01:35:22 GMT 2025","TestManualDetectedBugs","US_55-tassobaccato_ReTestsManual_test","",""
"
        Check: Menu section [Trading] > Menu item [Demo trading] > Block [Our CFD markets] > Click button [More] in the
                tile [Cryptocurrencies]
        Language: AR
        License: SCA
        Author: Kasila
        ","42715","TC_55!655 (Lang: ar) | Bid:55!655-ar.ae.Auth","tests.US_55_ReTestsManual.tassobaccato","Tue Jun 24 01:39:31 GMT 2025","failed","Tue Jun 24 01:40:14 GMT 2025","TestManualDetectedBugs","US_55-tassobaccato_ReTestsManual_test","",""
"
         Check: The corresponding video does not open after click on the banner ""Market outlook with David Jones""
         Language: ALL.
         License: SCB.
         Author: Sergey Aiidzhanov
         ","2","TC_55!366 (Lang: ru) | Bid:55!366-ru.ua.Auth","tests.US_55_ReTestsManual.saii-d3v","Mon Jun 23 23:42:05 GMT 2025","skipped","Mon Jun 23 23:42:05 GMT 2025","TestManualDetectedBugs","US_55-saii-d3v_ReTestsManual_test","",""
"
        Check:  Menu section [Markets] >
                Menu item [Market analysis] >
                Scroll down to the block “pagination” >
                Click the link ""11""
                Click the link “BP share price forecast” >
                Сlick the link “Capital.com Research Team” >
        Language: EN
        License/Country: SCA
        Role: NoReg, NoAuth, Auth
        Author: podchasova11
        ","41016","TC_55!405 (Lang: en) | Bid:55!405-en.ae.NoAuth","tests.US_55_ReTestsManual.mila_podchasova","Tue Jun 24 02:05:04 GMT 2025","failed","Tue Jun 24 02:05:45 GMT 2025","TestManualDetectedBugs","US_55-mila_podchasova_ReTestsManual_test","",""
"
        Check: Web pages with URLs of the FCA license are opened after clicking any of 5 links in the block “Italy 40”
            on the page “Italy 40” when SCA license and EN language is selected.
        Language: EN
        License: SCA
        Author: Kasila
        ","47757","TC_55!360 (Lang: en) | Bid:55!360-en.ae.Auth","tests.US_55_ReTestsManual.tassobaccato","Tue Jun 24 00:42:05 GMT 2025","failed","Tue Jun 24 00:42:53 GMT 2025","TestManualDetectedBugs","US_55-tassobaccato_ReTestsManual_test","",""
"
        Check: Link [Learn more about us] on block Contents?
        Language: En.
        License: FCA
        ","2","TC_55!031v2 (Lang: en) | Bid:55!031v2-en.gb.NoAuth","tests.US_55_ReTestsManual.AlexTomQA","Mon Jun 23 22:38:03 GMT 2025","skipped","Mon Jun 23 22:38:03 GMT 2025","TestManualDetected","US_55-AlexTomQA_ReTestsManual_test","",""
"
         Check: The corresponding video does not open after click on the banner ""Market outlook with David Jones""
         Language: ALL.
         License: SCB.
         Author: Sergey Aiidzhanov
         ","2","TC_55!366 (Lang: hu) | Bid:55!366-hu.ua.NoAuth","tests.US_55_ReTestsManual.saii-d3v","Mon Jun 23 23:42:05 GMT 2025","skipped","Mon Jun 23 23:42:05 GMT 2025","TestManualDetectedBugs","US_55-saii-d3v_ReTestsManual_test","",""
"
        Check: Menu section [Learn] > Menu item  [Market guides] > Click the link “Shares trading guide”
                > Сlick the link “Netflix” > Сlick the link “Trade Coca-Cola shares”
                > Сlick the link “KO” in the block “Performance of the Coca-Cola stock in recent years”
        Language: EN
        License: FCA
        Author: Kasila
        ","39292","TC_55!624 (Lang: en) | Bid:55!624-en.ae.NoReg","tests.US_55_ReTestsManual.tassobaccato","Tue Jun 24 01:32:23 GMT 2025","passed","Tue Jun 24 01:33:02 GMT 2025","TestManualDetectedBugs","US_55-tassobaccato_ReTestsManual_test","",""
"
        Check:  The trading platform is opened, not the page
                of the corresponding trading instrument on the trading platform
        Language: All.
        License: Not FCA
        Author: Artem Dashkov
        ","33649","TC_55!016a (Lang: pl) | Bid:55!016a-pl.de.Auth","tests.US_55_ReTestsManual.artemdashkov","Mon Jun 23 22:38:06 GMT 2025","failed","Mon Jun 23 22:38:39 GMT 2025","TestManualDetected","US_55-artemdashkov_ReTestsManual_test","",""
"
         Check: The modal window ""Log in to your Facebook account"" is not opened
                after clicking the button [Facebook] in the Signup / Log in form
                on any page when EN/AR language and SCA license is selected
         Language: AR, EN.
         License: SCA.
         Author: Sergey Aiidzhanov
         ","18748","TC_55!299 (Lang: en) | Bid:55!299-en.ae.NoAuth","tests.US_55_ReTestsManual.saii-d3v","Mon Jun 23 23:21:58 GMT 2025","failed","Mon Jun 23 23:22:17 GMT 2025","TestManualDetectedBugs","US_55-saii-d3v_ReTestsManual_test","",""
"
         Check: There are no search results on the Search page when any language except EN is selected.
         Language: All, except EN.
         License: CB.
         Author: Sergey Aiidzhanov
         ","21199","TC_55!292 (Lang: ru) | Bid:55!292-ru.ua.NoReg","tests.US_55_ReTestsManual.saii-d3v","Mon Jun 23 23:19:20 GMT 2025","skipped","Mon Jun 23 23:19:41 GMT 2025","TestManualDetectedBugs","US_55-saii-d3v_ReTestsManual_test","",""
"
         Check: The modal window ""Log in to your Facebook account"" is not opened
                after clicking the button [Facebook] in the Signup / Log in form
                on any page when EN/AR language and SCA license is selected
         Language: AR, EN.
         License: SCA.
         Author: Sergey Aiidzhanov
         ","20150","TC_55!299 (Lang: ar) | Bid:55!299-ar.ae.NoReg","tests.US_55_ReTestsManual.saii-d3v","Mon Jun 23 23:19:41 GMT 2025","broken","Mon Jun 23 23:20:02 GMT 2025","TestManualDetectedBugs","US_55-saii-d3v_ReTestsManual_test","",""
"
        Check: Filters application in the 'Live shares prices' widget
        Language: All
        License: SCB
        Author: Kasila
        ","32048","TC_55!048 (Lang: de) | Bid:55!048-de.ua.NoReg","tests.US_55_ReTestsManual.tassobaccato","Tue Jun 24 00:24:49 GMT 2025","skipped","Tue Jun 24 00:25:21 GMT 2025","TestManualDetectedBugs","US_55-tassobaccato_ReTestsManual_test","",""
"
         Check: Only the text of the [Inflation news] button is displayed
         without clickable area and button styling on the sidebar of the ""Market Analysis"" page,
         when SCB license and EN language are selected.
         Language: EN.
         License: SCB.
         Author: Sergey Aiidzhanov
         ","35481","TC_55!379 (Lang: en) | Bid:55!379-en.ua.NoAuth","tests.US_55_ReTestsManual.saii-d3v","Mon Jun 23 23:59:42 GMT 2025","skipped","Tue Jun 24 00:00:17 GMT 2025","TestManualDetectedBugs","US_55-saii-d3v_ReTestsManual_test","",""
"
         Check: Error message ""The page you were looking for doesnt exist""
         is displayed when clicking the link [How-to guides]
         in block “Looking for more?” on the page [Trading courses]
         Language: All.
         License: SCB.
         Role: NoReg | NoAuth | Auth
         Author: podchasova11
         ","35754","TC_55!350b (Lang: en) | Bid:55!350b-en.ua.NoAuth","tests.US_55_ReTestsManual.mila_podchasova","Tue Jun 24 01:52:44 GMT 2025","skipped","Tue Jun 24 01:53:20 GMT 2025","TestManualDetectedBugs","US_55-mila_podchasova_ReTestsManual_test","",""
"
        Check: TC_55!388 | Menu section [Trading] > Menu item [Web platform] > Check the text “وقف الخسائر المتحركة” in the
                block “Risk-management tools”
        Language: AR
        License: SCA
        Author: Kasila
        ","32787","TC_55!388 (Lang: ar) | Bid:55!388-ar.ae.NoReg","tests.US_55_ReTestsManual.tassobaccato","Tue Jun 24 00:51:00 GMT 2025","broken","Tue Jun 24 00:51:33 GMT 2025","TestManualDetectedBugs","US_55-tassobaccato_ReTestsManual_test","",""
"
        Check: TC_55!380 | The relevant pages of ""Social networks"" aren't opened after clicking the Social Network Icons
                when EN language and SCA license are selected.
        Language: EN
        License: SCA
        Author: Kasila
        ","33562","TC_55!380 (Lang: en) | Bid:55!380-en.ae.NoReg","tests.US_55_ReTestsManual.tassobaccato","Tue Jun 24 00:47:38 GMT 2025","failed","Tue Jun 24 00:48:12 GMT 2025","TestManualDetectedBugs","US_55-tassobaccato_ReTestsManual_test","",""
"
        Check: Menu section [Learn] > Menu item [Market guides] > Click on the “Oil trading guide” link >
                Сlick the [Try demo]/[Start oil trading] button > Close the “Sign up” form
        Language: All
        License: All, except SCB (UA country)
        Author: Kasila
        ","25742","TC_55!604 (Lang: en) | Bid:55!604-en.gb.NoReg","tests.US_55_ReTestsManual.tassobaccato","Tue Jun 24 01:22:09 GMT 2025","broken","Tue Jun 24 01:22:35 GMT 2025","TestManualDetectedBugs","US_55-tassobaccato_ReTestsManual_test","",""
"
         Check: The page is refreshed instead of opening the Login form after clicking the [Log In] button
                on the Search page
         Language: All.
         License: SCB.
         Author: Sergey Aiidzhanov
         ","32179","TC_55!053 (Lang: ru) | Bid:55!053-ru.ua.NoAuth","tests.US_55_ReTestsManual.saii-d3v","Mon Jun 23 23:01:47 GMT 2025","skipped","Mon Jun 23 23:02:19 GMT 2025","TestManualDetectedBugs","US_55-saii-d3v_ReTestsManual_test","",""
"
         Check: FCA license is selected instead of ASIC/CYSEC/SCA on trading instrument page
         after clicking any of trading instrument links
         on the page “Lloyds forecast: will Lloyds share price return to £1? Third party data forecast”
         Language: EN.
         License: SCA.
         Author: Sergey Aiidzhanov
         ","79590","TC_55!378 (Lang: en) | Bid:55!378-en.au.NoReg","tests.US_55_ReTestsManual.saii-d3v","Mon Jun 23 23:52:55 GMT 2025","failed","Mon Jun 23 23:54:15 GMT 2025","TestManualDetectedBugs","US_55-saii-d3v_ReTestsManual_test","",""
"
        Check: presence of the sidebar ""Crypto Trading Guide"" on the ""Cryptocurrencies vs. Stocks:
        What's the Difference?"" page.
        Language: EN
        License: SCB
        Author: Kasila
        ","19892","TC_55!077a (Lang: en) | Bid:55!077a-en.ua.Auth","tests.US_55_ReTestsManual.tassobaccato","Tue Jun 24 00:26:45 GMT 2025","skipped","Tue Jun 24 00:27:05 GMT 2025","TestManualDetectedBugs","US_55-tassobaccato_ReTestsManual_test","",""
"
        Check: Button [Google Play] on the block CFD Trading app
        Language: All.
        License: Not FCA
        Author  : Ivan Kedrov
        ","26812","TC_55!029 (Lang: es) | Bid:55!029-es.de.NoReg","tests.US_55_ReTestsManual.AlexTomQA","Mon Jun 23 22:36:43 GMT 2025","skipped","Mon Jun 23 22:37:10 GMT 2025","TestManualDetected","US_55-AlexTomQA_ReTestsManual_test","",""
"
         Check: Error message is displayed after clicking the link “NASDAQ stock exchange”
         in the block “GOOGL Company profile” on the page “Trade Alphabet Inc - A - GOOGL CFD”
         Language: EN.
         License: SCB.
         Author: Sergey Aiidzhanov
         ","20533","TC_55!359b (Lang: en) | Bid:55!359b-en.ua.NoReg","tests.US_55_ReTestsManual.saii-d3v","Mon Jun 23 23:39:38 GMT 2025","skipped","Mon Jun 23 23:39:58 GMT 2025","TestManualDetectedBugs","US_55-saii-d3v_ReTestsManual_test","",""
"
         Check: The Greece flag is displayed instead of Cyprus in the header
         Language: EL.
         License: CYSEC.
         Author: Sergey Aiidzhanov
         ","31320","TC_55!605 (Lang: el) | Bid:55!605-el.gr.NoReg","tests.US_55_ReTestsManual.saii-d3v","Tue Jun 24 00:16:04 GMT 2025","broken","Tue Jun 24 00:16:35 GMT 2025","TestManualDetectedBugs","US_55-saii-d3v_ReTestsManual_test","",""
"
        Check:  Menu section [Markets] >
                Menu item [Market analysis] >
                Scroll down to the block “pagination” >
                Click the link ""11""
                Click the link “BP share price forecast” >
                Сlick the link “Capital.com Research Team” >
        Language: EN
        License/Country: SCA
        Role: NoReg, NoAuth, Auth
        Author: podchasova11
        ","39281","TC_55!405 (Lang: en) | Bid:55!405-en.ae.Auth","tests.US_55_ReTestsManual.mila_podchasova","Tue Jun 24 02:04:25 GMT 2025","failed","Tue Jun 24 02:05:04 GMT 2025","TestManualDetectedBugs","US_55-mila_podchasova_ReTestsManual_test","",""
"
         Check: FCA license is selected instead of ASIC/CYSEC/SCA on trading instrument page
         after clicking any of trading instrument links
         on the page “Lloyds forecast: will Lloyds share price return to £1? Third party data forecast”
         Language: EN.
         License: SCA.
         Author: Sergey Aiidzhanov
         ","77384","TC_55!378 (Lang: en) | Bid:55!378-en.au.NoReg","tests.US_55_ReTestsManual.saii-d3v","Mon Jun 23 23:48:44 GMT 2025","failed","Mon Jun 23 23:50:02 GMT 2025","TestManualDetectedBugs","US_55-saii-d3v_ReTestsManual_test","",""
"
        Check:  Sign up/log in/forms or the transition to the trading platform are
                not opened after clicking the [Try now] button in ""Why choose
                Capital.com?.."" Block in the menu item [Our Mobile Apps]
        Language: All.
        License: Not FCA
        Author: Artem Dashkov
        ","32458","TC_55!017 (Lang: hu) | Bid:55!017-hu.de.NoAuth","tests.US_55_ReTestsManual.artemdashkov","Mon Jun 23 22:41:19 GMT 2025","failed","Mon Jun 23 22:41:51 GMT 2025","TestManualDetected","US_55-artemdashkov_ReTestsManual_test","",""
"
        Check:  The trading platform is opened, not the page
                of the corresponding trading instrument on the trading platform
        Language: All.
        License: Not FCA
        Author: Artem Dashkov
        ","15977","TC_55!016a (Lang: hu) | Bid:55!016a-hu.de.Auth","tests.US_55_ReTestsManual.artemdashkov","Mon Jun 23 22:38:40 GMT 2025","failed","Mon Jun 23 22:38:56 GMT 2025","TestManualDetected","US_55-artemdashkov_ReTestsManual_test","",""
"
         Check: Error message is displayed after clicking the link ""أكثر"" (More)
         in the tile ""العملات المشفرة"" (Cryptocurrencies) on the page ""تجريبي"" (Demo)
         when AR language and SCA license is selected
         Language: AR.
         License: SCA.
         Author: Sergey Aiidzhanov
         ","42603","TC_55!305 (Lang: ar) | Bid:55!305-ar.ae.NoAuth","tests.US_55_ReTestsManual.saii-d3v","Mon Jun 23 23:23:01 GMT 2025","failed","Mon Jun 23 23:23:43 GMT 2025","TestManualDetectedBugs","US_55-saii-d3v_ReTestsManual_test","",""
"
        Check: Menu section [Trading] > Menu item [Demo trading] > Block [Our CFD markets] > Click button [More] in the
                tile [Cryptocurrencies]
        Language: AR
        License: SCA
        Author: Kasila
        ","44412","TC_55!655 (Lang: ar) | Bid:55!655-ar.ae.NoAuth","tests.US_55_ReTestsManual.tassobaccato","Tue Jun 24 01:40:14 GMT 2025","failed","Tue Jun 24 01:40:58 GMT 2025","TestManualDetectedBugs","US_55-tassobaccato_ReTestsManual_test","",""
"
        Check: Menu section [Trading] > Menu item [CFD calculator] > ""How to start trading"" block > Click on the
                [Sign up] button > Close the “Sign up” form
        Language: All
        License: All, except SCB (UA country)
        Author: Kasila
        ","25041","TC_55!612 (Lang: en) | Bid:55!612-en.de.NoReg","tests.US_55_ReTestsManual.tassobaccato","Tue Jun 24 01:27:19 GMT 2025","passed","Tue Jun 24 01:27:44 GMT 2025","TestManualDetectedBugs","US_55-tassobaccato_ReTestsManual_test","",""
"
        Check: Button [Create account] button in the Menu item [Trading Courses]
        Language: All.
        License: Not FCA
        Author  : Ivan Kedrov
        ","2","TC_55!062 (Lang: en) | Bid:55!062-en.ua.Auth","tests.US_55_ReTestsManual.AlexTomQA","Mon Jun 23 22:38:03 GMT 2025","skipped","Mon Jun 23 22:38:03 GMT 2025","TestManualDetected","US_55-AlexTomQA_ReTestsManual_test","",""
"
         Check: Hover over to [Markets] menu section >
                Click to [Market analysis] menu item>  
                Go through pages and find article ""Solana price prediction: Can SOL rebound?"" >
                Click to [Solana to US Dollar] anchor link in ""Table of Contents"" block

         Language: EN
         License: ASIC
         Author: Aleksei Kurochkin
         ","30557","TC_55!513 (Lang: en) | Bid:55!513-en.au.NoReg","tests.US_55_ReTestsManual.K_Alex_N","Tue Jun 24 02:28:25 GMT 2025","broken","Tue Jun 24 02:28:56 GMT 2025","TestManualDetectedBugs","US_55_K_Alex_N_ReTestsManual_test","",""
"
         Check: The corresponding video does not open after click on the banner ""Market outlook with David Jones""
         Language: ALL.
         License: SCB.
         Author: Sergey Aiidzhanov
         ","3","TC_55!366 (Lang: ru) | Bid:55!366-ru.ua.NoReg","tests.US_55_ReTestsManual.saii-d3v","Mon Jun 23 23:42:05 GMT 2025","skipped","Mon Jun 23 23:42:05 GMT 2025","TestManualDetectedBugs","US_55-saii-d3v_ReTestsManual_test","",""
"
         Check: Menu section [Markets] >
                Menu item (Commodities) >
                Scroll down to the block “Commodities markets” >
                Click the link “Silver” in the widget “Trading instrument” >
                Scroll down to the block “Latest commodities articles” >
                Click the article link “Why is the silver price falling? Sinks further below the pivotal $20 mark” >
                Scroll down to the block “What is the outlook for silver prices?”

         Language: EN
         License: ASIC
         Author: Aleksei Kurochkin
         ","181601","TC_55!429 (Lang: en) | Bid:55!429-en.au.NoAuth","tests.US_55_ReTestsManual.K_Alex_N","Tue Jun 24 02:23:19 GMT 2025","failed","Tue Jun 24 02:26:21 GMT 2025","TestManualDetectedBugs","US_55_K_Alex_N_ReTestsManual_test","",""
"
        Check: Menu section [Trading] > Menu item [CFD calculator] > ""How to start trading"" block > Click on the
                [Sign up] button > Close the “Sign up” form
        Language: All
        License: All, except SCB (UA country)
        Author: Kasila
        ","21263","TC_55!612 (Lang: en) | Bid:55!612-en.au.NoAuth","tests.US_55_ReTestsManual.tassobaccato","Tue Jun 24 01:29:21 GMT 2025","passed","Tue Jun 24 01:29:42 GMT 2025","TestManualDetectedBugs","US_55-tassobaccato_ReTestsManual_test","",""
"
         Check: Error message is displayed when clicking the link [How-to guides]
         in block “Looking for more?” on the page [Trading courses]
         Language: All.
         License: CYSEC, ASIC.
         Role: NoReg | NoAuth | Auth
         Author: podchasova11
         ","41314","TC_55!350a (Lang: de) | Bid:55!350a-de.au.NoAuth","tests.US_55_ReTestsManual.mila_podchasova","Tue Jun 24 01:50:51 GMT 2025","failed","Tue Jun 24 01:51:32 GMT 2025","TestManualDetectedBugs","US_55-mila_podchasova_ReTestsManual_test","",""
"
        Check: Clicking [numeric values] in the Buy column in Menu tittle Markets does not open the
                Sign-Up /Login form or page of the corresponding trading instrument on the trading platform using
                English or Arabic language.
        Language: EN, AR
        License: SCA
        Author: Kasila
        ","28962","TC_55!322b (Lang: ar) | Bid:55!322b-ar.ae.NoReg","tests.US_55_ReTestsManual.tassobaccato","Tue Jun 24 00:38:17 GMT 2025","failed","Tue Jun 24 00:38:46 GMT 2025","TestManualDetectedBugs","US_55-tassobaccato_ReTestsManual_test","",""
"
        Check: Menu section [Trading] > Menu item [CFD calculator] > ""How to start trading"" block > Click on the
                [Sign up] button > Close the “Sign up” form
        Language: All
        License: All, except SCB (UA country)
        Author: Kasila
        ","21399","TC_55!612 (Lang: en) | Bid:55!612-en.gb.NoAuth","tests.US_55_ReTestsManual.tassobaccato","Tue Jun 24 01:30:24 GMT 2025","passed","Tue Jun 24 01:30:45 GMT 2025","TestManualDetectedBugs","US_55-tassobaccato_ReTestsManual_test","",""
"
         Check: The Trading Guides page is not opened after clicking the link [Handelsleitfäden] (trading guides)
         on the page [Demo-Konto] (Demo Account) in DE lang
         Language: DE.
         License: SCB.
         Author: Sergey Aiidzhanov
         ","19803","TC_55!085 (Lang: de) | Bid:55!085-de.ua.NoReg","tests.US_55_ReTestsManual.saii-d3v","Mon Jun 23 23:04:41 GMT 2025","skipped","Mon Jun 23 23:05:01 GMT 2025","TestManualDetectedBugs","US_55-saii-d3v_ReTestsManual_test","",""
"
         Check: The block ""Experienced traders"" on the page ""Learn"" is not in viewport
         after clicking the link ""Learn to trade"" on the page ""Why Capital.com?""
         Language: AR.
         License: SCA.
         Author: Sergey Aiidzhanov
         ","34875","TC_55!373 (Lang: ar) | Bid:55!373-ar.ae.NoReg","tests.US_55_ReTestsManual.saii-d3v","Mon Jun 23 23:45:21 GMT 2025","failed","Mon Jun 23 23:45:56 GMT 2025","TestManualDetectedBugs","US_55-saii-d3v_ReTestsManual_test","",""
"
         Check: Error message is displayed after clicking the link ""أكثر"" (More)
         in the tile ""العملات المشفرة"" (Cryptocurrencies) on the page ""تجريبي"" (Demo)
         when AR language and SCA license is selected
         Language: AR.
         License: SCA.
         Author: Sergey Aiidzhanov
         ","35172","TC_55!305 (Lang: ar) | Bid:55!305-ar.ae.NoReg","tests.US_55_ReTestsManual.saii-d3v","Mon Jun 23 23:23:44 GMT 2025","failed","Mon Jun 23 23:24:19 GMT 2025","TestManualDetectedBugs","US_55-saii-d3v_ReTestsManual_test","",""
"
         Check: Error message is displayed after clicking the link ""Stochastic Oscillator""
         of the block “How to trade using RSI and other indicators”
         on the page “RSI trading strategy: An educational guide”
         Language: EN.
         License: CB.
         Author: Sergey Aiidzhanov
         ","37725","TC_55!332a (Lang: en) | Bid:55!332a-en.ua.NoAuth","tests.US_55_ReTestsManual.saii-d3v","Mon Jun 23 23:31:42 GMT 2025","skipped","Mon Jun 23 23:32:20 GMT 2025","TestManualDetectedBugs","US_55-saii-d3v_ReTestsManual_test","",""
"
        Check: Main page > tab [Corporate] > block “Why Open a Corporate Account with Capital.com?”  > Pay attention to
                the value of the ""Traders"" item
        Language: EN
        License: ASIC
        Author: Kasila
        ","27334","TC_55!399a (Lang: en) | Bid:55!399a-en.au.NoReg","tests.US_55_ReTestsManual.tassobaccato","Tue Jun 24 00:52:54 GMT 2025","failed","Tue Jun 24 00:53:21 GMT 2025","TestManualDetectedBugs","US_55-tassobaccato_ReTestsManual_test","",""
"
         Check: The page with 404 error message is displayed after clicking any link
         of the block ""Az árutőzsdei kereskedés alapjai"" (The essentials of commodities trading)
         on the ""Árucikkek"" (Commodities) page
         Language: HU.
         License: CYSEC.
         Author: Sergey Aiidzhanov
         ","55961","TC_55!651 (Lang: hu) | Bid:55!651-hu.hu.Auth","tests.US_55_ReTestsManual.saii-d3v","Tue Jun 24 00:18:25 GMT 2025","broken","Tue Jun 24 00:19:21 GMT 2025","TestManualDetectedBugs","US_55-saii-d3v_ReTestsManual_test","",""
"
        Check: Clicking [numeric values] in the Buy column in Menu tittle Markets does not open the
                Sign-Up /Login form or page of the corresponding trading instrument on the trading platform using
                English or Arabic language.
        Language: EN, AR
        License: SCA
        Author: Kasila
        ","43817","TC_55!322b (Lang: en) | Bid:55!322b-en.ae.NoReg","tests.US_55_ReTestsManual.tassobaccato","Tue Jun 24 00:37:33 GMT 2025","failed","Tue Jun 24 00:38:17 GMT 2025","TestManualDetectedBugs","US_55-tassobaccato_ReTestsManual_test","",""
"
        Opened the Trading platform page
        instead [My Account] menu after clicking the [My account] button
        Language: AR
        License: SCA.
        Country: AE.
        Author: podchasova11
        ","14589","TC_55!285ar (Lang: ar) | Bid:55!285ar-ar.ae.Auth","tests.US_55_ReTestsManual.mila_podchasova","Tue Jun 24 01:48:23 GMT 2025","failed","Tue Jun 24 01:48:38 GMT 2025","TestManualDetectedBugs","US_55-mila_podchasova_ReTestsManual_test","",""
"
        Check: Main page > Menu items of the menu section [Pricing] in the ""Footer""
        Language: EN
        License: SCA, ASIC
        Author: Kasila
        ","38590","TC_55!420 (Lang: en) | Bid:55!420-en.ae.NoAuth","tests.US_55_ReTestsManual.tassobaccato","Tue Jun 24 01:01:21 GMT 2025","broken","Tue Jun 24 01:02:00 GMT 2025","TestManualDetectedBugs","US_55-tassobaccato_ReTestsManual_test","",""
"
         Check: The main page in EN language is opened after click on the link [Go to all commodities]
                on the ""Commodities trading"" page when AR, IT, NL, PL, RO, CN language is selected
         Language: AR, IT, NL, PL, RO, CN.
         License: SCB.
         Author: Sergey Aiidzhanov
         ","32115","TC_55!052 (Lang: ro) | Bid:55!052-ro.ua.NoReg","tests.US_55_ReTestsManual.saii-d3v","Mon Jun 23 22:59:39 GMT 2025","skipped","Mon Jun 23 23:00:11 GMT 2025","TestManualDetectedBugs","US_55-saii-d3v_ReTestsManual_test","",""
"
        Check: Button [Google Play] on the block CFD Trading app
        Language: All.
        License: Not FCA
        Author  : Ivan Kedrov
        ","28388","TC_55!029 (Lang: en) | Bid:55!029-en.de.NoReg","tests.US_55_ReTestsManual.AlexTomQA","Mon Jun 23 22:35:21 GMT 2025","skipped","Mon Jun 23 22:35:49 GMT 2025","TestManualDetected","US_55-AlexTomQA_ReTestsManual_test","",""
"
         Check: The Trading platform overview page does not open when
         the button [Platform overview] is pressed on the ""Investmate app"" page

         Author: podchasova11
         ","40815","TC_55!038 (Lang: en) | Bid:55!038-en.de.Auth","tests.US_55_ReTestsManual.mila_podchasova","Tue Jun 24 01:46:11 GMT 2025","failed","Tue Jun 24 01:46:52 GMT 2025","TestManualDetectedBugs","US_55-mila_podchasova_ReTestsManual_test","",""
