"DESCRIPTION","DURATION IN MS","NAME","PARENT SUITE","START TIME","STATUS","STOP TIME","SUB SUITE","SUITE","TEST CLASS","TEST METHOD"
"
         Check: Error message “DNS_PROBE_FINISHED_NXDOMAIN” is displayed
         after clicking any of 12 links in the text on the page “Stock Market Trading Hours”
         when EN language is selected
         Language: EN.
         License: SCA.
         Author: Sergey Aiidzhanov
         ","34139","TC_55!307 (Lang: en) | Bid:55!307-en.ae.Auth","tests.US_55_ReTestsManual.saii-d3v","Tue Jul 08 00:34:26 GMT 2025","failed","Tue Jul 08 00:35:00 GMT 2025","TestManualDetectedBugs","US_55-saii-d3v_ReTestsManual_test","",""
"
        Check: Menu section [Markets] > Menu item [Market analysis] > Article ""Solana price prediction: Can SOL
                rebound?"" > Click on the [Could Solana become a Cardano side-chain?] item in the ""Table of Contents"" >
                Click on the [announced] link in the text
        Language: EN
        License: ASIC
        Author: Kasila
        ","37192","TC_55!514 (Lang: en) | Bid:55!514-en.au.Auth","tests.US_55_ReTestsManual.tassobaccato","Tue Jul 08 03:08:40 GMT 2025","broken","Tue Jul 08 03:09:18 GMT 2025","TestManualDetectedBugs","US_55-tassobaccato_ReTestsManual_test","",""
"
        Check:  Navigate to the Menu section [Pricing] >
                Click the Menu item [Charges and fees] >
                Scroll page down to the block ""Deposits and withdrawals"" >
                Click link [here]
        Language: IT
        License/Country: CYSEC/IT
        Role: NoReg, NoAuth, Auth
        Author: Artem Dashkov
        ","29796","TC_55!691 (Lang: it) | Bid:55!691-it.it.Auth","tests.US_55_ReTestsManual.artemdashkov","Tue Jul 08 00:03:31 GMT 2025","failed","Tue Jul 08 00:04:01 GMT 2025","TestManualDetected","US_55-artemdashkov_ReTestsManual_test","",""
"
        Check:  Menu section [Trading] >
                Menu item [CFD trading] >
                Scroll down to the block “Read more before you trade” >
                Click link ""Go CFD trading guide"" >
                Scroll down to the block ""What is a contract for difference (CFD)?"" /
                Click link ""indices""
        Language: EN
        License/Country: FCA
        Role: NoReg, NoAuth, Auth
        Author: Artem Dashkov
        ","29196","TC_55!411 (Lang: en) | Bid:55!411-en.gb.NoReg","tests.US_55_ReTestsManual.artemdashkov","Mon Jul 07 23:22:36 GMT 2025","failed","Mon Jul 07 23:23:05 GMT 2025","TestManualDetected","US_55-artemdashkov_ReTestsManual_test","",""
"
        Check: Button [Google Play] on the block CFD Trading app
        Language: All.
        License: Not FCA
        Author  : Ivan Kedrov
        ","23354","TC_55!029 (Lang: es) | Bid:55!029-es.au.Auth","tests.US_55_ReTestsManual.AlexTomQA","Mon Jul 07 22:33:54 GMT 2025","skipped","Mon Jul 07 22:34:17 GMT 2025","TestManualDetected","US_55-AlexTomQA_ReTestsManual_test","",""
"
         Check: The modal window ""Log in to your Facebook account"" is not opened
                after clicking the button [Facebook] in the Signup / Log in form
                on any page when EN/AR language and SCA license is selected
         Language: AR, EN.
         License: SCA.
         Author: Sergey Aiidzhanov
         ","35604","TC_55!299 (Lang: ar) | Bid:55!299-ar.ae.NoAuth","tests.US_55_ReTestsManual.saii-d3v","Tue Jul 08 00:31:53 GMT 2025","broken","Tue Jul 08 00:32:29 GMT 2025","TestManualDetectedBugs","US_55-saii-d3v_ReTestsManual_test","",""
"
        Check:  Navigate to the Menu section [Learn] >
                Click the Menu item [Market guides] >
                Scroll page down to tile ""What is indices trading?"" >
                Click link [Indices trading guide]
                Scroll page down to tile ""Popular indices to trade"" >
                Click link [VIX]
                Scroll page down to tile ""History of the VIX"" >
                Click link [S&P 100]
        Language: EN
        License/Country: FCA
        Role: NoReg, NoAuth, Auth
        Author: Artem Dashkov
        ","32971","TC_55!697 (Lang: en) | Bid:55!697-en.gb.NoAuth","tests.US_55_ReTestsManual.artemdashkov","Tue Jul 08 00:07:14 GMT 2025","failed","Tue Jul 08 00:07:47 GMT 2025","TestManualDetected","US_55-artemdashkov_ReTestsManual_test","",""
"
         Check: menu section [Pricing]  > 
                menu item [Charges and fees] > 
                block ""Trading"" > 
                click link [Find out more]
         Language: EN
         License: SCA, FCA, CYSEC or ASIC
         Author: Aleksei Kurochkin
         ","13150","TC_55!603 (Lang: en) | Bid:55!603-en.de.NoAuth","tests.US_55_ReTestsManual.K_Alex_N","Tue Jul 08 03:48:47 GMT 2025","passed","Tue Jul 08 03:49:00 GMT 2025","TestForFixedBugs","US_55_K_Alex_N_ReTestsManual_test","",""
"
        Check: Field [email] in Sign up form
        Language: All.
        License/Country: de/CYSEC, au/ASIC,
        Role: NoReg, NoAuth,
        Login: ['КИРИЛЛИЦА_без_пробелов@gmail.com', 'LATIN with space@gmail.com'],
        Password: ['VALID_password44!']
        Author: Artem Dashkov
        ","29077","TC_55!045a (Lang: it) | Bid:55!045a-it.ua.NoReg","tests.US_55_ReTestsManual.artemdashkov","Mon Jul 07 22:44:15 GMT 2025","skipped","Mon Jul 07 22:44:44 GMT 2025","TestManualDetected","US_55-artemdashkov_ReTestsManual_test","",""
"
        Check: Button [Create account] button in the Menu item [Trading Courses]
        Language: All.
        License: Not FCA
        Author  : Ivan Kedrov
        ","2","TC_55!062 (Lang: ar) | Bid:55!062-ar.de.Auth","tests.US_55_ReTestsManual.AlexTomQA","Mon Jul 07 22:35:49 GMT 2025","skipped","Mon Jul 07 22:35:49 GMT 2025","TestManualDetected","US_55-AlexTomQA_ReTestsManual_test","",""
"
         Check: Scrolling is disabled after changing one CYSEC country to another
         Language: EN.
         License: CYSEC.
         Author: Sergey Aiidzhanov
         ","30120","TC_55!613 (Lang: en) | Bid:55!613-en.dk.Auth","tests.US_55_ReTestsManual.saii-d3v","Tue Jul 08 02:28:35 GMT 2025","broken","Tue Jul 08 02:29:05 GMT 2025","TestManualDetectedBugs","US_55-saii-d3v_ReTestsManual_test","",""
"
        Check: Button [Google Play] on the block CFD Trading app
        Language: All.
        License: Not FCA
        Author  : Ivan Kedrov
        ","23870","TC_55!029 (Lang: es) | Bid:55!029-es.au.NoReg","tests.US_55_ReTestsManual.AlexTomQA","Mon Jul 07 22:33:30 GMT 2025","skipped","Mon Jul 07 22:33:54 GMT 2025","TestManualDetected","US_55-AlexTomQA_ReTestsManual_test","",""
"
         Check: There are no search results on the Search page when any language except EN is selected.
         Language: All, except EN.
         License: CB.
         Author: Sergey Aiidzhanov
         ","28592","TC_55!292 (Lang: ru) | Bid:55!292-ru.ua.Auth","tests.US_55_ReTestsManual.saii-d3v","Tue Jul 08 00:28:53 GMT 2025","skipped","Tue Jul 08 00:29:21 GMT 2025","TestManualDetectedBugs","US_55-saii-d3v_ReTestsManual_test","",""
"
         Check: Hover over menu section [Learn] >
                Click the menu item [Market guides] of the menu title [For trading beginners] >
                Click the link “Shares trading guide” >
                Click the link “Learn more about IPOs.” >
                Click the link “liquidity”

         Language: EN
         License: SCA / FCA / ASIC / CYSEC
         Author: Aleksei Kurochkin
         ","16807","TC_55!587 (Lang: en) | Bid:55!587-en.gb.Auth","tests.US_55_ReTestsManual.K_Alex_N","Tue Jul 08 04:01:28 GMT 2025","broken","Tue Jul 08 04:01:45 GMT 2025","TestManualDetectedBugs","US_55_K_Alex_N_ReTestsManual_test","",""
"
        Check: presence of the sidebar ""Crypto Trading Guide"" on the ""Bitcoin Gold"" page.
        Language: EN, DE, ZH, RU, ES,IT, PL
        License: SCB
        Author: Kasila
        ","18030","TC_55!077b (Lang: en) | Bid:55!077b-en.ua.Auth","tests.US_55_ReTestsManual.tassobaccato","Tue Jul 08 02:37:53 GMT 2025","skipped","Tue Jul 08 02:38:11 GMT 2025","TestManualDetectedBugs","US_55-tassobaccato_ReTestsManual_test","",""
"
        Check: The page is refreshed after clicking the link “educational app Investmate” in the block “Investmate” on
            the page “Mobile apps” when EN language is selected (SCA license).
        Language: EN
        License: SCA
        Author: Kasila
        ","28930","TC_55!308 (Lang: en) | Bid:55!308-en.ae.NoAuth","tests.US_55_ReTestsManual.tassobaccato","Tue Jul 08 02:42:06 GMT 2025","broken","Tue Jul 08 02:42:35 GMT 2025","TestManualDetectedBugs","US_55-tassobaccato_ReTestsManual_test","",""
"
        Check: Menu section [Markets] > Menu item [Market analysis] > Article ""Solana price prediction: Can SOL
                rebound?"" > Click on the [Could Solana become a Cardano side-chain?] item in the ""Table of Contents"" >
                Click on the [announced] link in the text
        Language: EN
        License: ASIC
        Author: Kasila
        ","37672","TC_55!514 (Lang: en) | Bid:55!514-en.au.NoAuth","tests.US_55_ReTestsManual.tassobaccato","Tue Jul 08 03:09:18 GMT 2025","broken","Tue Jul 08 03:09:56 GMT 2025","TestManualDetectedBugs","US_55-tassobaccato_ReTestsManual_test","",""
"
         Check: Error message ""The page you were looking for doesnt exist""
         is displayed when clicking the link [How-to guides]
         in block “Looking for more?” on the page [Trading courses]
         Language: All.
         License: SCB.
         Role: NoReg | NoAuth | Auth
         Author: podchasova11
         ","28292","TC_55!350b (Lang: en) | Bid:55!350b-en.ua.Auth","tests.US_55_ReTestsManual.mila_podchasova","Tue Jul 08 03:34:15 GMT 2025","skipped","Tue Jul 08 03:34:43 GMT 2025","TestManualDetectedBugs","US_55-mila_podchasova_ReTestsManual_test","",""
"
         Check: All links on the page ""استراتيجية التداول الموضعي"" (Position trading strategy)
         lead on the EN pages on the old site version when AR language is selected
         Language: AR.
         License: SCA.
         Author: Sergey Aiidzhanov
         ","36760","TC_55!392 (Lang: ar) | Bid:55!392-ar.ae.NoAuth","tests.US_55_ReTestsManual.saii-d3v","Tue Jul 08 02:18:24 GMT 2025","failed","Tue Jul 08 02:19:01 GMT 2025","TestManualDetectedBugs","US_55-saii-d3v_ReTestsManual_test","",""
"
        Check: Menu section [Learn] > Menu item [Market guides] > Click on the “Oil trading guide” link >
                Сlick the [Try demo]/[Start oil trading] button > Close the “Sign up” form
        Language: All
        License: All, except SCB (UA country)
        Author: Kasila
        ","20265","TC_55!604 (Lang: de) | Bid:55!604-de.de.NoReg","tests.US_55_ReTestsManual.tassobaccato","Tue Jul 08 03:11:05 GMT 2025","passed","Tue Jul 08 03:11:26 GMT 2025","TestManualDetectedBugs","US_55-tassobaccato_ReTestsManual_test","",""
"
        Check: Clicking [numeric values] in the Buy column in Menu tittle Markets does not open the
                Sign-Up /Login form or page of the corresponding trading instrument on the trading platform using
                English or Arabic language.
        Language: EN, AR
        License: SCA
        Author: Kasila
        ","25316","TC_55!322b (Lang: en) | Bid:55!322b-en.ae.NoAuth","tests.US_55_ReTestsManual.tassobaccato","Tue Jul 08 02:46:10 GMT 2025","failed","Tue Jul 08 02:46:35 GMT 2025","TestManualDetectedBugs","US_55-tassobaccato_ReTestsManual_test","",""
"
        Check: Web pages with URLs of the FCA license are opened after clicking any of 5 links in the block “Italy 40”
            on the page “Italy 40” when SCA license and EN language is selected.
        Language: EN
        License: SCA
        Author: Kasila
        ","39429","TC_55!360 (Lang: en) | Bid:55!360-en.ae.Auth","tests.US_55_ReTestsManual.tassobaccato","Tue Jul 08 02:47:27 GMT 2025","failed","Tue Jul 08 02:48:06 GMT 2025","TestManualDetectedBugs","US_55-tassobaccato_ReTestsManual_test","",""
"
         Check: FCA license is selected instead of ASIC/CYSEC/SCA on trading instrument page
         after clicking any of trading instrument links
         on the page “Lloyds forecast: will Lloyds share price return to £1? Third party data forecast”
         Language: EN.
         License: SCA.
         Author: Sergey Aiidzhanov
         ","40149","TC_55!378 (Lang: en) | Bid:55!378-en.de.NoReg","tests.US_55_ReTestsManual.saii-d3v","Tue Jul 08 02:11:25 GMT 2025","failed","Tue Jul 08 02:12:05 GMT 2025","TestManualDetectedBugs","US_55-saii-d3v_ReTestsManual_test","",""
"
        Check:  Click to the dropdown [Regional settings] > Click to the dropdown [Countries] >
                Click the [Search] input field > Enter value ""Honk"" > Check that country 'Honk Kong & Taiwan'
                displayed in search results

        Language: EN - FCA, SCA; AR - SCA
        License/Country: FCA, SCA
        Role: NoReg, NoAuth, Auth
        Author: podchasova11
        ","21635","TC_55!363 (Lang: en) | Bid:55!363-en.au.NoReg","tests.US_55_ReTestsManual.mila_podchasova","Tue Jul 08 03:40:40 GMT 2025","failed","Tue Jul 08 03:41:02 GMT 2025","TestManualDetectedBugs","US_55-mila_podchasova_ReTestsManual_test","",""
"
        Check:  The ""Charges and fees"" page is opened instead ""Client funds"" page,
                when clicked [How we manage your money] link in ""You might also be interested in..."" block
                on the ""How Capital.com makes money"" page for AR language is selected.
        Language: AR
        Country: SCA
        Role: NoReg, Auth, NoAuth
        Author: Artem Dashkov
        ","23527","TC_55!257 (Lang: ar) | Bid:55!257-ar.ae.NoReg","tests.US_55_ReTestsManual.artemdashkov","Mon Jul 07 22:59:19 GMT 2025","failed","Mon Jul 07 22:59:42 GMT 2025","TestManualDetected","US_55-artemdashkov_ReTestsManual_test","",""
"
        Check:  The Main page is opened instead of the Cryptocurrencies page on the page
                ""Cryptocurrency trading"" after clicking the button [Go to all cryptocurrencies]
                when RO, IT, PL or CN language is selected
        Language: RO, IT, PL, CN.
        Country: CYSEC, SCB
        Role: NoReg, Auth, NoAuth,
        Author: Artem Dashkov
        ","17977","TC_55!129 (Lang: pl) | Bid:55!129-pl.ua.NoAuth","tests.US_55_ReTestsManual.artemdashkov","Mon Jul 07 22:50:25 GMT 2025","skipped","Mon Jul 07 22:50:43 GMT 2025","TestManualDetected","US_55-artemdashkov_ReTestsManual_test","",""
"
        Check: Menu section [Learn] > Menu item  [Market guides] > Click the link “Shares trading guide”
                > Сlick the link “Netflix” > Сlick the link “Trade Coca-Cola shares”
                > Сlick the link “KO” in the block “Performance of the Coca-Cola stock in recent years”
        Language: EN
        License: FCA
        Author: Kasila
        ","18228","TC_55!624 (Lang: en) | Bid:55!624-en.au.Auth","tests.US_55_ReTestsManual.tassobaccato","Tue Jul 08 03:22:04 GMT 2025","broken","Tue Jul 08 03:22:22 GMT 2025","TestManualDetectedBugs","US_55-tassobaccato_ReTestsManual_test","",""
"
        Check: Main page > tab [Corporate] > block “Why Open a Corporate Account with Capital.com?”  > Pay attention to
                the value of the ""Traders"" item
        Language: EN
        License: ASIC
        Author: Kasila
        ","23691","TC_55!399a (Lang: en) | Bid:55!399a-en.au.NoAuth","tests.US_55_ReTestsManual.tassobaccato","Tue Jul 08 02:56:28 GMT 2025","failed","Tue Jul 08 02:56:52 GMT 2025","TestManualDetectedBugs","US_55-tassobaccato_ReTestsManual_test","",""
"
         Check: The corresponding video does not open after click on the banner ""Market outlook with David Jones""
         Language: ALL.
         License: SCB.
         Author: Sergey Aiidzhanov
         ","2","TC_55!366 (Lang: el) | Bid:55!366-el.ua.NoReg","tests.US_55_ReTestsManual.saii-d3v","Tue Jul 08 02:06:44 GMT 2025","skipped","Tue Jul 08 02:06:44 GMT 2025","TestManualDetectedBugs","US_55-saii-d3v_ReTestsManual_test","",""
"
         Check: Error message “DNS_PROBE_FINISHED_NXDOMAIN” is displayed
         after clicking any of 12 links in the text on the page “Stock Market Trading Hours”
         when EN language is selected
         Language: EN.
         License: SCA.
         Author: Sergey Aiidzhanov
         ","34822","TC_55!307 (Lang: en) | Bid:55!307-en.ae.NoAuth","tests.US_55_ReTestsManual.saii-d3v","Tue Jul 08 00:35:00 GMT 2025","failed","Tue Jul 08 00:35:35 GMT 2025","TestManualDetectedBugs","US_55-saii-d3v_ReTestsManual_test","",""
"
         Check: FCA license is selected instead of ASIC/CYSEC/SCA on trading instrument page
         after clicking any of trading instrument links
         on the page “Lloyds forecast: will Lloyds share price return to £1? Third party data forecast”
         Language: EN.
         License: SCA.
         Author: Sergey Aiidzhanov
         ","44860","TC_55!378 (Lang: en) | Bid:55!378-en.de.NoAuth","tests.US_55_ReTestsManual.saii-d3v","Tue Jul 08 02:12:52 GMT 2025","failed","Tue Jul 08 02:13:37 GMT 2025","TestManualDetectedBugs","US_55-saii-d3v_ReTestsManual_test","",""
"
        Check:  Click to the dropdown [Regional settings] > Click to the dropdown [Countries] >
                Scroll down to the ""Honk Kong & Taiwan"" > Select ""Honk Kong & Taiwan"" > Click the button [Apply]
                > Check country in Dropdown [Country & Language]
        Language: EN - FCA, SCA; AR - SCA
        License/Country: FCA, SCA
        Role: NoReg, NoAuth, Auth
        Author: Artem Dashkov
        ","28911","TC_55!362 (Lang: en) | Bid:55!362-en.ae.Auth","tests.US_55_ReTestsManual.artemdashkov","Mon Jul 07 23:10:52 GMT 2025","failed","Mon Jul 07 23:11:21 GMT 2025","TestManualDetected","US_55-artemdashkov_ReTestsManual_test","",""
"
         Check: Error 404 page is opened after click on any Trading instrument link
         in the widget on the ""Spread betting"" page
         Language: EN.
         License: FCA, FCA.
         Author: Sergey Aiidzhanov
         ","32270","TC_55!364 (Lang: en) | Bid:55!364-en.gb.NoAuth","tests.US_55_ReTestsManual.saii-d3v","Tue Jul 08 02:05:42 GMT 2025","broken","Tue Jul 08 02:06:14 GMT 2025","TestManualDetectedBugs","US_55-saii-d3v_ReTestsManual_test","",""
"
        Check: Menu section [Markets] > Menu item [Shares] > “Rivian Automotive, Inc.” page > Click the link “initial
                public offering (IPO)” in the  block “Rivian Automotive Inc. Company profile”
        Language: EN
        License: SCA, FCA
        Author: Kasila
        ","15824","TC_55!401 (Lang: en) | Bid:55!401-en.gb.Auth","tests.US_55_ReTestsManual.tassobaccato","Tue Jul 08 02:59:15 GMT 2025","failed","Tue Jul 08 02:59:30 GMT 2025","TestManualDetectedBugs","US_55-tassobaccato_ReTestsManual_test","",""
"
        Check:  Navigate to the Menu section [Markets] >
                Click the Menu item [Market analysis] >
                Find article [Bitcoin price predictions 2025–2050: third-party price target] >
                Scroll to the link [Goldman Sachs] >
                Click link [Goldman Sachs] >
        Language: AR
        License/Country: SCA
        Role: NoReg, NoAuth, Auth
        Author: Artem Dashkov
        ","53803","TC_55!678 (Lang: ar) | Bid:55!678-ar.ae.NoAuth","tests.US_55_ReTestsManual.artemdashkov","Mon Jul 07 23:55:53 GMT 2025","failed","Mon Jul 07 23:56:47 GMT 2025","TestManualDetected","US_55-artemdashkov_ReTestsManual_test","",""
"
        Check: Main page > tab [Corporate] > block “Why Open a Corporate Account with Capital.com?”  > Pay attention to
                the value of the ""Traders"" item
        Language: EN
        License: ASIC
        Author: Kasila
        ","24589","TC_55!399a (Lang: en) | Bid:55!399a-en.au.Auth","tests.US_55_ReTestsManual.tassobaccato","Tue Jul 08 02:56:03 GMT 2025","failed","Tue Jul 08 02:56:28 GMT 2025","TestManualDetectedBugs","US_55-tassobaccato_ReTestsManual_test","",""
"
        Check:  Menu section [About] >
                Menu item [Help] >
                Scroll down to the block 'Still looking for help? Get in touch' >
                Try to click link '+97145768641' and 'support@capital.com'
        Language: AR
        License/Country: SCA
        Role: NoReg, NoAuth, Auth
        Author: Artem Dashkov
        ","32734","TC_55!610 (Lang: ar) | Bid:55!610-ar.ae.NoAuth","tests.US_55_ReTestsManual.artemdashkov","Mon Jul 07 23:37:47 GMT 2025","failed","Mon Jul 07 23:38:20 GMT 2025","TestManualDetected","US_55-artemdashkov_ReTestsManual_test","",""
"
        Check: Menu section [Trading] > Menu item [CFD trading] > Click the link [Go CFD trading guide] in  the block
                ""Read more before you trade"" > Check links in the block ""What is a contract for difference (CFD)?""
        Language: EN, AR, DE
        License: ASIC, SCA, CYSEC
        Author: Kasila
        ","14080","TC_55!432 (Lang: de) | Bid:55!432-de.de.Auth","tests.US_55_ReTestsManual.tassobaccato","Tue Jul 08 03:04:56 GMT 2025","failed","Tue Jul 08 03:05:10 GMT 2025","TestManualDetectedBugs","US_55-tassobaccato_ReTestsManual_test","",""
"
         Check: The page ""Oops, this help center no longer exists""
         is opened after clicking the link [Help Center] of the page ""Contact us""
         Language: All.
         License: CYSEC.
         Role: NoReg | NoAuth | Auth
         Author: podchasova11
         ","29083","TC_55!326 (Lang: en) | Bid:55!326-en.de.NoAuth","tests.US_55_ReTestsManual.mila_podchasova","Tue Jul 08 03:31:54 GMT 2025","failed","Tue Jul 08 03:32:23 GMT 2025","TestManualDetectedBugs","US_55-mila_podchasova_ReTestsManual_test","",""
"
        Check: Menu section [About] > Menu item [Compliance & Legals] > Click on the link  ""Spread"" in the “Spread” block
        Language: EL
        License: CYSEC
        Author: Kasila
        ","27812","TC_55!664 (Lang: el) | Bid:55!664-el.gr.NoAuth","tests.US_55_ReTestsManual.tassobaccato","Tue Jul 08 03:28:49 GMT 2025","failed","Tue Jul 08 03:29:17 GMT 2025","TestManualDetectedBugs","US_55-tassobaccato_ReTestsManual_test","",""
"
         Check: The ""Trading Conditions"" table is not visible on the page ""Trade Australia 200 - AU200au CFD""
         Language: DE, EN.
         License: ASIC, CYSEC.
         Author: Sergey Aiidzhanov
         ","14832","TC_55!507 (Lang: en) | Bid:55!507-en.de.Auth","tests.US_55_ReTestsManual.saii-d3v","Tue Jul 08 02:25:01 GMT 2025","passed","Tue Jul 08 02:25:16 GMT 2025","TestManualDetectedBugs","US_55-saii-d3v_ReTestsManual_test","",""
"
         Check: Error message is displayed after clicking the link ""Stochastic Oscillator""
         of the block “How to trade using RSI and other indicators”
         on the page “RSI trading strategy: An educational guide”
         Language: EN.
         License: CB.
         Author: Sergey Aiidzhanov
         ","28378","TC_55!332a (Lang: en) | Bid:55!332a-en.ua.Auth","tests.US_55_ReTestsManual.saii-d3v","Tue Jul 08 00:38:48 GMT 2025","skipped","Tue Jul 08 00:39:17 GMT 2025","TestManualDetectedBugs","US_55-saii-d3v_ReTestsManual_test","",""
"
        Check:  Click to the dropdown [Regional settings] > Click to the dropdown [Countries] >
                Click the [Search] input field > Enter value ""Honk"" > Check that country 'Honk Kong & Taiwan'
                displayed in search results

        Language: EN - FCA, SCA; AR - SCA
        License/Country: FCA, SCA
        Role: NoReg, NoAuth, Auth
        Author: podchasova11
        ","28535","TC_55!363 (Lang: ar) | Bid:55!363-ar.ae.Auth","tests.US_55_ReTestsManual.mila_podchasova","Tue Jul 08 03:39:42 GMT 2025","failed","Tue Jul 08 03:40:10 GMT 2025","TestManualDetectedBugs","US_55-mila_podchasova_ReTestsManual_test","",""
"
        Check: Menu section [Trading] > Menu item [CFD calculator]
                > Click the link “overnight funding, spread costs” in the block “Trading calculator”
        Language: EN
        License: ASIC
        Author: Kasila
        ","27561","TC_55!627 (Lang: en) | Bid:55!627-en.au.NoAuth","tests.US_55_ReTestsManual.tassobaccato","Tue Jul 08 03:24:26 GMT 2025","failed","Tue Jul 08 03:24:53 GMT 2025","TestManualDetectedBugs","US_55-tassobaccato_ReTestsManual_test","",""
"
        Check: presence of the sidebar ""Crypto Trading Guide"" on the ""Cryptocurrencies vs. Stocks:
        What's the Difference?"" page.
        Language: EN
        License: SCB
        Author: Kasila
        ","28479","TC_55!077a (Lang: en) | Bid:55!077a-en.ua.NoReg","tests.US_55_ReTestsManual.tassobaccato","Tue Jul 08 02:36:10 GMT 2025","skipped","Tue Jul 08 02:36:38 GMT 2025","TestManualDetectedBugs","US_55-tassobaccato_ReTestsManual_test","",""
"
         Check: The main page in EN language is opened after click on the link [Go to all commodities]
                on the ""Commodities trading"" page when AR, IT, NL, PL, RO, CN language is selected
         Language: AR, IT, NL, PL, RO, CN.
         License: SCB.
         Author: Sergey Aiidzhanov
         ","28349","TC_55!052 (Lang: it) | Bid:55!052-it.ua.NoReg","tests.US_55_ReTestsManual.saii-d3v","Tue Jul 08 00:13:55 GMT 2025","skipped","Tue Jul 08 00:14:23 GMT 2025","TestManualDetectedBugs","US_55-saii-d3v_ReTestsManual_test","",""
"
        Check:  Click the Menu section [Markets] >
                Scroll down to the widget ""All markets"" >
                ""CHF"" write in the search >
                Click link [CHF/JPY] >
                Scroll down to the block ""Swiss franc vs Japanese yen"" >
                Click link [indices]
        Language: EN
        License/Country: ASIC, SCA
        Role: NoReg, NoAuth, Auth
        Author: Artem Dashkov
        ","18516","TC_55!455 (Lang: en) | Bid:55!455-en.ae.Auth","tests.US_55_ReTestsManual.artemdashkov","Mon Jul 07 23:29:20 GMT 2025","failed","Mon Jul 07 23:29:39 GMT 2025","TestManualDetected","US_55-artemdashkov_ReTestsManual_test","",""
"
        Check:  Click the Menu section [Markets] >
                Scroll down to the widget ""All markets"" >
                ""CHF"" write in the search >
                Click link [CHF/JPY] >
                Scroll down to the block ""Swiss franc vs Japanese yen"" >
                Click link [indices]
        Language: EN
        License/Country: ASIC, SCA
        Role: NoReg, NoAuth, Auth
        Author: Artem Dashkov
        ","32990","TC_55!455 (Lang: en) | Bid:55!455-en.gb.NoAuth","tests.US_55_ReTestsManual.artemdashkov","Mon Jul 07 23:29:39 GMT 2025","failed","Mon Jul 07 23:30:12 GMT 2025","TestManualDetected","US_55-artemdashkov_ReTestsManual_test","",""
"
        Check:  Sign up/log in/forms or the transition to the trading platform are
                not opened after clicking the [Try now] button in ""Why choose
                Capital.com?.."" Block in the menu item [Our Mobile Apps]
        Language: All.
        License: Not FCA
        Author: Artem Dashkov
        ","28149","TC_55!017 (Lang: ro) | Bid:55!017-ro.ua.Auth","tests.US_55_ReTestsManual.artemdashkov","Mon Jul 07 22:39:07 GMT 2025","skipped","Mon Jul 07 22:39:35 GMT 2025","TestManualDetected","US_55-artemdashkov_ReTestsManual_test","",""
"
         Check: The block ""Experienced traders"" on the page ""Learn"" is not in viewport
         after clicking the link ""Learn to trade"" on the page ""Why Capital.com?""
         Language: AR.
         License: SCA.
         Author: Sergey Aiidzhanov
         ","32959","TC_55!373 (Lang: ar) | Bid:55!373-ar.ae.NoAuth","tests.US_55_ReTestsManual.saii-d3v","Tue Jul 08 02:08:51 GMT 2025","failed","Tue Jul 08 02:09:24 GMT 2025","TestManualDetectedBugs","US_55-saii-d3v_ReTestsManual_test","",""
"
         Check: The page with “404 error” message is displayed
                after clicking the link [تعلّم التداول] (Learn to trade)
                in the tile [ترغب في تحسين استراتيجياتك؟] (Looking to sharpen your strategies?)
                on the page ""تعلّم التداول"" (Learn to trade) when AR language is selected
         Language: AR.
         License: SCA.
         Author: Sergey Aiidzhanov
         ","28534","TC_55!273 (Lang: ar) | Bid:55!273-ar.ae.NoReg","tests.US_55_ReTestsManual.saii-d3v","Tue Jul 08 00:25:58 GMT 2025","failed","Tue Jul 08 00:26:27 GMT 2025","TestManualDetectedBugs","US_55-saii-d3v_ReTestsManual_test","",""
"
        Check:  Menu section  [Trading] (Trading) >
                Menu item [Applications mobiles] (Mobile apps) >
                Click the link “CFD” in the block
                “Les applications mobiles de Capital.com” (Capital.com mobile apps) >

        Language: FR, IT
        License/Country: CYSEC
        Role: NoReg, NoAuth, Auth
        Author: podchasova11
        ","31582","TC_55!594 (Lang: de) | Bid:55!594-de.de.Auth","tests.US_55_ReTestsManual.mila_podchasova","Tue Jul 08 03:46:45 GMT 2025","failed","Tue Jul 08 03:47:17 GMT 2025","TestManualDetectedBugs","US_55-mila_podchasova_ReTestsManual_test","",""
"
        Check: Field [email] in Sign up form
        Language: All.
        License/Country: de/CYSEC, au/ASIC,
        Role: NoReg, NoAuth,
        Login: ['КИРИЛЛИЦА_без_пробелов@gmail.com', 'LATIN with space@gmail.com'],
        Password: ['VALID_password44!']
        Author: Artem Dashkov
        ","18426","TC_55!045a (Lang: zh) | Bid:55!045a-zh.ua.NoAuth","tests.US_55_ReTestsManual.artemdashkov","Mon Jul 07 22:43:57 GMT 2025","skipped","Mon Jul 07 22:44:15 GMT 2025","TestManualDetected","US_55-artemdashkov_ReTestsManual_test","",""
"
        Check: Menu section [Learn] > Menu item [Market guides] > Click on the “Oil trading guide” link >
                Сlick the [Try demo]/[Start oil trading] button > Close the “Sign up” form
        Language: All
        License: All, except SCB (UA country)
        Author: Kasila
        ","21824","TC_55!604 (Lang: en) | Bid:55!604-en.gb.NoReg","tests.US_55_ReTestsManual.tassobaccato","Tue Jul 08 03:11:47 GMT 2025","broken","Tue Jul 08 03:12:09 GMT 2025","TestManualDetectedBugs","US_55-tassobaccato_ReTestsManual_test","",""
"
         Check: The page ""Trading products"" is opened after clicking the link [Our mobile Apps]
                in the tile ""Industry-leading features for an industry-leading platform""
                on the page ""Why Capital.com?"" when any language (except EN) is selected
         Language: All, except EN.
         License: SCB.
         Author: Sergey Aiidzhanov
         ","24377","TC_55!288 (Lang: ru) | Bid:55!288-ru.ua.Auth","tests.US_55_ReTestsManual.saii-d3v","Tue Jul 08 00:26:27 GMT 2025","skipped","Tue Jul 08 00:26:51 GMT 2025","TestManualDetectedBugs","US_55-saii-d3v_ReTestsManual_test","",""
"
        Check:  Menu section  [Trading] (Trading) >
                Menu item [Applications mobiles] (Mobile apps) >
                Click the link “CFD” in the block
                “Les applications mobiles de Capital.com” (Capital.com mobile apps) >

        Language: FR, IT
        License/Country: CYSEC
        Role: NoReg, NoAuth, Auth
        Author: podchasova11
        ","31741","TC_55!594 (Lang: de) | Bid:55!594-de.de.NoAuth","tests.US_55_ReTestsManual.mila_podchasova","Tue Jul 08 03:47:17 GMT 2025","failed","Tue Jul 08 03:47:49 GMT 2025","TestManualDetectedBugs","US_55-mila_podchasova_ReTestsManual_test","",""
"
        Check: Menu section [Markets] > Menu item [Shares] > “Rivian Automotive, Inc.” page > Click the link “initial
                public offering (IPO)” in the  block “Rivian Automotive Inc. Company profile”
        Language: EN
        License: SCA, FCA
        Author: Kasila
        ","25926","TC_55!401 (Lang: en) | Bid:55!401-en.ae.NoReg","tests.US_55_ReTestsManual.tassobaccato","Tue Jul 08 02:58:01 GMT 2025","failed","Tue Jul 08 02:58:27 GMT 2025","TestManualDetectedBugs","US_55-tassobaccato_ReTestsManual_test","",""
"
        Check:  Navigate to the Menu section [Trading] >
                Click the Menu item [All platforms] >
                Scroll page down to the block ""We’re here to help"" >
                Click button [Open an account]
        Language: EN,AR,DE
        License/Country: SCA,FCA,ASIC,CYCEC
        Role: NoReg, NoAuth, Auth
        Author: Artem Dashkov
        ","29222","TC_55!701 (Lang: en) | Bid:55!701-en.ae.NoAuth","tests.US_55_ReTestsManual.artemdashkov","Tue Jul 08 00:10:06 GMT 2025","failed","Tue Jul 08 00:10:35 GMT 2025","TestManualDetected","US_55-artemdashkov_ReTestsManual_test","",""
"
         Check: FCA license is selected instead of ASIC/CYSEC/SCA on trading instrument page
         after clicking any of trading instrument links
         on the page “Lloyds forecast: will Lloyds share price return to £1? Third party data forecast”
         Language: EN.
         License: SCA.
         Author: Sergey Aiidzhanov
         ","46392","TC_55!378 (Lang: en) | Bid:55!378-en.de.Auth","tests.US_55_ReTestsManual.saii-d3v","Tue Jul 08 02:14:18 GMT 2025","failed","Tue Jul 08 02:15:04 GMT 2025","TestManualDetectedBugs","US_55-saii-d3v_ReTestsManual_test","",""
"
        Check:  Menu section [Markets] >
                Menu item [Commodities] >
                Scroll down to the block “Why trade commodities with Capital.com?” >
                Click the link “Learn more about commodities trading” >
                Scroll down to the text block “Frequently asked questions” >
                Сlick the header of the accordion “How do you trade commodities?” >
                Click the links “CFDs” / ”exchange traded funds”
        Language: EN
        License/Country: SCA
        Role: NoReg, NoAuth, Auth
        Author: Artem Dashkov
        ","34191","TC_55!406 (Lang: en) | Bid:55!406-en.ae.NoAuth","tests.US_55_ReTestsManual.artemdashkov","Mon Jul 07 23:20:29 GMT 2025","failed","Mon Jul 07 23:21:03 GMT 2025","TestManualDetected","US_55-artemdashkov_ReTestsManual_test","",""
"
        Check: Button [Create account] button in the Menu item [Trading Courses]
        Language: All.
        License: Not FCA
        Author  : Ivan Kedrov
        ","2","TC_55!062 (Lang: ar) | Bid:55!062-ar.ua.Auth","tests.US_55_ReTestsManual.AlexTomQA","Mon Jul 07 22:35:49 GMT 2025","skipped","Mon Jul 07 22:35:49 GMT 2025","TestManualDetected","US_55-AlexTomQA_ReTestsManual_test","",""
"
         Check: Sign up form is opened instead of Login
         on the page ""Charges and fees"" after clicking the button [Start trading now]
         Language: EN.
         License: FCA.
         Author: Sergey Aiidzhanov
         ","32747","TC_55!414 (Lang: en) | Bid:55!414-en.gb.NoAuth","tests.US_55_ReTestsManual.saii-d3v","Tue Jul 08 02:19:32 GMT 2025","failed","Tue Jul 08 02:20:04 GMT 2025","TestManualDetectedBugs","US_55-saii-d3v_ReTestsManual_test","",""
"
         Check: Error message is displayed after clicking the link “NASDAQ stock exchange”
         in the block “GOOGL Company profile” on the page “Trade Alphabet Inc - A - GOOGL CFD”
         Language: EN.
         License: SCB.
         Author: Sergey Aiidzhanov
         ","28623","TC_55!359b (Lang: en) | Bid:55!359b-en.ua.NoAuth","tests.US_55_ReTestsManual.saii-d3v","Tue Jul 08 02:04:23 GMT 2025","skipped","Tue Jul 08 02:04:51 GMT 2025","TestManualDetectedBugs","US_55-saii-d3v_ReTestsManual_test","",""
"
        Check: Menu section [Trading] > Menu item [CFD calculator] > ""How to start trading"" block > Click on the
                [Sign up] button > Close the “Sign up” form
        Language: All
        License: All, except SCB (UA country)
        Author: Kasila
        ","18293","TC_55!612 (Lang: en) | Bid:55!612-en.de.NoReg","tests.US_55_ReTestsManual.tassobaccato","Tue Jul 08 03:15:45 GMT 2025","passed","Tue Jul 08 03:16:03 GMT 2025","TestManualDetectedBugs","US_55-tassobaccato_ReTestsManual_test","",""
"
         Check: Only the text of the [Inflation news] button is displayed
         without clickable area and button styling on the sidebar of the ""Market Analysis"" page,
         when SCB license and EN language are selected.
         Language: EN.
         License: SCB.
         Author: Sergey Aiidzhanov
         ","18146","TC_55!379 (Lang: en) | Bid:55!379-en.ua.NoReg","tests.US_55_ReTestsManual.saii-d3v","Tue Jul 08 02:17:30 GMT 2025","skipped","Tue Jul 08 02:17:48 GMT 2025","TestManualDetectedBugs","US_55-saii-d3v_ReTestsManual_test","",""
"
        Check: Main page > tab [Corporate] > block “Why Open a Corporate Account with Capital.com?”  > Pay attention to
                the value of the ""Active clients monthly"" item
        Language: EN
        License: ASIC
        Author: Kasila
        ","19871","TC_55!399b (Lang: en) | Bid:55!399b-en.au.NoReg","tests.US_55_ReTestsManual.tassobaccato","Tue Jul 08 02:56:52 GMT 2025","failed","Tue Jul 08 02:57:12 GMT 2025","TestManualDetectedBugs","US_55-tassobaccato_ReTestsManual_test","",""
"
        Check:  Menu section [Markets] > Menu item [Market analysis] >
                Find and click article link “ECB Preview: Higher CPI expected to keep Lagarde on a hawkish path” >
                Click the link 'Daniela Hathorn'
        Language: EN
        License/Country: SCA
        Role: NoReg, NoAuth, Auth
        Author: Artem Dashkov
        ","31401","TC_55!383 (Lang: en) | Bid:55!383-en.ae.Auth","tests.US_55_ReTestsManual.artemdashkov","Mon Jul 07 23:16:39 GMT 2025","failed","Mon Jul 07 23:17:10 GMT 2025","TestManualDetected","US_55-artemdashkov_ReTestsManual_test","",""
"
        Check: Field [email] in Sign up form
        Language: All.
        License/Country: de/CYSEC, au/ASIC,
        Role: NoReg, NoAuth,
        Login: ['КИРИЛЛИЦА_без_пробелов@gmail.com', 'LATIN with space@gmail.com'],
        Password: ['VALID_password44!']
        Author: Artem Dashkov
        ","18483","TC_55!045a (Lang: zh) | Bid:55!045a-zh.ua.NoAuth","tests.US_55_ReTestsManual.artemdashkov","Mon Jul 07 22:43:10 GMT 2025","skipped","Mon Jul 07 22:43:28 GMT 2025","TestManualDetected","US_55-artemdashkov_ReTestsManual_test","",""
"
         Check: The Investmate page does not open after click link “Investmate”'
        ' in the block “Discover trading.” on the page “Why Capital.com?”
         Language: ALL.
         License: CYSEC, SCB.
         Author: podchasova11
         ","28121","TC_55!315 (Lang: en) | Bid:55!315-en.ua.NoAuth","tests.US_55_ReTestsManual.mila_podchasova","Tue Jul 08 03:35:58 GMT 2025","skipped","Tue Jul 08 03:36:26 GMT 2025","TestManualDetectedBugs","US_55-mila_podchasova_ReTestsManual_test","",""
"
         Check: The Search field in the header is not opened after performed search
         Language: All.
         License: SCB.
         Author: Sergey Aiidzhanov
         ","28662","TC_55!160 (Lang: el) | Bid:55!160-el.ua.Auth","tests.US_55_ReTestsManual.saii-d3v","Tue Jul 08 00:22:08 GMT 2025","skipped","Tue Jul 08 00:22:37 GMT 2025","TestManualDetectedBugs","US_55-saii-d3v_ReTestsManual_test","",""
"
        Check:  Main page >
                Scroll down to the block “For learner traders” >
                Try to click link ""support""
        Language: EN, AR
        License/Country: ASIC, SCA
        Role: NoReg, NoAuth, Auth
        Author: Artem Dashkov
        ","24719","TC_55!431 (Lang: en) | Bid:55!431-en.au.NoReg","tests.US_55_ReTestsManual.artemdashkov","Mon Jul 07 23:24:12 GMT 2025","failed","Mon Jul 07 23:24:37 GMT 2025","TestManualDetected","US_55-artemdashkov_ReTestsManual_test","",""
"
        Check:  Click to the dropdown [Regional settings] > Click to the dropdown [Countries] >
                Click the [Search] input field > Enter value ""Honk"" > Check that country 'Honk Kong & Taiwan'
                displayed in search results

        Language: EN - FCA, SCA; AR - SCA
        License/Country: FCA, SCA
        Role: NoReg, NoAuth, Auth
        Author: podchasova11
        ","29388","TC_55!363 (Lang: en) | Bid:55!363-en.ae.NoAuth","tests.US_55_ReTestsManual.mila_podchasova","Tue Jul 08 03:38:46 GMT 2025","failed","Tue Jul 08 03:39:16 GMT 2025","TestManualDetectedBugs","US_55-mila_podchasova_ReTestsManual_test","",""
"
        Check:  Navigate to the Menu section [Learn] >
                Click the Menu item [Market guides] >
                Scroll page down to tile ""What is indices trading?"" >
                Click link [Indices trading guide]
                Scroll page down to tile ""Popular indices to trade"" >
                Click link [VIX]
                Scroll page down to tile ""History of the VIX"" >
                Click link [S&P 100]
        Language: EN
        License/Country: FCA
        Role: NoReg, NoAuth, Auth
        Author: Artem Dashkov
        ","33027","TC_55!697 (Lang: en) | Bid:55!697-en.gb.Auth","tests.US_55_ReTestsManual.artemdashkov","Tue Jul 08 00:06:41 GMT 2025","failed","Tue Jul 08 00:07:14 GMT 2025","TestManualDetected","US_55-artemdashkov_ReTestsManual_test","",""
"
        Check:  Click the Menu section [Learn] >
                Click Menu item [Market guides] >
                Scroll down to the block ""What is share trading?"" >
                Click link [Shares trading guide] >
                Scroll down to the link ""buy and sell physical shares"" >
                Click link [buy and sell physical shares] >
        Language: NL
        License/Country: CYSEC
        Role: NoReg, NoAuth, Auth
        Author: Artem Dashkov
        ","33167","TC_55!656 (Lang: nl) | Bid:55!656-nl.nl.Auth","tests.US_55_ReTestsManual.artemdashkov","Mon Jul 07 23:44:55 GMT 2025","failed","Mon Jul 07 23:45:28 GMT 2025","TestManualDetected","US_55-artemdashkov_ReTestsManual_test","",""
"
        Check: Menu section [Trading] > Menu item [CFD trading] > Click the link [Go CFD trading guide] in  the block
                ""Read more before you trade"" > Check links in the block ""What is a contract for difference (CFD)?""
        Language: EN, AR, DE
        License: ASIC, SCA, CYSEC
        Author: Kasila
        ","34430","TC_55!432 (Lang: en) | Bid:55!432-en.au.Auth","tests.US_55_ReTestsManual.tassobaccato","Tue Jul 08 03:03:46 GMT 2025","broken","Tue Jul 08 03:04:21 GMT 2025","TestManualDetectedBugs","US_55-tassobaccato_ReTestsManual_test","",""
"
        Check: Menu section [Trading] > Menu item [CFD calculator] > ""How to start trading"" block > Click on the
                [Sign up] button > Close the “Sign up” form
        Language: All
        License: All, except SCB (UA country)
        Author: Kasila
        ","18765","TC_55!612 (Lang: en) | Bid:55!612-en.ae.NoReg","tests.US_55_ReTestsManual.tassobaccato","Tue Jul 08 03:14:49 GMT 2025","passed","Tue Jul 08 03:15:08 GMT 2025","TestManualDetectedBugs","US_55-tassobaccato_ReTestsManual_test","",""
"
        Check:  Menu section [About] >
                Menu item [Help] >
                Scroll down to the block 'Still looking for help? Get in touch' >
                Try to click link '+97145768641' and 'support@capital.com'
        Language: AR
        License/Country: SCA
        Role: NoReg, NoAuth, Auth
        Author: Artem Dashkov
        ","32160","TC_55!610 (Lang: ar) | Bid:55!610-ar.ae.Auth","tests.US_55_ReTestsManual.artemdashkov","Mon Jul 07 23:37:15 GMT 2025","failed","Mon Jul 07 23:37:47 GMT 2025","TestManualDetected","US_55-artemdashkov_ReTestsManual_test","",""
"
        Check:  Navigate to the Menu section [Markets] >
                Click the Menu item [Shares] >
                Scroll down to block 'Shares markets' >
                Click the last page in paginator >
                Click dropdown [Sort] >
                Select any other tab (e.g [Top fallers]) >
                Check buttons [Previous page]/[Next page] in paginator >
        Language: EN
        License/Country: SCA, FCA, ASIC
        Role: NoReg, NoAuth, Auth
        Author: Artem Dashkov
        ","33326","TC_55!690 (Lang: en) | Bid:55!690-en.au.NoAuth","tests.US_55_ReTestsManual.artemdashkov","Tue Jul 08 00:02:30 GMT 2025","failed","Tue Jul 08 00:03:03 GMT 2025","TestManualDetected","US_55-artemdashkov_ReTestsManual_test","",""
"
        Check:  The Main page is opened instead of the Cryptocurrencies page on the page
                ""Cryptocurrency trading"" after clicking the button [Go to all cryptocurrencies]
                when RO, IT, PL or CN language is selected
        Language: RO, IT, PL, CN.
        Country: CYSEC, SCB
        Role: NoReg, Auth, NoAuth,
        Author: Artem Dashkov
        ","28178","TC_55!129 (Lang: pl) | Bid:55!129-pl.ua.NoReg","tests.US_55_ReTestsManual.artemdashkov","Mon Jul 07 22:48:32 GMT 2025","skipped","Mon Jul 07 22:49:00 GMT 2025","TestManualDetected","US_55-artemdashkov_ReTestsManual_test","",""
"
         Check: Link [Privacy Policy] is not active in Sing up form when selected SCA (AR language)
         Language: AR
         License: SCA
         Author: Aleksei Kurochkin
         ","25917","TC_55!504 (Lang: ar) | Bid:55!504-ar.ae.NoAuth","tests.US_55_ReTestsManual.K_Alex_N","Tue Jul 08 03:55:27 GMT 2025","broken","Tue Jul 08 03:55:53 GMT 2025","TestManualDetectedBugs","US_55_K_Alex_N_ReTestsManual_test","",""
"
         Check: The Greece flag is displayed instead of Cyprus in the header
         Language: EL.
         License: CYSEC.
         Author: Sergey Aiidzhanov
         ","26396","TC_55!605 (Lang: el) | Bid:55!605-el.gr.NoReg","tests.US_55_ReTestsManual.saii-d3v","Tue Jul 08 02:28:08 GMT 2025","broken","Tue Jul 08 02:28:34 GMT 2025","TestManualDetectedBugs","US_55-saii-d3v_ReTestsManual_test","",""
"
         Check: Hover over menu section [Learn] >
                Click the menu item [Market guides] of the menu title [For trading beginners] >
                Click the link “Shares trading guide” >
                Click the link “Learn more about IPOs.” >
                Click the link “liquidity”

         Language: EN
         License: SCA / FCA / ASIC / CYSEC
         Author: Aleksei Kurochkin
         ","17953","TC_55!587 (Lang: en) | Bid:55!587-en.au.Auth","tests.US_55_ReTestsManual.K_Alex_N","Tue Jul 08 04:01:10 GMT 2025","broken","Tue Jul 08 04:01:28 GMT 2025","TestManualDetectedBugs","US_55_K_Alex_N_ReTestsManual_test","",""
"
        Check: Filters application in the 'Live shares prices' widget
        Language: All
        License: SCB
        Author: Kasila
        ","24449","TC_55!048 (Lang: de) | Bid:55!048-de.ua.NoReg","tests.US_55_ReTestsManual.tassobaccato","Tue Jul 08 02:33:44 GMT 2025","skipped","Tue Jul 08 02:34:08 GMT 2025","TestManualDetectedBugs","US_55-tassobaccato_ReTestsManual_test","",""
"
         Check: Error message is displayed after clicking the link “NASDAQ stock exchange”
         in the block “GOOGL Company profile” on the page “Trade Alphabet Inc - A - GOOGL CFD”
         Language: EN.
         License: SCB.
         Author: Sergey Aiidzhanov
         ","18090","TC_55!359b (Lang: en) | Bid:55!359b-en.ua.NoReg","tests.US_55_ReTestsManual.saii-d3v","Tue Jul 08 02:04:51 GMT 2025","skipped","Tue Jul 08 02:05:09 GMT 2025","TestManualDetectedBugs","US_55-saii-d3v_ReTestsManual_test","",""
"
        Check: Menu section [Markets] > Menu item [Market analysis] > Article ""Solana price prediction: Can SOL
                rebound?"" > Click on the [Could Solana become a Cardano side-chain?] item in the ""Table of Contents"" >
                Click on the [announced] link in the text
        Language: EN
        License: ASIC
        Author: Kasila
        ","36688","TC_55!514 (Lang: en) | Bid:55!514-en.au.NoReg","tests.US_55_ReTestsManual.tassobaccato","Tue Jul 08 03:08:03 GMT 2025","broken","Tue Jul 08 03:08:40 GMT 2025","TestManualDetectedBugs","US_55-tassobaccato_ReTestsManual_test","",""
"
         Check: “Support” chat window is not opened after click on the “Support” button
         and this button disappears after the second clicking on it on any page
         after changing the language of the site (e.g. from EN to AR) (SCA license).
         Language: AR, EN.
         License: SCA.
         Author: Sergey Aiidzhanov
         ","19166","TC_55!330 (Lang: en) | Bid:55!330-en.ae.NoReg","tests.US_55_ReTestsManual.saii-d3v","Tue Jul 08 00:38:29 GMT 2025","broken","Tue Jul 08 00:38:48 GMT 2025","TestManualDetectedBugs","US_55-saii-d3v_ReTestsManual_test","",""
"
        Check: Menu section [Trading] > Menu item [CFD trading] > Click the link [Go CFD trading guide] in  the block
                ""Read more before you trade"" > Check links in the block ""What is a contract for difference (CFD)?""
        Language: EN, AR, DE
        License: ASIC, SCA, CYSEC
        Author: Kasila
        ","18718","TC_55!432 (Lang: ar) | Bid:55!432-ar.ae.NoAuth","tests.US_55_ReTestsManual.tassobaccato","Tue Jul 08 03:05:58 GMT 2025","failed","Tue Jul 08 03:06:16 GMT 2025","TestManualDetectedBugs","US_55-tassobaccato_ReTestsManual_test","",""
"
        Check:  Sign up/log in/forms or the transition to the trading platform are
                not opened after clicking the [Try now] button in ""Why choose
                Capital.com?.."" Block in the menu item [Our Mobile Apps]
        Language: All.
        License: Not FCA
        Author: Artem Dashkov
        ","28112","TC_55!017 (Lang: ro) | Bid:55!017-ro.ua.NoReg","tests.US_55_ReTestsManual.artemdashkov","Mon Jul 07 22:38:39 GMT 2025","skipped","Mon Jul 07 22:39:07 GMT 2025","TestManualDetected","US_55-artemdashkov_ReTestsManual_test","",""
"
         Check: menu section [Pricing]  > 
                menu item [Charges and fees] > 
                block ""Trading"" > 
                click link [Find out more]
         Language: EN
         License: SCA, FCA, CYSEC or ASIC
         Author: Aleksei Kurochkin
         ","28231","TC_55!603 (Lang: en) | Bid:55!603-en.gb.NoAuth","tests.US_55_ReTestsManual.K_Alex_N","Tue Jul 08 03:47:51 GMT 2025","passed","Tue Jul 08 03:48:20 GMT 2025","TestForFixedBugs","US_55_K_Alex_N_ReTestsManual_test","",""
"
        Check: Menu section [Learn] > Menu item [Trading essentials] > Block ""FAQs"" > click on the link
                [learning about trading]/[learn] in the expanded title ""Can you make money day trading?""
        Language: AR
        License: SCA
        Author: Kasila
        ","31689","TC_55!440 (Lang: ar) | Bid:55!440-ar.ae.NoAuth","tests.US_55_ReTestsManual.tassobaccato","Tue Jul 08 03:07:31 GMT 2025","broken","Tue Jul 08 03:08:03 GMT 2025","TestManualDetectedBugs","US_55-tassobaccato_ReTestsManual_test","",""
"
         Check: The ""Trading Conditions"" table is not visible on the page ""Trade Australia 200 - AU200au CFD""
         Language: DE, EN.
         License: ASIC, CYSEC.
         Author: Sergey Aiidzhanov
         ","29009","TC_55!507 (Lang: en) | Bid:55!507-en.au.NoAuth","tests.US_55_ReTestsManual.saii-d3v","Tue Jul 08 02:25:16 GMT 2025","passed","Tue Jul 08 02:25:45 GMT 2025","TestManualDetectedBugs","US_55-saii-d3v_ReTestsManual_test","",""
"
        Check: Clicking [numeric values] in the Sell column in Menu tittle Markets does not open the
                Sign-Up /Login form or page of the corresponding trading instrument on the trading platform using
                English or Arabic language.
        Language: EN, AR
        License: SCA
        Author: Kasila
        ","19510","TC_55!322a (Lang: ar) | Bid:55!322a-ar.ae.NoReg","tests.US_55_ReTestsManual.tassobaccato","Tue Jul 08 02:42:59 GMT 2025","failed","Tue Jul 08 02:43:19 GMT 2025","TestManualDetectedBugs","US_55-tassobaccato_ReTestsManual_test","",""
"
         Check: The corresponding video does not open after click on the banner ""Market outlook with David Jones""
         Language: ALL.
         License: SCB.
         Author: Sergey Aiidzhanov
         ","2","TC_55!366 (Lang: el) | Bid:55!366-el.ua.Auth","tests.US_55_ReTestsManual.saii-d3v","Tue Jul 08 02:06:44 GMT 2025","skipped","Tue Jul 08 02:06:44 GMT 2025","TestManualDetectedBugs","US_55-saii-d3v_ReTestsManual_test","",""
"
         Check: There are no search results on the Search page when any language except EN is selected.
         Language: All, except EN.
         License: CB.
         Author: Sergey Aiidzhanov
         ","18142","TC_55!292 (Lang: ru) | Bid:55!292-ru.ua.NoReg","tests.US_55_ReTestsManual.saii-d3v","Tue Jul 08 00:29:50 GMT 2025","skipped","Tue Jul 08 00:30:08 GMT 2025","TestManualDetectedBugs","US_55-saii-d3v_ReTestsManual_test","",""
"
         Check: The page ""Trading products"" is opened after clicking the link [Our mobile Apps]
                in the tile ""Industry-leading features for an industry-leading platform""
                on the page ""Why Capital.com?"" when any language (except EN) is selected
         Language: All, except EN.
         License: SCB.
         Author: Sergey Aiidzhanov
         ","28315","TC_55!288 (Lang: ru) | Bid:55!288-ru.ua.NoAuth","tests.US_55_ReTestsManual.saii-d3v","Tue Jul 08 00:26:51 GMT 2025","skipped","Tue Jul 08 00:27:20 GMT 2025","TestManualDetectedBugs","US_55-saii-d3v_ReTestsManual_test","",""
"
         Check: The modal window ""Confirm Form Resubmission"" is not opened after clicking the button [Back]
         on any article from search page.
         Language: All.
         License: SCB.
         Author: Sergey Aiidzhanov
         ","28522","TC_55!157 (Lang: en) | Bid:55!157-en.ua.Auth","tests.US_55_ReTestsManual.saii-d3v","Tue Jul 08 00:18:23 GMT 2025","skipped","Tue Jul 08 00:18:52 GMT 2025","TestManualDetectedBugs","US_55-saii-d3v_ReTestsManual_test","",""
"
        Check:  Click to the dropdown [Regional settings] > Click to the dropdown [Countries] >
                Click the [Search] input field > Enter value ""Honk"" > Check that country 'Honk Kong & Taiwan'
                displayed in search results

        Language: EN - FCA, SCA; AR - SCA
        License/Country: FCA, SCA
        Role: NoReg, NoAuth, Auth
        Author: podchasova11
        ","14828","TC_55!363 (Lang: en) | Bid:55!363-en.gb.NoReg","tests.US_55_ReTestsManual.mila_podchasova","Tue Jul 08 03:36:44 GMT 2025","failed","Tue Jul 08 03:36:59 GMT 2025","TestManualDetectedBugs","US_55-mila_podchasova_ReTestsManual_test","",""
"
        Check:  Sign up/log in/forms or the transition to the trading platform are
                not opened after clicking the [Try now] button in ""Why choose
                Capital.com?.."" Block in the menu item [Our Mobile Apps]
        Language: All.
        License: Not FCA
        Author: Artem Dashkov
        ","28529","TC_55!017 (Lang: es) | Bid:55!017-es.ua.NoAuth","tests.US_55_ReTestsManual.artemdashkov","Mon Jul 07 22:41:01 GMT 2025","skipped","Mon Jul 07 22:41:30 GMT 2025","TestManualDetected","US_55-artemdashkov_ReTestsManual_test","",""
"
        Check:  Navigate to the Menu section [Trading] >
                Click the Menu item [All platforms] >
                Scroll page down to the block ""We’re here to help"" >
                Click button [Open an account]
        Language: EN,AR,DE
        License/Country: SCA,FCA,ASIC,CYCEC
        Role: NoReg, NoAuth, Auth
        Author: Artem Dashkov
        ","28818","TC_55!701 (Lang: en) | Bid:55!701-en.au.Auth","tests.US_55_ReTestsManual.artemdashkov","Tue Jul 08 00:11:01 GMT 2025","failed","Tue Jul 08 00:11:29 GMT 2025","TestManualDetected","US_55-artemdashkov_ReTestsManual_test","",""
"
        Check:  The widget of the block ""Our spread betting markets"" is absent
                when click on the button [Commodities] or [Shares] on the page ""Spread betting""
        Language: EN
        License/Country: FCA
        Role: NoReg, NoAuth, Auth
        Author: Artem Dashkov
        ","28243","TC_55!357 (Lang: en) | Bid:55!357-en.gb.NoReg","tests.US_55_ReTestsManual.artemdashkov","Mon Jul 07 23:07:35 GMT 2025","failed","Mon Jul 07 23:08:04 GMT 2025","TestManualDetected","US_55-artemdashkov_ReTestsManual_test","",""
"
         Check: Error message is displayed after clicking the link ""support and resistance""
         of the block “How to trade using RSI and other indicators”
         on the page “RSI trading strategy: An educational guide”
         Language: EN.
         License: CB.
         Author: Sergey Aiidzhanov
         ","28708","TC_55!332b (Lang: en) | Bid:55!332b-en.ua.Auth","tests.US_55_ReTestsManual.saii-d3v","Tue Jul 08 00:40:03 GMT 2025","skipped","Tue Jul 08 00:40:32 GMT 2025","TestManualDetectedBugs","US_55-saii-d3v_ReTestsManual_test","",""
"
        Check: Link [Learn more about us] on block Contents?
        Language: En.
        License: FCA
        ","2","TC_55!031v2 (Lang: en) | Bid:55!031v2-en.gb.Auth","tests.US_55_ReTestsManual.AlexTomQA","Mon Jul 07 22:35:49 GMT 2025","skipped","Mon Jul 07 22:35:49 GMT 2025","TestManualDetected","US_55-AlexTomQA_ReTestsManual_test","",""
"
        Check:  The ""Charges and fees"" page is opened instead ""Client funds"" page,
                when clicked [How we manage your money] link in ""You might also be interested in..."" block
                on the ""How Capital.com makes money"" page for AR language is selected.
        Language: AR
        Country: SCA
        Role: NoReg, Auth, NoAuth
        Author: Artem Dashkov
        ","41831","TC_55!257 (Lang: ar) | Bid:55!257-ar.ae.Auth","tests.US_55_ReTestsManual.artemdashkov","Mon Jul 07 22:59:43 GMT 2025","failed","Mon Jul 07 23:00:25 GMT 2025","TestManualDetected","US_55-artemdashkov_ReTestsManual_test","",""
"
        Check:  Navigate to the Menu section [Markets] >
                Click the Menu item [Shares] >
                Scroll down to block 'Shares markets' >
                Click the last page in paginator >
                Click dropdown [Sort] >
                Select any other tab (e.g [Top fallers]) >
                Check buttons [Previous page]/[Next page] in paginator >
        Language: EN
        License/Country: SCA, FCA, ASIC
        Role: NoReg, NoAuth, Auth
        Author: Artem Dashkov
        ","32806","TC_55!690 (Lang: en) | Bid:55!690-en.ae.Auth","tests.US_55_ReTestsManual.artemdashkov","Tue Jul 08 00:00:19 GMT 2025","failed","Tue Jul 08 00:00:52 GMT 2025","TestManualDetected","US_55-artemdashkov_ReTestsManual_test","",""
"
         Check: Menu section [Markets] >
                Menu item (Commodities) >
                Scroll down to the block “Commodities markets” >
                Click the link “Silver” in the widget “Trading instrument” >
                Scroll down to the block “Latest commodities articles” >
                Click the article link “Why is the silver price falling? Sinks further below the pivotal $20 mark” >
                Scroll down to the block “What is the outlook for silver prices?”

         Language: EN
         License: ASIC
         Author: Aleksei Kurochkin
         ","245632","TC_55!429 (Lang: en) | Bid:55!429-en.au.Auth","tests.US_55_ReTestsManual.K_Alex_N","Tue Jul 08 03:57:04 GMT 2025","failed","Tue Jul 08 04:01:09 GMT 2025","TestManualDetectedBugs","US_55_K_Alex_N_ReTestsManual_test","",""
"
        Check: TC_55!380 | The relevant pages of ""Social networks"" aren't opened after clicking the Social Network Icons
                when EN language and SCA license are selected.
        Language: EN
        License: SCA
        Author: Kasila
        ","28808","TC_55!380 (Lang: en) | Bid:55!380-en.ae.NoAuth","tests.US_55_ReTestsManual.tassobaccato","Tue Jul 08 02:52:18 GMT 2025","failed","Tue Jul 08 02:52:46 GMT 2025","TestManualDetectedBugs","US_55-tassobaccato_ReTestsManual_test","",""
"
        Check:  Click to the dropdown [Regional settings] > Click to the dropdown [Countries] >
                Click the [Search] input field > Enter value ""Honk"" > Check that country 'Honk Kong & Taiwan'
                displayed in search results

        Language: EN - FCA, SCA; AR - SCA
        License/Country: FCA, SCA
        Role: NoReg, NoAuth, Auth
        Author: podchasova11
        ","28473","TC_55!363 (Lang: en) | Bid:55!363-en.ae.Auth","tests.US_55_ReTestsManual.mila_podchasova","Tue Jul 08 03:38:17 GMT 2025","failed","Tue Jul 08 03:38:45 GMT 2025","TestManualDetectedBugs","US_55-mila_podchasova_ReTestsManual_test","",""
"
        Check:  Sign up/log in/forms or the transition to the trading platform are
                not opened after clicking the [Try now] button in ""Why choose
                Capital.com?.."" Block in the menu item [Our Mobile Apps]
        Language: All.
        License: Not FCA
        Author: Artem Dashkov
        ","28463","TC_55!017 (Lang: es) | Bid:55!017-es.ua.Auth","tests.US_55_ReTestsManual.artemdashkov","Mon Jul 07 22:40:33 GMT 2025","skipped","Mon Jul 07 22:41:01 GMT 2025","TestManualDetected","US_55-artemdashkov_ReTestsManual_test","",""
"
        Check:  Navigate to the Menu section [Learn] >
                Click the Menu item [Market guides] >
                Scroll page down to tile ""What is indices trading?"" >
                Click link [Indices trading guide]
                Scroll page down to tile ""Popular indices to trade"" >
                Click link [VIX]
                Scroll page down to tile ""History of the VIX"" >
                Click link [S&P 100]
        Language: EN
        License/Country: FCA
        Role: NoReg, NoAuth, Auth
        Author: Artem Dashkov
        ","28695","TC_55!697 (Lang: en) | Bid:55!697-en.gb.NoReg","tests.US_55_ReTestsManual.artemdashkov","Tue Jul 08 00:06:12 GMT 2025","failed","Tue Jul 08 00:06:41 GMT 2025","TestManualDetected","US_55-artemdashkov_ReTestsManual_test","",""
"
        Check:  After clicking the link ""Browse all markets""
                on page ""Charges & fees"" in not EN language
                always open EN-language version of page ""Markets""
        Language: All, except EN (AND AR)
        Country: CYSEC, SCB
        Role: NoReg, Auth, NoAuth
        Author: Artem Dashkov
        ","18242","TC_55!149 (Lang: de) | Bid:55!149-de.ua.NoAuth","tests.US_55_ReTestsManual.artemdashkov","Mon Jul 07 22:54:39 GMT 2025","skipped","Mon Jul 07 22:54:57 GMT 2025","TestManualDetected","US_55-artemdashkov_ReTestsManual_test","",""
"
        Check:  ""Alle Kryptowährungen"" (Go to all cryptocurrencies) is not implemented as a link
                when the German language is selected in the block ""Why trade cryptocurrency with Capital.com""
        Language: DE.
        Country: CYSEC, SCB
        Role: NoReg, Auth, NoAuth,
        Author: Artem Dashkov
        ","29262","TC_55!130 (Lang: de) | Bid:55!130-de.de.Auth","tests.US_55_ReTestsManual.artemdashkov","Mon Jul 07 22:51:28 GMT 2025","failed","Mon Jul 07 22:51:57 GMT 2025","TestManualDetected","US_55-artemdashkov_ReTestsManual_test","",""
"
        Check: Menu section [Trading] > Menu item [CFD trading] > Click the link [Go CFD trading guide] in  the block
                ""Read more before you trade"" > Check links in the block ""What is a contract for difference (CFD)?""
        Language: EN, AR, DE
        License: ASIC, SCA, CYSEC
        Author: Kasila
        ","32532","TC_55!432 (Lang: en) | Bid:55!432-en.au.NoAuth","tests.US_55_ReTestsManual.tassobaccato","Tue Jul 08 03:05:11 GMT 2025","failed","Tue Jul 08 03:05:43 GMT 2025","TestManualDetectedBugs","US_55-tassobaccato_ReTestsManual_test","",""
"
        Check: Field [email] in Sign up form
        Language: All.
        License/Country: de/CYSEC, au/ASIC,
        Role: NoReg, NoAuth,
        Login: ['КИРИЛЛИЦА_без_пробелов@gmail.com', 'LATIN with space@gmail.com'],
        Password: ['VALID_password44!']
        Author: Artem Dashkov
        ","18863","TC_55!045a (Lang: it) | Bid:55!045a-it.ua.NoAuth","tests.US_55_ReTestsManual.artemdashkov","Mon Jul 07 22:44:44 GMT 2025","skipped","Mon Jul 07 22:45:03 GMT 2025","TestManualDetected","US_55-artemdashkov_ReTestsManual_test","",""
"
         Check: menu section [Pricing]  > 
                menu item [Charges and fees] > 
                block ""Trading"" > 
                click link [Find out more]
         Language: EN
         License: SCA, FCA, CYSEC or ASIC
         Author: Aleksei Kurochkin
         ","13868","TC_55!603 (Lang: en) | Bid:55!603-en.au.NoAuth","tests.US_55_ReTestsManual.K_Alex_N","Tue Jul 08 03:48:33 GMT 2025","passed","Tue Jul 08 03:48:47 GMT 2025","TestForFixedBugs","US_55_K_Alex_N_ReTestsManual_test","",""
"
        Check: Clicking [numeric values] in the Buy column in Menu tittle Markets does not open the
                Sign-Up /Login form or page of the corresponding trading instrument on the trading platform using
                English or Arabic language.
        Language: EN, AR
        License: SCA
        Author: Kasila
        ","24403","TC_55!322b (Lang: en) | Bid:55!322b-en.ae.NoReg","tests.US_55_ReTestsManual.tassobaccato","Tue Jul 08 02:44:48 GMT 2025","failed","Tue Jul 08 02:45:13 GMT 2025","TestManualDetectedBugs","US_55-tassobaccato_ReTestsManual_test","",""
"
         Check: All links on the page ""استراتيجية التداول الموضعي"" (Position trading strategy)
         lead on the EN pages on the old site version when AR language is selected
         Language: AR.
         License: SCA.
         Author: Sergey Aiidzhanov
         ","35020","TC_55!392 (Lang: ar) | Bid:55!392-ar.ae.Auth","tests.US_55_ReTestsManual.saii-d3v","Tue Jul 08 02:17:48 GMT 2025","failed","Tue Jul 08 02:18:23 GMT 2025","TestManualDetectedBugs","US_55-saii-d3v_ReTestsManual_test","",""
"
        Check:  Navigate to the Menu section [Trading] >
                Click the Menu item [Margin Calls] >
                Scroll down to the block ""Margin call example"" >
                Scroll down to the link ""CFDs"" >
                Click link ""CFDs"" >
        Language: NL
        License/Country: CYSEC
        Role: NoReg, NoAuth, Auth
        Author: Artem Dashkov
        ","27826","TC_55!667 (Lang: nl) | Bid:55!667-nl.nl.NoReg","tests.US_55_ReTestsManual.artemdashkov","Mon Jul 07 23:49:09 GMT 2025","failed","Mon Jul 07 23:49:37 GMT 2025","TestManualDetected","US_55-artemdashkov_ReTestsManual_test","",""
"
        Check:  The page with ""404 error"" message is displayed instead ""Contact us"" page,
                when clicked the button [Open an account] in the block ""We’re here to help""
                on the page ""Trading platforms"" for AR language is selected
        Language: AR
        Country: SCA
        Role: NoReg, Auth, NoAuth
        Author: Artem Dashkov
        ","32369","TC_55!265 (Lang: ar) | Bid:55!265-ar.ae.Auth","tests.US_55_ReTestsManual.artemdashkov","Mon Jul 07 23:01:26 GMT 2025","failed","Mon Jul 07 23:01:58 GMT 2025","TestManualDetected","US_55-artemdashkov_ReTestsManual_test","",""
"
        Check:  Click to the dropdown [Regional settings] > Click to the dropdown [Countries] >
                Click the [Search] input field > Enter value ""Honk"" > Check that country 'Honk Kong & Taiwan'
                displayed in search results

        Language: EN - FCA, SCA; AR - SCA
        License/Country: FCA, SCA
        Role: NoReg, NoAuth, Auth
        Author: podchasova11
        ","24738","TC_55!363 (Lang: ar) | Bid:55!363-ar.ae.NoReg","tests.US_55_ReTestsManual.mila_podchasova","Tue Jul 08 03:39:16 GMT 2025","failed","Tue Jul 08 03:39:41 GMT 2025","TestManualDetectedBugs","US_55-mila_podchasova_ReTestsManual_test","",""
"
        Check:  Click to the dropdown [Regional settings] > Click to the dropdown [Countries] >
                Click the [Search] input field > Enter value ""Honk"" > Check that country 'Honk Kong & Taiwan'
                displayed in search results

        Language: EN - FCA, SCA; AR - SCA
        License/Country: FCA, SCA
        Role: NoReg, NoAuth, Auth
        Author: podchasova11
        ","29149","TC_55!363 (Lang: en) | Bid:55!363-en.au.NoAuth","tests.US_55_ReTestsManual.mila_podchasova","Tue Jul 08 03:41:32 GMT 2025","failed","Tue Jul 08 03:42:01 GMT 2025","TestManualDetectedBugs","US_55-mila_podchasova_ReTestsManual_test","",""
"
         Check: FCA license is selected instead of ASIC/CYSEC/SCA on trading instrument page
         after clicking any of trading instrument links
         on the page “Lloyds forecast: will Lloyds share price return to £1? Third party data forecast”
         Language: EN.
         License: SCA.
         Author: Sergey Aiidzhanov
         ","40293","TC_55!378 (Lang: en) | Bid:55!378-en.de.NoReg","tests.US_55_ReTestsManual.saii-d3v","Tue Jul 08 02:13:37 GMT 2025","failed","Tue Jul 08 02:14:18 GMT 2025","TestManualDetectedBugs","US_55-saii-d3v_ReTestsManual_test","",""
"
         Check: The ""Trading Conditions"" table is not visible on the page ""Trade Australia 200 - AU200au CFD""
         Language: DE, EN.
         License: ASIC, CYSEC.
         Author: Sergey Aiidzhanov
         ","29187","TC_55!507 (Lang: en) | Bid:55!507-en.au.Auth","tests.US_55_ReTestsManual.saii-d3v","Tue Jul 08 02:24:15 GMT 2025","passed","Tue Jul 08 02:24:45 GMT 2025","TestManualDetectedBugs","US_55-saii-d3v_ReTestsManual_test","",""
"
         Check: The block ""Experienced traders"" on the page ""Learn"" is not in viewport
         after clicking the link ""Learn to trade"" on the page ""Why Capital.com?""
         Language: AR.
         License: SCA.
         Author: Sergey Aiidzhanov
         ","32087","TC_55!373 (Lang: ar) | Bid:55!373-ar.ae.Auth","tests.US_55_ReTestsManual.saii-d3v","Tue Jul 08 02:08:19 GMT 2025","failed","Tue Jul 08 02:08:51 GMT 2025","TestManualDetectedBugs","US_55-saii-d3v_ReTestsManual_test","",""
"
         Check: The page with error is opened after clicking the link ""WhatsApp"" on the page [Client funds]
         Language: EN.
         License: FCA.
         Author: Sergey Aiidzhanov
         ","32931","TC_55!416 (Lang: en) | Bid:55!416-en.gb.Auth","tests.US_55_ReTestsManual.saii-d3v","Tue Jul 08 02:20:05 GMT 2025","failed","Tue Jul 08 02:20:37 GMT 2025","TestManualDetectedBugs","US_55-saii-d3v_ReTestsManual_test","",""
"
        Check: Menu section [Trading] > Menu item [CFD calculator] > ""How to start trading"" block > Click on the
                [Sign up] button > Close the “Sign up” form
        Language: All
        License: All, except SCB (UA country)
        Author: Kasila
        ","18228","TC_55!612 (Lang: en) | Bid:55!612-en.de.NoAuth","tests.US_55_ReTestsManual.tassobaccato","Tue Jul 08 03:17:50 GMT 2025","passed","Tue Jul 08 03:18:08 GMT 2025","TestManualDetectedBugs","US_55-tassobaccato_ReTestsManual_test","",""
"
        Check:  Click to the dropdown [Regional settings] > Click to the dropdown [Countries] >
                Scroll down to the ""Honk Kong & Taiwan"" > Select ""Honk Kong & Taiwan"" > Click the button [Apply]
                > Check country in Dropdown [Country & Language]
        Language: EN - FCA, SCA; AR - SCA
        License/Country: FCA, SCA
        Role: NoReg, NoAuth, Auth
        Author: Artem Dashkov
        ","28850","TC_55!362 (Lang: en) | Bid:55!362-en.ae.NoAuth","tests.US_55_ReTestsManual.artemdashkov","Mon Jul 07 23:11:22 GMT 2025","failed","Mon Jul 07 23:11:51 GMT 2025","TestManualDetected","US_55-artemdashkov_ReTestsManual_test","",""
"
        Check:  Click the Menu section [Trading] >
                Scroll down to the link ""24/7 dedicated support"" >
                Click link [24/7 dedicated support] >
        Language: NL
        License/Country: CYSEC
        Role: NoReg, NoAuth, Auth
        Author: Artem Dashkov
        ","31882","TC_55!665 (Lang: nl) | Bid:55!665-nl.nl.NoAuth","tests.US_55_ReTestsManual.artemdashkov","Mon Jul 07 23:48:36 GMT 2025","failed","Mon Jul 07 23:49:08 GMT 2025","TestManualDetected","US_55-artemdashkov_ReTestsManual_test","",""
"
         Check: The page with 404 error message is displayed after clicking any link
         of the block ""Az árutőzsdei kereskedés alapjai"" (The essentials of commodities trading)
         on the ""Árucikkek"" (Commodities) page
         Language: HU.
         License: CYSEC.
         Author: Sergey Aiidzhanov
         ","32888","TC_55!651 (Lang: hu) | Bid:55!651-hu.hu.NoAuth","tests.US_55_ReTestsManual.saii-d3v","Tue Jul 08 02:30:36 GMT 2025","broken","Tue Jul 08 02:31:09 GMT 2025","TestManualDetectedBugs","US_55-saii-d3v_ReTestsManual_test","",""
"
        Check:  Menu section [Markets] >
                Menu item [Commodities] >
                Scroll down to the block “Why trade commodities with Capital.com?” >
                Click the link “Learn more about commodities trading” >
                Scroll down to the text block “Frequently asked questions” >
                Сlick the header of the accordion “How do you trade commodities?” >
                Click the links “CFDs” / ”exchange traded funds”
        Language: EN
        License/Country: SCA
        Role: NoReg, NoAuth, Auth
        Author: Artem Dashkov
        ","29896","TC_55!406 (Lang: en) | Bid:55!406-en.ae.NoReg","tests.US_55_ReTestsManual.artemdashkov","Mon Jul 07 23:19:25 GMT 2025","failed","Mon Jul 07 23:19:54 GMT 2025","TestManualDetected","US_55-artemdashkov_ReTestsManual_test","",""
"
         Check: Error message is displayed
         after clicking the link “تعلّم المزيد حول كيفيّة التداول على الأسهم“ (Learn more about shares trading)
         in the tile “التداول على الأسهم” (Shares trading)
         on the page “ما هو مفهوم التداول على النفط” (What is oil trading) when AR language is selected
         Language: AR.
         License: SCA.
         Author: Sergey Aiidzhanov
         ","29222","TC_55!335 (Lang: ar) | Bid:55!335-ar.ae.NoReg","tests.US_55_ReTestsManual.saii-d3v","Tue Jul 08 00:42:29 GMT 2025","failed","Tue Jul 08 00:42:58 GMT 2025","TestManualDetectedBugs","US_55-saii-d3v_ReTestsManual_test","",""
"
        Check: presence of the sidebar ""Crypto Trading Guide"" on the ""Bitcoin Gold"" page.
        Language: EN, DE, ZH, RU, ES,IT, PL
        License: SCB
        Author: Kasila
        ","18039","TC_55!077b (Lang: zh) | Bid:55!077b-zh.ua.Auth","tests.US_55_ReTestsManual.tassobaccato","Tue Jul 08 02:39:08 GMT 2025","skipped","Tue Jul 08 02:39:26 GMT 2025","TestManualDetectedBugs","US_55-tassobaccato_ReTestsManual_test","",""
"
        Check:  Click the Menu section [Trading] >
                Click Menu item [All platforms] >
                Scroll down to the block ""Our trading app"" >
                Click link [app] >
        Language: AR
        License/Country: SCA
        Role: NoReg, NoAuth, Auth
        Author: Artem Dashkov
        ","32527","TC_55!650 (Lang: ar) | Bid:55!650-ar.ae.NoAuth","tests.US_55_ReTestsManual.artemdashkov","Mon Jul 07 23:40:54 GMT 2025","failed","Mon Jul 07 23:41:27 GMT 2025","TestManualDetected","US_55-artemdashkov_ReTestsManual_test","",""
"
         Check: The block ""Trading for beginners"" on the page ""Learn"" is not in viewport
         after clicking the link ""Learn to trade"" on the page ""Why Capital.com?""
         Language: AR.
         License: SCA.
         Author: Sergey Aiidzhanov
         ","32650","TC_55!372 (Lang: ar) | Bid:55!372-ar.ae.NoAuth","tests.US_55_ReTestsManual.saii-d3v","Tue Jul 08 02:07:17 GMT 2025","failed","Tue Jul 08 02:07:49 GMT 2025","TestManualDetectedBugs","US_55-saii-d3v_ReTestsManual_test","",""
"
        Check: Button [Google Play] on the block CFD Trading app
        Language: All.
        License: Not FCA
        Author  : Ivan Kedrov
        ","22894","TC_55!029 (Lang: ar) | Bid:55!029-ar.au.NoAuth","tests.US_55_ReTestsManual.AlexTomQA","Mon Jul 07 22:35:26 GMT 2025","skipped","Mon Jul 07 22:35:49 GMT 2025","TestManualDetected","US_55-AlexTomQA_ReTestsManual_test","",""
"
        Check: Field [email] in Sign up form
        Language: All.
        License/Country: de/CYSEC, au/ASIC,
        Role: NoReg, NoAuth,
        Login: ['КИРИЛЛИЦА_без_пробелов@gmail.com', 'LATIN with space@gmail.com'],
        Password: ['VALID_password44!']
        Author: Artem Dashkov
        ","18457","TC_55!045a (Lang: it) | Bid:55!045a-it.ua.NoAuth","tests.US_55_ReTestsManual.artemdashkov","Mon Jul 07 22:45:32 GMT 2025","skipped","Mon Jul 07 22:45:51 GMT 2025","TestManualDetected","US_55-artemdashkov_ReTestsManual_test","",""
"
        Check: Clicking [numeric values] in the Sell column in Menu tittle Markets does not open the
                Sign-Up /Login form or page of the corresponding trading instrument on the trading platform using
                English or Arabic language.
        Language: EN, AR
        License: SCA
        Author: Kasila
        ","29235","TC_55!322a (Lang: en) | Bid:55!322a-en.ae.NoAuth","tests.US_55_ReTestsManual.tassobaccato","Tue Jul 08 02:44:00 GMT 2025","failed","Tue Jul 08 02:44:29 GMT 2025","TestManualDetectedBugs","US_55-tassobaccato_ReTestsManual_test","",""
"
        Check:  Click to the dropdown [Regional settings] > Click to the dropdown [Countries] >
                Scroll down to the ""Honk Kong & Taiwan"" > Select ""Honk Kong & Taiwan"" > Click the button [Apply]
                > Check country in Dropdown [Country & Language]
        Language: EN - FCA, SCA; AR - SCA
        License/Country: FCA, SCA
        Role: NoReg, NoAuth, Auth
        Author: Artem Dashkov
        ","21697","TC_55!362 (Lang: en) | Bid:55!362-en.au.NoReg","tests.US_55_ReTestsManual.artemdashkov","Mon Jul 07 23:13:17 GMT 2025","failed","Mon Jul 07 23:13:39 GMT 2025","TestManualDetected","US_55-artemdashkov_ReTestsManual_test","",""
"
         Check: There are no search results on the Search page when any language except EN is selected.
         Language: All, except EN.
         License: CB.
         Author: Sergey Aiidzhanov
         ","28178","TC_55!292 (Lang: ru) | Bid:55!292-ru.ua.NoAuth","tests.US_55_ReTestsManual.saii-d3v","Tue Jul 08 00:29:21 GMT 2025","skipped","Tue Jul 08 00:29:50 GMT 2025","TestManualDetectedBugs","US_55-saii-d3v_ReTestsManual_test","",""
"
         Check: The old version of the page ""US Tech 100 index trading guide"" is opened
         instead of the new one on FCA/SCA licences
         Language: EN.
         License: FCA, SCA.
         Author: Sergey Aiidzhanov
         ","20239","TC_55!433 (Lang: en) | Bid:55!433-en.gb.NoReg","tests.US_55_ReTestsManual.saii-d3v","Tue Jul 08 02:23:55 GMT 2025","failed","Tue Jul 08 02:24:15 GMT 2025","TestManualDetectedBugs","US_55-saii-d3v_ReTestsManual_test","",""
"
        Check:  Menu section [About] >
                Menu item [Client vulnerability] >
                Scroll down to the block “Vulnerability: what to be aware of?” >
                Try to click link ""risk-management""
        Language: EN
        License/Country: FCA
        Role: NoReg, NoAuth, Auth
        Author: Artem Dashkov
        ","32281","TC_55!503 (Lang: en) | Bid:55!503-en.gb.NoAuth","tests.US_55_ReTestsManual.artemdashkov","Mon Jul 07 23:31:32 GMT 2025","failed","Mon Jul 07 23:32:04 GMT 2025","TestManualDetected","US_55-artemdashkov_ReTestsManual_test","",""
"
        Check: Button [Google Play] on the block CFD Trading app
        Language: All.
        License: Not FCA
        Author  : Ivan Kedrov
        ","22948","TC_55!029 (Lang: es) | Bid:55!029-es.au.NoAuth","tests.US_55_ReTestsManual.AlexTomQA","Mon Jul 07 22:34:17 GMT 2025","skipped","Mon Jul 07 22:34:40 GMT 2025","TestManualDetected","US_55-AlexTomQA_ReTestsManual_test","",""
"
        Check:  Menu section [Markets] >
                Menu item [Commodities] >
                Scroll down to the block “Why trade commodities with Capital.com?” >
                Click the link “Learn more about commodities trading” >
                Scroll down to the text block “Frequently asked questions” >
                Сlick the header of the accordion “How do you trade commodities?” >
                Click the links “CFDs” / ”exchange traded funds”
        Language: EN
        License/Country: SCA
        Role: NoReg, NoAuth, Auth
        Author: Artem Dashkov
        ","33880","TC_55!406 (Lang: en) | Bid:55!406-en.ae.Auth","tests.US_55_ReTestsManual.artemdashkov","Mon Jul 07 23:19:55 GMT 2025","failed","Mon Jul 07 23:20:29 GMT 2025","TestManualDetected","US_55-artemdashkov_ReTestsManual_test","",""
"
         Check: The old version of the page ""US Tech 100 index trading guide"" is opened
         instead of the new one on FCA/SCA licences
         Language: EN.
         License: FCA, SCA.
         Author: Sergey Aiidzhanov
         ","23777","TC_55!433 (Lang: en) | Bid:55!433-en.gb.Auth","tests.US_55_ReTestsManual.saii-d3v","Tue Jul 08 02:22:03 GMT 2025","failed","Tue Jul 08 02:22:26 GMT 2025","TestManualDetectedBugs","US_55-saii-d3v_ReTestsManual_test","",""
"
        Check: Menu section [Trading] > Menu item [Fraud prevention] > Menu section [Trading] > Menu item [Fraud prevention]
        Language: EN
        License: FCA
        Author: Kasila
        ","28043","TC_55!622 (Lang: en) | Bid:55!622-en.gb.Auth","tests.US_55_ReTestsManual.tassobaccato","Tue Jul 08 03:18:54 GMT 2025","failed","Tue Jul 08 03:19:22 GMT 2025","TestManualDetectedBugs","US_55-tassobaccato_ReTestsManual_test","",""
"
         Check: The main page in EN language is opened after click on the link [Go to all commodities]
                on the ""Commodities trading"" page when AR, IT, NL, PL, RO, CN language is selected
         Language: AR, IT, NL, PL, RO, CN.
         License: SCB.
         Author: Sergey Aiidzhanov
         ","28177","TC_55!052 (Lang: pl) | Bid:55!052-pl.ua.NoReg","tests.US_55_ReTestsManual.saii-d3v","Tue Jul 08 00:14:23 GMT 2025","skipped","Tue Jul 08 00:14:52 GMT 2025","TestManualDetectedBugs","US_55-saii-d3v_ReTestsManual_test","",""
"
        Check:  Main page >
                Scroll down to the block “For learner traders” >
                Try to click link ""support""
        Language: EN, AR
        License/Country: ASIC, SCA
        Role: NoReg, NoAuth, Auth
        Author: Artem Dashkov
        ","15121","TC_55!431 (Lang: ar) | Bid:55!431-ar.au.NoAuth","tests.US_55_ReTestsManual.artemdashkov","Mon Jul 07 23:27:13 GMT 2025","failed","Mon Jul 07 23:27:28 GMT 2025","TestManualDetected","US_55-artemdashkov_ReTestsManual_test","",""
"
        Check: The trading calculator is collapsed in the menu section [Markets] --> [CFD calculator]
        after setting the maximum duration on the Prof/Loss element and changing the asset
        Language: En.
        Country: CYSEC, SCB
        Role: NoReg, Auth, NoAuth,
        calc_1_and_calc_2:  (""GBP/USD"", ""EUR/USD""),
                            (""EUR/USD"", ""GBP/USD""),
                            (""Gold"", ""Natural Gas""),
                            (""Natural Gas"", ""Gold""),
                            (""Germany 40"", ""US Tech 100""),
                            (""US Tech 100"", ""Germany 40"")
        Author: Artem Dashkov
        ","29784","TC_55!104 (Lang: en) | Bid:55!104-en.de.NoAuth","tests.US_55_ReTestsManual.artemdashkov","Mon Jul 07 22:48:01 GMT 2025","failed","Mon Jul 07 22:48:31 GMT 2025","TestManualDetected","US_55-artemdashkov_ReTestsManual_test","",""
"
         Check: The Search field in the header is not opened after performed search
         Language: All.
         License: SCB.
         Author: Sergey Aiidzhanov
         ","18007","TC_55!160 (Lang: el) | Bid:55!160-el.ua.NoReg","tests.US_55_ReTestsManual.saii-d3v","Tue Jul 08 00:23:05 GMT 2025","skipped","Tue Jul 08 00:23:23 GMT 2025","TestManualDetectedBugs","US_55-saii-d3v_ReTestsManual_test","",""
"
         Check: The Trading Guides page is not opened after clicking the link [Handelsleitfäden] (trading guides)
         on the page [Demo-Konto] (Demo Account) in DE lang
         Language: DE.
         License: SCB.
         Author: Sergey Aiidzhanov
         ","28056","TC_55!085 (Lang: de) | Bid:55!085-de.ua.NoAuth","tests.US_55_ReTestsManual.saii-d3v","Tue Jul 08 00:17:37 GMT 2025","skipped","Tue Jul 08 00:18:05 GMT 2025","TestManualDetectedBugs","US_55-saii-d3v_ReTestsManual_test","",""
"
         Check: The old version of the page ""US Tech 100 index trading guide"" is opened
         instead of the new one on FCA/SCA licences
         Language: EN.
         License: FCA, SCA.
         Author: Sergey Aiidzhanov
         ","30283","TC_55!433 (Lang: en) | Bid:55!433-en.ae.NoReg","tests.US_55_ReTestsManual.saii-d3v","Tue Jul 08 02:23:24 GMT 2025","failed","Tue Jul 08 02:23:54 GMT 2025","TestManualDetectedBugs","US_55-saii-d3v_ReTestsManual_test","",""
"
        Check: Menu section [Trading] > Menu item [Fraud prevention] > Menu section [Trading] > Menu item [Fraud prevention]
        Language: EN
        License: FCA
        Author: Kasila
        ","28315","TC_55!622 (Lang: en) | Bid:55!622-en.gb.NoAuth","tests.US_55_ReTestsManual.tassobaccato","Tue Jul 08 03:19:22 GMT 2025","failed","Tue Jul 08 03:19:51 GMT 2025","TestManualDetectedBugs","US_55-tassobaccato_ReTestsManual_test","",""
"
        Check:  Click to the dropdown [Regional settings] > Click to the dropdown [Countries] >
                Scroll down to the ""Honk Kong & Taiwan"" > Select ""Honk Kong & Taiwan"" > Click the button [Apply]
                > Check country in Dropdown [Country & Language]
        Language: EN - FCA, SCA; AR - SCA
        License/Country: FCA, SCA
        Role: NoReg, NoAuth, Auth
        Author: Artem Dashkov
        ","27076","TC_55!362 (Lang: en) | Bid:55!362-en.gb.NoAuth","tests.US_55_ReTestsManual.artemdashkov","Mon Jul 07 23:10:01 GMT 2025","failed","Mon Jul 07 23:10:28 GMT 2025","TestManualDetected","US_55-artemdashkov_ReTestsManual_test","",""
"
        The trading platform page is not opened in ""Demo account"" page
        after clicking on the [Create a risk-free demo account] button
        Language: All.
        License: All, except FCA, SCA.
        Country: All, except GB, AE.
        Author: podchasova11
        ","24428","TC_55!090 (Lang: en) | Bid:55!090-en.ua.Auth","tests.US_55_ReTestsManual.mila_podchasova","Tue Jul 08 03:30:46 GMT 2025","skipped","Tue Jul 08 03:31:10 GMT 2025","TestManualDetectedBugs","US_55-mila_podchasova_ReTestsManual_test","",""
"
        Check:  The trading platform is opened, not the page of the corresponding trading instrument
                on the trading platform
        Language: All.
        License: Not FCA
        Author: Artem Dashkov
        ","28149","TC_55!016c (Lang: zh) | Bid:55!016c-zh.ua.Auth","tests.US_55_ReTestsManual.artemdashkov","Mon Jul 07 22:37:42 GMT 2025","skipped","Mon Jul 07 22:38:10 GMT 2025","TestManualDetected","US_55-artemdashkov_ReTestsManual_test","",""
"
        Check:  Click the Menu section [Trading] >
                Click Menu item [MT4] >
                Scroll down to the block ""Connect your account to MT4..."" >
                Click link [How to create an MT4 account] >
        Language: AR
        License/Country: SCA
        Role: NoReg, NoAuth, Auth
        Author: Artem Dashkov
        ","24679","TC_55!653 (Lang: ar) | Bid:55!653-ar.ae.NoReg","tests.US_55_ReTestsManual.artemdashkov","Mon Jul 07 23:43:04 GMT 2025","failed","Mon Jul 07 23:43:29 GMT 2025","TestManualDetected","US_55-artemdashkov_ReTestsManual_test","",""
"
         Check: Error message ""The page you were looking for doesnt exist""
         is displayed when clicking the link [How-to guides]
         in block “Looking for more?” on the page [Trading courses]
         Language: All.
         License: SCB.
         Role: NoReg | NoAuth | Auth
         Author: podchasova11
         ","28418","TC_55!350b (Lang: en) | Bid:55!350b-en.ua.NoAuth","tests.US_55_ReTestsManual.mila_podchasova","Tue Jul 08 03:34:43 GMT 2025","skipped","Tue Jul 08 03:35:11 GMT 2025","TestManualDetectedBugs","US_55-mila_podchasova_ReTestsManual_test","",""
"
        Check:  The ""TradingView"" page is opened in EN language instead AR language,
                when clicked [Explore features] button on the ""Web platform"" page for AR language is selected
        Language: AR
        Country: SCA
        Role: NoReg, Auth, NoAuth
        Author: Artem Dashkov
        ","24197","TC_55!300 (Lang: ar) | Bid:55!300-ar.ae.NoReg","tests.US_55_ReTestsManual.artemdashkov","Mon Jul 07 23:02:32 GMT 2025","failed","Mon Jul 07 23:02:56 GMT 2025","TestManualDetected","US_55-artemdashkov_ReTestsManual_test","",""
"
        Check: Main page > Menu items of the menu section [Pricing] in the ""Footer""
        Language: EN
        License: SCA, ASIC
        Author: Kasila
        ","14992","TC_55!420 (Lang: en) | Bid:55!420-en.au.Auth","tests.US_55_ReTestsManual.tassobaccato","Tue Jul 08 03:01:27 GMT 2025","broken","Tue Jul 08 03:01:42 GMT 2025","TestManualDetectedBugs","US_55-tassobaccato_ReTestsManual_test","",""
"
         Check: FCA license is selected instead of ASIC/CYSEC/SCA on trading instrument page
         after clicking any of trading instrument links
         on the page “Lloyds forecast: will Lloyds share price return to £1? Third party data forecast”
         Language: EN.
         License: SCA.
         Author: Sergey Aiidzhanov
         ","46118","TC_55!378 (Lang: en) | Bid:55!378-en.de.NoAuth","tests.US_55_ReTestsManual.saii-d3v","Tue Jul 08 02:15:05 GMT 2025","failed","Tue Jul 08 02:15:51 GMT 2025","TestManualDetectedBugs","US_55-saii-d3v_ReTestsManual_test","",""
"
        Check:  Navigate to the Menu section [Trading] >
                Click the Menu item [All platforms] >
                Scroll page down to the block ""We’re here to help"" >
                Click button [Open an account]
        Language: EN,AR,DE
        License/Country: SCA,FCA,ASIC,CYCEC
        Role: NoReg, NoAuth, Auth
        Author: Artem Dashkov
        ","29732","TC_55!701 (Lang: en) | Bid:55!701-en.au.NoAuth","tests.US_55_ReTestsManual.artemdashkov","Tue Jul 08 00:11:30 GMT 2025","failed","Tue Jul 08 00:12:00 GMT 2025","TestManualDetected","US_55-artemdashkov_ReTestsManual_test","",""
"
        Check: Menu section [Learn] > Menu item [Market guides] > Click on the “Oil trading guide” link >
                Сlick the [Try demo]/[Start oil trading] button > Close the “Sign up” form
        Language: All
        License: All, except SCB (UA country)
        Author: Kasila
        ","30865","TC_55!604 (Lang: ar) | Bid:55!604-ar.ae.NoReg","tests.US_55_ReTestsManual.tassobaccato","Tue Jul 08 03:09:56 GMT 2025","passed","Tue Jul 08 03:10:27 GMT 2025","TestManualDetectedBugs","US_55-tassobaccato_ReTestsManual_test","",""
"
        Check:  Click the Menu section [Learn] >
                Click Menu item [Market guides] >
                Scroll down to the widget ""Market trading guides"" >
                Click link [Shares trading guide] >
                Scroll down to the block ""Popular shares to trade"" >
                Click link [Microsoft]
        Language: EN
        License/Country: SCA
        Role: NoReg, NoAuth, Auth
        Author: Artem Dashkov
        ","32657","TC_55!581 (Lang: en) | Bid:55!581-en.ae.NoAuth","tests.US_55_ReTestsManual.artemdashkov","Mon Jul 07 23:33:05 GMT 2025","failed","Mon Jul 07 23:33:38 GMT 2025","TestManualDetected","US_55-artemdashkov_ReTestsManual_test","",""
"
         Check: “Support” chat window is not opened after click on the “Support” button
         and this button disappears after the second clicking on it on any page
         after changing the language of the site (e.g. from EN to AR) (SCA license).
         Language: AR, EN.
         License: SCA.
         Author: Sergey Aiidzhanov
         ","35996","TC_55!330 (Lang: ar) | Bid:55!330-ar.ae.Auth","tests.US_55_ReTestsManual.saii-d3v","Tue Jul 08 00:36:06 GMT 2025","broken","Tue Jul 08 00:36:42 GMT 2025","TestManualDetectedBugs","US_55-saii-d3v_ReTestsManual_test","",""
"
        Check:  Click to the dropdown [Regional settings] > Click to the dropdown [Countries] >
                Click the [Search] input field > Enter value ""Honk"" > Check that country 'Honk Kong & Taiwan'
                displayed in search results

        Language: EN - FCA, SCA; AR - SCA
        License/Country: FCA, SCA
        Role: NoReg, NoAuth, Auth
        Author: podchasova11
        ","25916","TC_55!363 (Lang: en) | Bid:55!363-en.gb.Auth","tests.US_55_ReTestsManual.mila_podchasova","Tue Jul 08 03:36:59 GMT 2025","failed","Tue Jul 08 03:37:25 GMT 2025","TestManualDetectedBugs","US_55-mila_podchasova_ReTestsManual_test","",""
"
        Check: TC_55!386 | Error message “Access denied Error 16 … This request was blocked by our security service …”
                is displayed after clicking the link “contact us in confidence” in the block “Your vulnerability risk”
                on the page “Client vulnerability” when AR language is selected (SCA license).
        Language: AR
        License: SCA
        Author: Kasila
        ","25938","TC_55!386 (Lang: ar) | Bid:55!386-ar.ae.NoReg","tests.US_55_ReTestsManual.tassobaccato","Tue Jul 08 02:52:47 GMT 2025","passed","Tue Jul 08 02:53:13 GMT 2025","TestManualDetectedBugs","US_55-tassobaccato_ReTestsManual_test","",""
"
        Check: TC_55!380 | The relevant pages of ""Social networks"" aren't opened after clicking the Social Network Icons
                when EN language and SCA license are selected.
        Language: EN
        License: SCA
        Author: Kasila
        ","28991","TC_55!380 (Lang: en) | Bid:55!380-en.ae.Auth","tests.US_55_ReTestsManual.tassobaccato","Tue Jul 08 02:51:48 GMT 2025","failed","Tue Jul 08 02:52:17 GMT 2025","TestManualDetectedBugs","US_55-tassobaccato_ReTestsManual_test","",""
"
        Check:  The ""TradingView"" page is opened in EN language instead AR language,
                when clicked [Explore features] button on the ""Web platform"" page for AR language is selected
        Language: AR
        Country: SCA
        Role: NoReg, Auth, NoAuth
        Author: Artem Dashkov
        ","27833","TC_55!300 (Lang: ar) | Bid:55!300-ar.ae.NoAuth","tests.US_55_ReTestsManual.artemdashkov","Mon Jul 07 23:03:24 GMT 2025","passed","Mon Jul 07 23:03:52 GMT 2025","TestManualDetected","US_55-artemdashkov_ReTestsManual_test","",""
"
         Check: Error message is displayed after clicking the link ""أكثر"" (More)
         in the tile ""العملات المشفرة"" (Cryptocurrencies) on the page ""تجريبي"" (Demo)
         when AR language and SCA license is selected
         Language: AR.
         License: SCA.
         Author: Sergey Aiidzhanov
         ","33554","TC_55!305 (Lang: ar) | Bid:55!305-ar.ae.NoAuth","tests.US_55_ReTestsManual.saii-d3v","Tue Jul 08 00:33:23 GMT 2025","failed","Tue Jul 08 00:33:56 GMT 2025","TestManualDetectedBugs","US_55-saii-d3v_ReTestsManual_test","",""
"
        Check: Web pages with URLs of the FCA license are opened after clicking any of 5 links in the block “Italy 40”
            on the page “Italy 40” when SCA license and EN language is selected.
        Language: EN
        License: SCA
        Author: Kasila
        ","35390","TC_55!360 (Lang: en) | Bid:55!360-en.ae.NoAuth","tests.US_55_ReTestsManual.tassobaccato","Tue Jul 08 02:48:06 GMT 2025","failed","Tue Jul 08 02:48:42 GMT 2025","TestManualDetectedBugs","US_55-tassobaccato_ReTestsManual_test","",""
"
        Check:  Navigate to the Menu section [Trading] >
                Click the Menu item [Margin Calls] >
                Scroll down to the block ""Margin call example"" >
                Scroll down to the link ""CFDs"" >
                Click link ""CFDs"" >
        Language: NL
        License/Country: CYSEC
        Role: NoReg, NoAuth, Auth
        Author: Artem Dashkov
        ","32408","TC_55!667 (Lang: nl) | Bid:55!667-nl.nl.NoAuth","tests.US_55_ReTestsManual.artemdashkov","Mon Jul 07 23:50:09 GMT 2025","failed","Mon Jul 07 23:50:42 GMT 2025","TestManualDetected","US_55-artemdashkov_ReTestsManual_test","",""
"
        Check: Menu section [Trading] > Menu item [CFD calculator] > ""How to start trading"" block > Click on the
                [Sign up] button > Close the “Sign up” form
        Language: All
        License: All, except SCB (UA country)
        Author: Kasila
        ","18381","TC_55!612 (Lang: de) | Bid:55!612-de.de.NoReg","tests.US_55_ReTestsManual.tassobaccato","Tue Jul 08 03:15:26 GMT 2025","passed","Tue Jul 08 03:15:45 GMT 2025","TestManualDetectedBugs","US_55-tassobaccato_ReTestsManual_test","",""
"
        Check:  Click the Menu section [Trading] >
                Click Menu item [Web platform] >
                Scroll down to the block ""Risk-management tools"" >
                Click link [Trailing stop loss] >
        Language: AR
        License/Country: SCA
        Role: NoReg, NoAuth, Auth
        Author: Artem Dashkov
        ","28117","TC_55!617 (Lang: ar) | Bid:55!617-ar.ae.NoReg","tests.US_55_ReTestsManual.artemdashkov","Mon Jul 07 23:38:21 GMT 2025","failed","Mon Jul 07 23:38:49 GMT 2025","TestManualDetected","US_55-artemdashkov_ReTestsManual_test","",""
"
        Check:  Click the Menu section [Market] >
                Click Menu item [Shares] >
                Scroll down to the widget ""Trading instrument"" >
                Click dropdown [Region] >
                Choose  United States of America >
                Click dropdown [Sector] >
                Choose Financials >
                Scroll down to the end of the “Trading instrument” widget >
                Select pages 34 to 49 from the list of “Trading Instrument” widgets
        Language: EN
        License/Country: CYSEC
        Role: NoReg, NoAuth, Auth
        Author: Artem Dashkov
        ","35013","TC_55!663 (Lang: en) | Bid:55!663-en.eu.Auth","tests.US_55_ReTestsManual.artemdashkov","Mon Jul 07 23:46:32 GMT 2025","broken","Mon Jul 07 23:47:07 GMT 2025","TestManualDetected","US_55-artemdashkov_ReTestsManual_test","",""
"
        Check:  Click to the dropdown [Regional settings] > Click to the dropdown [Countries] >
                Scroll down to the ""Honk Kong & Taiwan"" > Select ""Honk Kong & Taiwan"" > Click the button [Apply]
                > Check country in Dropdown [Country & Language]
        Language: EN - FCA, SCA; AR - SCA
        License/Country: FCA, SCA
        Role: NoReg, NoAuth, Auth
        Author: Artem Dashkov
        ","22535","TC_55!362 (Lang: en) | Bid:55!362-en.ae.NoReg","tests.US_55_ReTestsManual.artemdashkov","Mon Jul 07 23:10:29 GMT 2025","failed","Mon Jul 07 23:10:51 GMT 2025","TestManualDetected","US_55-artemdashkov_ReTestsManual_test","",""
"
        Check:  After clicking the link ""Browse all markets""
                on page ""Charges & fees"" in not EN language
                always open EN-language version of page ""Markets""
        Language: All, except EN (AND AR)
        Country: CYSEC, SCB
        Role: NoReg, Auth, NoAuth
        Author: Artem Dashkov
        ","18283","TC_55!149 (Lang: ro) | Bid:55!149-ro.ua.NoAuth","tests.US_55_ReTestsManual.artemdashkov","Mon Jul 07 22:54:21 GMT 2025","skipped","Mon Jul 07 22:54:39 GMT 2025","TestManualDetected","US_55-artemdashkov_ReTestsManual_test","",""
"
         Check: The corresponding video does not open after click on the banner ""Market outlook with David Jones""
         Language: ALL.
         License: SCB.
         Author: Sergey Aiidzhanov
         ","2","TC_55!366 (Lang: el) | Bid:55!366-el.ua.NoAuth","tests.US_55_ReTestsManual.saii-d3v","Tue Jul 08 02:06:44 GMT 2025","skipped","Tue Jul 08 02:06:44 GMT 2025","TestManualDetectedBugs","US_55-saii-d3v_ReTestsManual_test","",""
"
        Check:  Sign up/log in/forms or the transition to the trading platform are
                not opened after clicking the [Try now] button in ""Why choose
                Capital.com?.."" Block in the menu item [Our Mobile Apps]
        Language: All.
        License: Not FCA
        Author: Artem Dashkov
        ","29258","TC_55!017 (Lang: ro) | Bid:55!017-ro.ua.NoAuth","tests.US_55_ReTestsManual.artemdashkov","Mon Jul 07 22:39:35 GMT 2025","skipped","Mon Jul 07 22:40:04 GMT 2025","TestManualDetected","US_55-artemdashkov_ReTestsManual_test","",""
"
        Check:  Navigate to the Menu section [Trading] >
                Click the Menu item [MT4] >
                Scroll to the link [How to create a MetaTrader4 (MT4) account?] >
                in block ""Connect your account to MT4 in three steps"" >
                Click link [How to create a MetaTrader4 (MT4) account?] >
        Language: NL
        License/Country: CYSEC
        Role: NoReg, NoAuth, Auth
        Author: Artem Dashkov
        ","24371","TC_55!674 (Lang: nl) | Bid:55!674-nl.nl.NoReg","tests.US_55_ReTestsManual.artemdashkov","Mon Jul 07 23:52:46 GMT 2025","failed","Mon Jul 07 23:53:10 GMT 2025","TestManualDetected","US_55-artemdashkov_ReTestsManual_test","",""
"
         Check: The corresponding video does not open after click on the banner ""Market outlook with David Jones""
         Language: ALL.
         License: SCB.
         Author: Sergey Aiidzhanov
         ","3","TC_55!366 (Lang: ru) | Bid:55!366-ru.ua.NoAuth","tests.US_55_ReTestsManual.saii-d3v","Tue Jul 08 02:06:44 GMT 2025","skipped","Tue Jul 08 02:06:44 GMT 2025","TestManualDetectedBugs","US_55-saii-d3v_ReTestsManual_test","",""
"
        Check: Menu section [Trading] > Menu item [Fraud prevention] > Menu section [Trading] > Menu item [Fraud prevention]
        Language: EN
        License: FCA
        Author: Kasila
        ","27152","TC_55!622 (Lang: en) | Bid:55!622-en.gb.NoReg","tests.US_55_ReTestsManual.tassobaccato","Tue Jul 08 03:18:26 GMT 2025","failed","Tue Jul 08 03:18:53 GMT 2025","TestManualDetectedBugs","US_55-tassobaccato_ReTestsManual_test","",""
"
         Check: There are no search results on the Search page when any language except EN is selected.
         Language: All, except EN.
         License: CB.
         Author: Sergey Aiidzhanov
         ","18042","TC_55!292 (Lang: el) | Bid:55!292-el.ua.NoReg","tests.US_55_ReTestsManual.saii-d3v","Tue Jul 08 00:31:04 GMT 2025","skipped","Tue Jul 08 00:31:22 GMT 2025","TestManualDetectedBugs","US_55-saii-d3v_ReTestsManual_test","",""
"
        Check:  Scroll to the link [Learn more about cryptocurrency trading]
                in block ""Why trade cryptocurrencies with Capital.com?"" >
                Click link [Learn more about cryptocurrency trading] >
        Language: AR
        License/Country: SCA
        Role: NoReg, NoAuth, Auth
        Author: Artem Dashkov
        ","30933","TC_55!673 (Lang: ar) | Bid:55!673-ar.ae.Auth","tests.US_55_ReTestsManual.artemdashkov","Mon Jul 07 23:51:43 GMT 2025","failed","Mon Jul 07 23:52:13 GMT 2025","TestManualDetected","US_55-artemdashkov_ReTestsManual_test","",""
"
        Check:  Main page >
                Scroll down to the block “For learner traders” >
                Try to click link ""support""
        Language: EN, AR
        License/Country: ASIC, SCA
        Role: NoReg, NoAuth, Auth
        Author: Artem Dashkov
        ","15177","TC_55!431 (Lang: ar) | Bid:55!431-ar.au.Auth","tests.US_55_ReTestsManual.artemdashkov","Mon Jul 07 23:25:55 GMT 2025","failed","Mon Jul 07 23:26:11 GMT 2025","TestManualDetected","US_55-artemdashkov_ReTestsManual_test","",""
"
        Check:  Menu section [About] >
                Menu item [Client vulnerability] >
                Scroll down to the block “Vulnerability: what to be aware of?” >
                Try to click link ""risk-management""
        Language: EN
        License/Country: FCA
        Role: NoReg, NoAuth, Auth
        Author: Artem Dashkov
        ","28662","TC_55!503 (Lang: en) | Bid:55!503-en.gb.NoReg","tests.US_55_ReTestsManual.artemdashkov","Mon Jul 07 23:30:31 GMT 2025","failed","Mon Jul 07 23:31:00 GMT 2025","TestManualDetected","US_55-artemdashkov_ReTestsManual_test","",""
"
        Check:  Navigate to the Menu section [Trading] >
                Click the Menu item [All platforms] >
                Scroll page down to the block ""We’re here to help"" >
                Click button [Open an account]
        Language: EN,AR,DE
        License/Country: SCA,FCA,ASIC,CYCEC
        Role: NoReg, NoAuth, Auth
        Author: Artem Dashkov
        ","24908","TC_55!701 (Lang: en) | Bid:55!701-en.au.NoReg","tests.US_55_ReTestsManual.artemdashkov","Tue Jul 08 00:10:35 GMT 2025","failed","Tue Jul 08 00:11:00 GMT 2025","TestManualDetected","US_55-artemdashkov_ReTestsManual_test","",""
"
        Check:  Menu section  [Trading] (Trading) >
                Menu item [Applications mobiles] (Mobile apps) >
                Click the link “CFD” in the block
                “Les applications mobiles de Capital.com” (Capital.com mobile apps) >

        Language: FR, IT
        License/Country: CYSEC
        Role: NoReg, NoAuth, Auth
        Author: podchasova11
        ","17975","TC_55!594 (Lang: de) | Bid:55!594-de.de.NoReg","tests.US_55_ReTestsManual.mila_podchasova","Tue Jul 08 03:46:27 GMT 2025","failed","Tue Jul 08 03:46:45 GMT 2025","TestManualDetectedBugs","US_55-mila_podchasova_ReTestsManual_test","",""
"
        Check:  The Main page is opened instead of the Cryptocurrencies page on the page
                ""Cryptocurrency trading"" after clicking the button [Go to all cryptocurrencies]
                when RO, IT, PL or CN language is selected
        Language: RO, IT, PL, CN.
        Country: CYSEC, SCB
        Role: NoReg, Auth, NoAuth,
        Author: Artem Dashkov
        ","28266","TC_55!129 (Lang: pl) | Bid:55!129-pl.ua.Auth","tests.US_55_ReTestsManual.artemdashkov","Mon Jul 07 22:49:29 GMT 2025","skipped","Mon Jul 07 22:49:57 GMT 2025","TestManualDetected","US_55-artemdashkov_ReTestsManual_test","",""
"
        Check:  Menu section [Markets] > Menu item [Market analysis] >
                Find articles and click article link > Click the link 'Capital.com'
                in block 'Capital.com is an execution-only brokerage platform…'
        Language: EN
        License/Country: ASIC
        Role: NoReg, NoAuth, Auth
        Author: Artem Dashkov
        ","27827","TC_55!377 (Lang: en) | Bid:55!377-en.au.NoReg","tests.US_55_ReTestsManual.artemdashkov","Mon Jul 07 23:14:39 GMT 2025","failed","Mon Jul 07 23:15:07 GMT 2025","TestManualDetected","US_55-artemdashkov_ReTestsManual_test","",""
"
         Check: The Investmate page does not open after click link “Investmate”'
        ' in the block “Discover trading.” on the page “Why Capital.com?”
         Language: ALL.
         License: CYSEC, SCB.
         Author: podchasova11
         ","18030","TC_55!315 (Lang: en) | Bid:55!315-en.ua.NoReg","tests.US_55_ReTestsManual.mila_podchasova","Tue Jul 08 03:36:26 GMT 2025","skipped","Tue Jul 08 03:36:44 GMT 2025","TestManualDetectedBugs","US_55-mila_podchasova_ReTestsManual_test","",""
"
         Check: Menu section [Markets] > 
                Menu item [Markets analysis] > 
                Article ""Gold price predictions for the next.."" > 
                Click on [Trade now] link > 
                Click on [Close] button
         Language: EN
         License: SCA, FCA, CYSEC or ASIC
         Author: Aleksei Kurochkin
         ","132967","TC_55!634 (Lang: en) | Bid:55!634-en.au.NoReg","tests.US_55_ReTestsManual.K_Alex_N","Tue Jul 08 03:51:44 GMT 2025","passed","Tue Jul 08 03:53:57 GMT 2025","TestForFixedBugs","US_55_K_Alex_N_ReTestsManual_test","",""
"
         Check: Login form is opened instead of Sign-up form after clicking the button [Apply]
                in the Block 'Leverage Limits Professional Clients' on page 'Professional Account'
         Language: All, except EL.
         License: CYSEC.
         Author: Sergey Aiidzhanov
         ","2","TC_55!076 (Lang: el) | Bid:55!076-el.de.NoReg","tests.US_55_ReTestsManual.saii-d3v","Tue Jul 08 00:17:08 GMT 2025","skipped","Tue Jul 08 00:17:08 GMT 2025","TestManualDetectedBugs","US_55-saii-d3v_ReTestsManual_test","",""
"
         Check: The Greece flag is displayed instead of Cyprus in the header
         Language: EL.
         License: CYSEC.
         Author: Sergey Aiidzhanov
         ","27994","TC_55!605 (Lang: el) | Bid:55!605-el.gr.Auth","tests.US_55_ReTestsManual.saii-d3v","Tue Jul 08 02:27:07 GMT 2025","broken","Tue Jul 08 02:27:35 GMT 2025","TestManualDetectedBugs","US_55-saii-d3v_ReTestsManual_test","",""
"
        Check: Menu section [Learn] > Menu item [Market guides] > Click on the “Oil trading guide” link >
                Сlick the [Try demo]/[Start oil trading] button > Close the “Sign up” form
        Language: All
        License: All, except SCB (UA country)
        Author: Kasila
        ","19003","TC_55!604 (Lang: en) | Bid:55!604-en.gb.NoAuth","tests.US_55_ReTestsManual.tassobaccato","Tue Jul 08 03:14:00 GMT 2025","broken","Tue Jul 08 03:14:19 GMT 2025","TestManualDetectedBugs","US_55-tassobaccato_ReTestsManual_test","",""
"
        Check:  The widget of the block ""Our spread betting markets"" is absent
                when click on the button [Commodities] or [Shares] on the page ""Spread betting""
        Language: EN
        License/Country: FCA
        Role: NoReg, NoAuth, Auth
        Author: Artem Dashkov
        ","31479","TC_55!357 (Lang: en) | Bid:55!357-en.gb.Auth","tests.US_55_ReTestsManual.artemdashkov","Mon Jul 07 23:08:04 GMT 2025","failed","Mon Jul 07 23:08:35 GMT 2025","TestManualDetected","US_55-artemdashkov_ReTestsManual_test","",""
"
        Check:  Main page >
                Scroll down to the block “For learner traders” >
                Try to click link ""support""
        Language: EN, AR
        License/Country: ASIC, SCA
        Role: NoReg, NoAuth, Auth
        Author: Artem Dashkov
        ","29120","TC_55!431 (Lang: en) | Bid:55!431-en.au.Auth","tests.US_55_ReTestsManual.artemdashkov","Mon Jul 07 23:25:25 GMT 2025","failed","Mon Jul 07 23:25:54 GMT 2025","TestManualDetected","US_55-artemdashkov_ReTestsManual_test","",""
"
        Check:  Scroll to the link [Learn more about cryptocurrency trading]
                in block ""Why trade cryptocurrencies with Capital.com?"" >
                Click link [Learn more about cryptocurrency trading] >
        Language: AR
        License/Country: SCA
        Role: NoReg, NoAuth, Auth
        Author: Artem Dashkov
        ","28209","TC_55!673 (Lang: ar) | Bid:55!673-ar.ae.NoReg","tests.US_55_ReTestsManual.artemdashkov","Mon Jul 07 23:51:14 GMT 2025","failed","Mon Jul 07 23:51:42 GMT 2025","TestManualDetected","US_55-artemdashkov_ReTestsManual_test","",""
"
        Check:  Click to the dropdown [Regional settings] > Click to the dropdown [Countries] >
                Scroll down to the ""Honk Kong & Taiwan"" > Select ""Honk Kong & Taiwan"" > Click the button [Apply]
                > Check country in Dropdown [Country & Language]
        Language: EN - FCA, SCA; AR - SCA
        License/Country: FCA, SCA
        Role: NoReg, NoAuth, Auth
        Author: Artem Dashkov
        ","26375","TC_55!362 (Lang: en) | Bid:55!362-en.gb.Auth","tests.US_55_ReTestsManual.artemdashkov","Mon Jul 07 23:09:34 GMT 2025","failed","Mon Jul 07 23:10:00 GMT 2025","TestManualDetected","US_55-artemdashkov_ReTestsManual_test","",""
"
        Check:  The sidebar title [Shares trading guide] is not displayed
                when selected any sidebar item in the sidebar ""Shares trading guide""
        Language: All (except EL, HU).
        License/Country: CYSEC, SCB
        Role: NoReg, NoAuth, Auth
        Author: Artem Dashkov
        ","25582","TC_55!334 (Lang: ro) | Bid:55!334-ro.de.NoReg","tests.US_55_ReTestsManual.artemdashkov","Mon Jul 07 23:03:52 GMT 2025","failed","Mon Jul 07 23:04:18 GMT 2025","TestManualDetected","US_55-artemdashkov_ReTestsManual_test","",""
"
        Check: presence of the sidebar ""Crypto Trading Guide"" on the ""Bitcoin Gold"" page.
        Language: EN, DE, ZH, RU, ES,IT, PL
        License: SCB
        Author: Kasila
        ","28409","TC_55!077b (Lang: en) | Bid:55!077b-en.ua.NoReg","tests.US_55_ReTestsManual.tassobaccato","Tue Jul 08 02:37:24 GMT 2025","skipped","Tue Jul 08 02:37:53 GMT 2025","TestManualDetectedBugs","US_55-tassobaccato_ReTestsManual_test","",""
"
        Check:  Navigate to the Menu section [Trading] >
                Click the Menu item [MT4] >
                Scroll to the link [How to create a MetaTrader4 (MT4) account?] >
                in block ""Connect your account to MT4 in three steps"" >
                Click link [How to create a MetaTrader4 (MT4) account?] >
        Language: NL
        License/Country: CYSEC
        Role: NoReg, NoAuth, Auth
        Author: Artem Dashkov
        ","28306","TC_55!674 (Lang: nl) | Bid:55!674-nl.nl.Auth","tests.US_55_ReTestsManual.artemdashkov","Mon Jul 07 23:53:10 GMT 2025","failed","Mon Jul 07 23:53:39 GMT 2025","TestManualDetected","US_55-artemdashkov_ReTestsManual_test","",""
"
        Check:  Click to the dropdown [Regional settings] > Click to the dropdown [Countries] >
                Click the [Search] input field > Enter value ""Honk"" > Check that country 'Honk Kong & Taiwan'
                displayed in search results

        Language: EN - FCA, SCA; AR - SCA
        License/Country: FCA, SCA
        Role: NoReg, NoAuth, Auth
        Author: podchasova11
        ","28441","TC_55!363 (Lang: en) | Bid:55!363-en.au.Auth","tests.US_55_ReTestsManual.mila_podchasova","Tue Jul 08 03:41:03 GMT 2025","failed","Tue Jul 08 03:41:31 GMT 2025","TestManualDetectedBugs","US_55-mila_podchasova_ReTestsManual_test","",""
"
         Check: The Search field in the header is not opened after performed search
         Language: All.
         License: SCB.
         Author: Sergey Aiidzhanov
         ","18112","TC_55!160 (Lang: ru) | Bid:55!160-ru.ua.NoReg","tests.US_55_ReTestsManual.saii-d3v","Tue Jul 08 00:21:50 GMT 2025","skipped","Tue Jul 08 00:22:08 GMT 2025","TestManualDetectedBugs","US_55-saii-d3v_ReTestsManual_test","",""
"
        Check:  Menu section [Markets] > Menu item [Market analysis] >
                Find and click article of 'Daniela Hathorn' author >
                Click the link 'Daniela Hathorn' >
                Click any article on the 'Daniela Hathorn' page
        Language: EN
        License/Country: SCA
        Role: NoReg, NoAuth, Auth
        Author: Artem Dashkov
        ","31646","TC_55!407 (Lang: en) | Bid:55!407-en.ae.Auth","tests.US_55_ReTestsManual.artemdashkov","Mon Jul 07 23:21:32 GMT 2025","failed","Mon Jul 07 23:22:03 GMT 2025","TestManualDetected","US_55-artemdashkov_ReTestsManual_test","",""
"
        Check:  Navigate to the Menu section [Trading] >
                Click the Menu item [All platforms] >
                Scroll page down to the block ""Our trading app"" >
                Click link [App] >
        Language: DE
        License/Country: CYSEC
        Role: NoReg, NoAuth, Auth
        Author: Artem Dashkov
        ","29925","TC_55!681 (Lang: de) | Bid:55!681-de.at.NoAuth","tests.US_55_ReTestsManual.artemdashkov","Mon Jul 07 23:57:45 GMT 2025","failed","Mon Jul 07 23:58:15 GMT 2025","TestManualDetected","US_55-artemdashkov_ReTestsManual_test","",""
"
        Check: Main page > Menu items of the menu section [Pricing] in the ""Footer""
        Language: EN
        License: SCA, ASIC
        Author: Kasila
        ","28377","TC_55!420 (Lang: en) | Bid:55!420-en.ae.Auth","tests.US_55_ReTestsManual.tassobaccato","Tue Jul 08 03:00:58 GMT 2025","broken","Tue Jul 08 03:01:26 GMT 2025","TestManualDetectedBugs","US_55-tassobaccato_ReTestsManual_test","",""
"
        Check: Filters application in the 'Live shares prices' widget
        Language: All
        License: SCB
        Author: Kasila
        ","28549","TC_55!048 (Lang: ru) | Bid:55!048-ru.ua.NoAuth","tests.US_55_ReTestsManual.tassobaccato","Tue Jul 08 02:35:41 GMT 2025","skipped","Tue Jul 08 02:36:10 GMT 2025","TestManualDetectedBugs","US_55-tassobaccato_ReTestsManual_test","",""
"
        Check:  [Learn more about us] anchor doesn't navigate to the ""Learn more about us""
                section on the ""Client funds"" page when clicking on it.
        Language: En.
        License: FCA
        Author: Artem Dashkov
        ","25702","TC_55!031 (Lang: en) | Bid:55!031-en.gb.Auth","tests.US_55_ReTestsManual.artemdashkov","Mon Jul 07 22:41:53 GMT 2025","failed","Mon Jul 07 22:42:19 GMT 2025","TestManualDetected","US_55-artemdashkov_ReTestsManual_test","",""
"
        Check: presence of the sidebar ""Crypto Trading Guide"" on the ""Bitcoin Gold"" page.
        Language: EN, DE, ZH, RU, ES,IT, PL
        License: SCB
        Author: Kasila
        ","28231","TC_55!077b (Lang: zh) | Bid:55!077b-zh.ua.NoAuth","tests.US_55_ReTestsManual.tassobaccato","Tue Jul 08 02:39:26 GMT 2025","skipped","Tue Jul 08 02:39:54 GMT 2025","TestManualDetectedBugs","US_55-tassobaccato_ReTestsManual_test","",""
"
         Check: Error 404 page is opened after click on any Trading instrument link
         in the widget on the ""Spread betting"" page
         Language: EN.
         License: FCA, FCA.
         Author: Sergey Aiidzhanov
         ","28598","TC_55!364 (Lang: en) | Bid:55!364-en.gb.NoReg","tests.US_55_ReTestsManual.saii-d3v","Tue Jul 08 02:06:15 GMT 2025","broken","Tue Jul 08 02:06:43 GMT 2025","TestManualDetectedBugs","US_55-saii-d3v_ReTestsManual_test","",""
"
        Check: Button [Create account] button in the Menu item [Trading Courses]
        Language: All.
        License: Not FCA
        Author  : Ivan Kedrov
        ","2","TC_55!062 (Lang: es) | Bid:55!062-es.ua.Auth","tests.US_55_ReTestsManual.AlexTomQA","Mon Jul 07 22:35:49 GMT 2025","skipped","Mon Jul 07 22:35:49 GMT 2025","TestManualDetected","US_55-AlexTomQA_ReTestsManual_test","",""
"
        Check:  The Main page is opened instead of the Cryptocurrencies page on the page
                ""Cryptocurrency trading"" after clicking the button [Go to all cryptocurrencies]
                when RO, IT, PL or CN language is selected
        Language: RO, IT, PL, CN.
        Country: CYSEC, SCB
        Role: NoReg, Auth, NoAuth,
        Author: Artem Dashkov
        ","18246","TC_55!129 (Lang: cn) | Bid:55!129-cn.ua.NoAuth","tests.US_55_ReTestsManual.artemdashkov","Mon Jul 07 22:50:43 GMT 2025","skipped","Mon Jul 07 22:51:02 GMT 2025","TestManualDetected","US_55-artemdashkov_ReTestsManual_test","",""
"
        Check: Menu section [Trading] > Menu item [CFD trading] > Click the link [Go CFD trading guide] in  the block
                ""Read more before you trade"" > Check links in the block ""What is a contract for difference (CFD)?""
        Language: EN, AR, DE
        License: ASIC, SCA, CYSEC
        Author: Kasila
        ","20436","TC_55!432 (Lang: ar) | Bid:55!432-ar.ae.Auth","tests.US_55_ReTestsManual.tassobaccato","Tue Jul 08 03:04:35 GMT 2025","broken","Tue Jul 08 03:04:56 GMT 2025","TestManualDetectedBugs","US_55-tassobaccato_ReTestsManual_test","",""
"
        Check:  Click the Menu section [Trading] >
                Click Menu item [Web platform] >
                Scroll down to the block ""Risk-management tools"" >
                Click link [Trailing stop loss] >
        Language: AR
        License/Country: SCA
        Role: NoReg, NoAuth, Auth
        Author: Artem Dashkov
        ","31870","TC_55!617 (Lang: ar) | Bid:55!617-ar.ae.Auth","tests.US_55_ReTestsManual.artemdashkov","Mon Jul 07 23:38:49 GMT 2025","failed","Mon Jul 07 23:39:21 GMT 2025","TestManualDetected","US_55-artemdashkov_ReTestsManual_test","",""
"
        Check: Menu section [Learn] > Menu item [Market guides] > Click on the ""Commodity trading guide"" link >
                Click on the ""commodities market"" link
        Language: NL
        License: CYSEC
        Author: Kasila
        ","32072","TC_55!660 (Lang: nl) | Bid:55!660-nl.nl.Auth","tests.US_55_ReTestsManual.tassobaccato","Tue Jul 08 03:26:51 GMT 2025","broken","Tue Jul 08 03:27:23 GMT 2025","TestManualDetectedBugs","US_55-tassobaccato_ReTestsManual_test","",""
"
        Check:  Click to the dropdown [Regional settings] > Click to the dropdown [Countries] >
                Click the [Search] input field > Enter value ""Honk"" > Check that country 'Honk Kong & Taiwan'
                displayed in search results

        Language: EN - FCA, SCA; AR - SCA
        License/Country: FCA, SCA
        Role: NoReg, NoAuth, Auth
        Author: podchasova11
        ","28326","TC_55!363 (Lang: ar) | Bid:55!363-ar.ae.NoAuth","tests.US_55_ReTestsManual.mila_podchasova","Tue Jul 08 03:40:11 GMT 2025","failed","Tue Jul 08 03:40:40 GMT 2025","TestManualDetectedBugs","US_55-mila_podchasova_ReTestsManual_test","",""
"
        Check: “CFD trading” page is not opened after clicking link in the tile ""Fast account opening"" in the block
                “Why choose Capital.com?” on the page “Why Capital.com?” when ASIC license is selected.
        Language: EN
        License: ASIC
        Author: Kasila
        ","28757","TC_55!371b (Lang: en) | Bid:55!371b-en.au.NoAuth","tests.US_55_ReTestsManual.tassobaccato","Tue Jul 08 02:51:01 GMT 2025","broken","Tue Jul 08 02:51:30 GMT 2025","TestManualDetectedBugs","US_55-tassobaccato_ReTestsManual_test","",""
"
        Check: Web pages with URLs of the FCA license are opened after clicking any of 5 links in the block “Italy 40”
            on the page “Italy 40” when SCA license and EN language is selected.
        Language: EN
        License: SCA
        Author: Kasila
        ","32245","TC_55!360 (Lang: en) | Bid:55!360-en.ae.NoReg","tests.US_55_ReTestsManual.tassobaccato","Tue Jul 08 02:46:54 GMT 2025","failed","Tue Jul 08 02:47:26 GMT 2025","TestManualDetectedBugs","US_55-tassobaccato_ReTestsManual_test","",""
"
        Check:  Click to the dropdown [Regional settings] > Click to the dropdown [Countries] >
                Click the [Search] input field > Enter value ""Honk"" > Check that country 'Honk Kong & Taiwan'
                displayed in search results

        Language: EN - FCA, SCA; AR - SCA
        License/Country: FCA, SCA
        Role: NoReg, NoAuth, Auth
        Author: podchasova11
        ","22321","TC_55!363 (Lang: en) | Bid:55!363-en.ae.NoReg","tests.US_55_ReTestsManual.mila_podchasova","Tue Jul 08 03:37:54 GMT 2025","failed","Tue Jul 08 03:38:16 GMT 2025","TestManualDetectedBugs","US_55-mila_podchasova_ReTestsManual_test","",""
"
        Check: Menu section [Learn] > Menu item [Market guides] > Click on the ""Commodity trading guide"" link >
                Click on the ""commodities market"" link
        Language: NL
        License: CYSEC
        Author: Kasila
        ","32068","TC_55!660 (Lang: nl) | Bid:55!660-nl.nl.NoAuth","tests.US_55_ReTestsManual.tassobaccato","Tue Jul 08 03:27:23 GMT 2025","broken","Tue Jul 08 03:27:55 GMT 2025","TestManualDetectedBugs","US_55-tassobaccato_ReTestsManual_test","",""
"
        Check:  Click the Menu section [Learn] >
                Click Menu item [Market guides] >
                Scroll down to the widget ""Market trading guides"" >
                Click link [Shares trading guide] >
                Scroll down to the block ""Popular shares to trade"" >
                Click link [Microsoft]
        Language: EN
        License/Country: SCA
        Role: NoReg, NoAuth, Auth
        Author: Artem Dashkov
        ","28051","TC_55!581 (Lang: en) | Bid:55!581-en.ae.NoReg","tests.US_55_ReTestsManual.artemdashkov","Mon Jul 07 23:32:05 GMT 2025","failed","Mon Jul 07 23:32:33 GMT 2025","TestManualDetected","US_55-artemdashkov_ReTestsManual_test","",""
"
        Check:  After clicking the link ""Browse all markets""
                on page ""Charges & fees"" in not EN language
                always open EN-language version of page ""Markets""
        Language: All, except EN (AND AR)
        Country: CYSEC, SCB
        Role: NoReg, Auth, NoAuth
        Author: Artem Dashkov
        ","28242","TC_55!149 (Lang: de) | Bid:55!149-de.ua.Auth","tests.US_55_ReTestsManual.artemdashkov","Mon Jul 07 22:53:52 GMT 2025","skipped","Mon Jul 07 22:54:21 GMT 2025","TestManualDetected","US_55-artemdashkov_ReTestsManual_test","",""
"
         Check: Error message is displayed after clicking the link “NASDAQ stock exchange”
         in the block “GOOGL Company profile” on the page “Trade Alphabet Inc - A - GOOGL CFD”
         Language: EN.
         License: FCA.
         Author: Sergey Aiidzhanov
         ","2416692","TC_55!359a (Lang: en) | Bid:55!359a-en.ae.NoAuth","tests.US_55_ReTestsManual.saii-d3v","Tue Jul 08 00:43:38 GMT 2025","broken","Tue Jul 08 01:23:55 GMT 2025","TestManualDetectedBugs","US_55-saii-d3v_ReTestsManual_test","",""
"
         Check: Error message is displayed when clicking the link [How-to guides]
         in block “Looking for more?” on the page [Trading courses]
         Language: All.
         License: CYSEC, ASIC.
         Role: NoReg | NoAuth | Auth
         Author: podchasova11
         ","28972","TC_55!350a (Lang: de) | Bid:55!350a-de.de.Auth","tests.US_55_ReTestsManual.mila_podchasova","Tue Jul 08 03:32:50 GMT 2025","failed","Tue Jul 08 03:33:19 GMT 2025","TestManualDetectedBugs","US_55-mila_podchasova_ReTestsManual_test","",""
"
        Check: “CFD trading” page is not opened after clicking link in the tile ""Fast account opening"" in the block
                “Why choose Capital.com?” on the page “Why Capital.com?” when ASIC license is selected.
        Language: EN
        License: ASIC
        Author: Kasila
        ","31684","TC_55!371b (Lang: en) | Bid:55!371b-en.au.Auth","tests.US_55_ReTestsManual.tassobaccato","Tue Jul 08 02:50:29 GMT 2025","broken","Tue Jul 08 02:51:01 GMT 2025","TestManualDetectedBugs","US_55-tassobaccato_ReTestsManual_test","",""
"
         Check: The modal window ""Confirm Form Resubmission"" is not opened after clicking the button [Back]
         on any article from search page.
         Language: All.
         License: SCB.
         Author: Sergey Aiidzhanov
         ","28398","TC_55!157 (Lang: en) | Bid:55!157-en.ua.NoAuth","tests.US_55_ReTestsManual.saii-d3v","Tue Jul 08 00:18:52 GMT 2025","skipped","Tue Jul 08 00:19:20 GMT 2025","TestManualDetectedBugs","US_55-saii-d3v_ReTestsManual_test","",""
"
         Check: The main page in EN language is opened after click on the link [Go to all commodities]
                on the ""Commodities trading"" page when AR, IT, NL, PL, RO, CN language is selected
         Language: AR, IT, NL, PL, RO, CN.
         License: SCB.
         Author: Sergey Aiidzhanov
         ","25906","TC_55!052 (Lang: it) | Bid:55!052-it.ua.Auth","tests.US_55_ReTestsManual.saii-d3v","Tue Jul 08 00:12:03 GMT 2025","skipped","Tue Jul 08 00:12:29 GMT 2025","TestManualDetectedBugs","US_55-saii-d3v_ReTestsManual_test","",""
"
        Check: Menu section [Trading] > Menu item [Demo trading] > Block [Our CFD markets] > Click button [More] in the
                tile [Cryptocurrencies]
        Language: AR
        License: SCA
        Author: Kasila
        ","30786","TC_55!655 (Lang: ar) | Bid:55!655-ar.ae.NoAuth","tests.US_55_ReTestsManual.tassobaccato","Tue Jul 08 03:25:52 GMT 2025","failed","Tue Jul 08 03:26:22 GMT 2025","TestManualDetectedBugs","US_55-tassobaccato_ReTestsManual_test","",""
"
         Check: The page with 404 error message is displayed after clicking any link
         of the block ""Az árutőzsdei kereskedés alapjai"" (The essentials of commodities trading)
         on the ""Árucikkek"" (Commodities) page
         Language: HU.
         License: CYSEC.
         Author: Sergey Aiidzhanov
         ","28078","TC_55!651 (Lang: hu) | Bid:55!651-hu.hu.NoReg","tests.US_55_ReTestsManual.saii-d3v","Tue Jul 08 02:31:09 GMT 2025","broken","Tue Jul 08 02:31:37 GMT 2025","TestManualDetectedBugs","US_55-saii-d3v_ReTestsManual_test","",""
"
        Check:  Menu section [Markets] > Menu item [Market analysis] >
                Find and click article link “ECB Preview: Higher CPI expected to keep Lagarde on a hawkish path” >
                Click the link 'Daniela Hathorn'
        Language: EN
        License/Country: SCA
        Role: NoReg, NoAuth, Auth
        Author: Artem Dashkov
        ","28015","TC_55!383 (Lang: en) | Bid:55!383-en.ae.NoReg","tests.US_55_ReTestsManual.artemdashkov","Mon Jul 07 23:16:11 GMT 2025","failed","Mon Jul 07 23:16:39 GMT 2025","TestManualDetected","US_55-artemdashkov_ReTestsManual_test","",""
"
        Check:  Click the Menu section [Trading] >
                Click Menu item [Margin Calls] >
                Scroll down to the block ""How to avoid a margin close-out"" >
                Click link [charges and fees page] >
        Language: AR
        License/Country: SCA
        Role: NoReg, NoAuth, Auth
        Author: Artem Dashkov
        ","31816","TC_55!589 (Lang: ar) | Bid:55!589-ar.ae.Auth","tests.US_55_ReTestsManual.artemdashkov","Mon Jul 07 23:34:07 GMT 2025","failed","Mon Jul 07 23:34:38 GMT 2025","TestManualDetected","US_55-artemdashkov_ReTestsManual_test","",""
"
        Check:  The sidebar title [Shares trading guide] is not displayed
                when selected any sidebar item in the sidebar ""Shares trading guide""
        Language: All (except EL, HU).
        License/Country: CYSEC, SCB
        Role: NoReg, NoAuth, Auth
        Author: Artem Dashkov
        ","29982","TC_55!334 (Lang: ro) | Bid:55!334-ro.de.NoAuth","tests.US_55_ReTestsManual.artemdashkov","Mon Jul 07 23:05:22 GMT 2025","failed","Mon Jul 07 23:05:52 GMT 2025","TestManualDetected","US_55-artemdashkov_ReTestsManual_test","",""
"
        Check:  The Main page is opened instead of the Cryptocurrencies page on the page
                ""Cryptocurrency trading"" after clicking the button [Go to all cryptocurrencies]
                when RO, IT, PL or CN language is selected
        Language: RO, IT, PL, CN.
        Country: CYSEC, SCB
        Role: NoReg, Auth, NoAuth,
        Author: Artem Dashkov
        ","28149","TC_55!129 (Lang: cn) | Bid:55!129-cn.ua.Auth","tests.US_55_ReTestsManual.artemdashkov","Mon Jul 07 22:49:57 GMT 2025","skipped","Mon Jul 07 22:50:25 GMT 2025","TestManualDetected","US_55-artemdashkov_ReTestsManual_test","",""
"
         Check: Button [My account] in the Header
         Language: En. License: FCA.
         Author: Kasila
         ","27265","TC_55!009 (Lang: en) | Bid:55!009-en.gb.Auth","tests.US_55_ReTestsManual.tassobaccato","Tue Jul 08 02:33:15 GMT 2025","failed","Tue Jul 08 02:33:43 GMT 2025","TestManualDetectedBugs","US_55-tassobaccato_ReTestsManual_test","",""
"
        Check: Clicking [numeric values] in the Sell column in Menu tittle Markets does not open the
                Sign-Up /Login form or page of the corresponding trading instrument on the trading platform using
                English or Arabic language.
        Language: EN, AR
        License: SCA
        Author: Kasila
        ","18142","TC_55!322a (Lang: ar) | Bid:55!322a-ar.ae.NoAuth","tests.US_55_ReTestsManual.tassobaccato","Tue Jul 08 02:44:30 GMT 2025","failed","Tue Jul 08 02:44:48 GMT 2025","TestManualDetectedBugs","US_55-tassobaccato_ReTestsManual_test","",""
"
        Check: Menu section [Trading] > Menu item [CFD calculator] > ""How to start trading"" block > Click on the
                [Sign up] button > Close the “Sign up” form
        Language: All
        License: All, except SCB (UA country)
        Author: Kasila
        ","33013","TC_55!612 (Lang: ar) | Bid:55!612-ar.ae.NoAuth","tests.US_55_ReTestsManual.tassobaccato","Tue Jul 08 03:16:22 GMT 2025","passed","Tue Jul 08 03:16:55 GMT 2025","TestManualDetectedBugs","US_55-tassobaccato_ReTestsManual_test","",""
"
        Check: Button [Google Play] on the block CFD Trading app
        Language: All.
        License: Not FCA
        Author  : Ivan Kedrov
        ","23159","TC_55!029 (Lang: ar) | Bid:55!029-ar.au.NoReg","tests.US_55_ReTestsManual.AlexTomQA","Mon Jul 07 22:34:40 GMT 2025","skipped","Mon Jul 07 22:35:03 GMT 2025","TestManualDetected","US_55-AlexTomQA_ReTestsManual_test","",""
"
        Check:  Click the Menu section [Trading] >
                Click Menu item [Margin Calls] >
                Scroll down to the block ""How to avoid a margin close-out"" >
                Click link [charges and fees page] >
        Language: AR
        License/Country: SCA
        Role: NoReg, NoAuth, Auth
        Author: Artem Dashkov
        ","28148","TC_55!589 (Lang: ar) | Bid:55!589-ar.ae.NoReg","tests.US_55_ReTestsManual.artemdashkov","Mon Jul 07 23:33:38 GMT 2025","failed","Mon Jul 07 23:34:06 GMT 2025","TestManualDetected","US_55-artemdashkov_ReTestsManual_test","",""
"
        Check: Filters application in the 'Live shares prices' widget
        Language: All
        License: SCB
        Author: Kasila
        ","28361","TC_55!048 (Lang: de) | Bid:55!048-de.ua.NoAuth","tests.US_55_ReTestsManual.tassobaccato","Tue Jul 08 02:34:27 GMT 2025","skipped","Tue Jul 08 02:34:55 GMT 2025","TestManualDetectedBugs","US_55-tassobaccato_ReTestsManual_test","",""
"
        Check:  [Learn more about us] anchor doesn't navigate to the ""Learn more about us""
                section on the ""Client funds"" page when clicking on it.
        Language: En.
        License: FCA
        Author: Artem Dashkov
        ","22416","TC_55!031 (Lang: en) | Bid:55!031-en.gb.NoReg","tests.US_55_ReTestsManual.artemdashkov","Mon Jul 07 22:41:30 GMT 2025","failed","Mon Jul 07 22:41:52 GMT 2025","TestManualDetected","US_55-artemdashkov_ReTestsManual_test","",""
"
        Check:  Navigate to the Menu section [Markets] >
                Click the Menu item [Shares] >
                Scroll down to block 'Shares markets' >
                Click the last page in paginator >
                Click dropdown [Sort] >
                Select any other tab (e.g [Top fallers]) >
                Check buttons [Previous page]/[Next page] in paginator >
        Language: EN
        License/Country: SCA, FCA, ASIC
        Role: NoReg, NoAuth, Auth
        Author: Artem Dashkov
        ","32412","TC_55!690 (Lang: en) | Bid:55!690-en.gb.NoAuth","tests.US_55_ReTestsManual.artemdashkov","Mon Jul 07 23:59:17 GMT 2025","failed","Mon Jul 07 23:59:50 GMT 2025","TestManualDetected","US_55-artemdashkov_ReTestsManual_test","",""
"
        Check:  Main page >
                Scroll down to the block “For learner traders” >
                Try to click link ""support""
        Language: EN, AR
        License/Country: ASIC, SCA
        Role: NoReg, NoAuth, Auth
        Author: Artem Dashkov
        ","14931","TC_55!431 (Lang: en) | Bid:55!431-en.ae.NoReg","tests.US_55_ReTestsManual.artemdashkov","Mon Jul 07 23:24:54 GMT 2025","failed","Mon Jul 07 23:25:09 GMT 2025","TestManualDetected","US_55-artemdashkov_ReTestsManual_test","",""
"
         Check: The Investmate page does not open after click link “Investmate”'
        ' in the block “Discover trading.” on the page “Why Capital.com?”
         Language: ALL.
         License: CYSEC, SCB.
         Author: podchasova11
         ","28294","TC_55!315 (Lang: en) | Bid:55!315-en.ua.Auth","tests.US_55_ReTestsManual.mila_podchasova","Tue Jul 08 03:35:29 GMT 2025","skipped","Tue Jul 08 03:35:58 GMT 2025","TestManualDetectedBugs","US_55-mila_podchasova_ReTestsManual_test","",""
"
         Check: Only the text of the [Inflation news] button is displayed
         without clickable area and button styling on the sidebar of the ""Market Analysis"" page,
         when SCB license and EN language are selected.
         Language: EN.
         License: SCB.
         Author: Sergey Aiidzhanov
         ","28736","TC_55!379 (Lang: en) | Bid:55!379-en.ua.Auth","tests.US_55_ReTestsManual.saii-d3v","Tue Jul 08 02:16:33 GMT 2025","skipped","Tue Jul 08 02:17:02 GMT 2025","TestManualDetectedBugs","US_55-saii-d3v_ReTestsManual_test","",""
"
         Check: Error message ""The page you were looking for doesnt exist""
         is displayed when clicking the link [How-to guides]
         in block “Looking for more?” on the page [Trading courses]
         Language: All.
         License: SCB.
         Role: NoReg | NoAuth | Auth
         Author: podchasova11
         ","18028","TC_55!350b (Lang: en) | Bid:55!350b-en.ua.NoReg","tests.US_55_ReTestsManual.mila_podchasova","Tue Jul 08 03:35:11 GMT 2025","skipped","Tue Jul 08 03:35:29 GMT 2025","TestManualDetectedBugs","US_55-mila_podchasova_ReTestsManual_test","",""
"
         Check:
         Language: NL.
         License: CYSEC.
         Author: Sergey Aiidzhanov
         ","27832","TC_55!654 (Lang: nl) | Bid:55!654-nl.nl.NoReg","tests.US_55_ReTestsManual.saii-d3v","Tue Jul 08 02:32:44 GMT 2025","broken","Tue Jul 08 02:33:12 GMT 2025","TestManualDetectedBugs","US_55-saii-d3v_ReTestsManual_test","",""
"
        Check:  ""Alle Kryptowährungen"" (Go to all cryptocurrencies) is not implemented as a link
                when the German language is selected in the block ""Why trade cryptocurrency with Capital.com""
        Language: DE.
        Country: CYSEC, SCB
        Role: NoReg, Auth, NoAuth,
        Author: Artem Dashkov
        ","29459","TC_55!130 (Lang: de) | Bid:55!130-de.de.NoAuth","tests.US_55_ReTestsManual.artemdashkov","Mon Jul 07 22:51:58 GMT 2025","failed","Mon Jul 07 22:52:28 GMT 2025","TestManualDetected","US_55-artemdashkov_ReTestsManual_test","",""
"
        Check: The page ""what is cryptocurrency trading"" is not opened after clicking the link [Learn more about
            cryptocurrency trading] in the block ""Why trade cryptocurrencies with Capital.com?"" on the page
            ""Cryptocurrencies"" when SCA license is selected.
        Language: AR
        License: SCA
        Author: Kasila
        ","23330","TC_55!270 (Lang: ar) | Bid:55!270-ar.ae.NoReg","tests.US_55_ReTestsManual.tassobaccato","Tue Jul 08 02:39:54 GMT 2025","failed","Tue Jul 08 02:40:17 GMT 2025","TestManualDetectedBugs","US_55-tassobaccato_ReTestsManual_test","",""
"
        Check: Field [email] in Sign up form
        Language: All.
        License/Country: de/CYSEC, au/ASIC,
        Role: NoReg, NoAuth,
        Login: ['КИРИЛЛИЦА_без_пробелов@gmail.com', 'LATIN with space@gmail.com'],
        Password: ['VALID_password44!']
        Author: Artem Dashkov
        ","24852","TC_55!045a (Lang: zh) | Bid:55!045a-zh.ua.NoReg","tests.US_55_ReTestsManual.artemdashkov","Mon Jul 07 22:42:45 GMT 2025","skipped","Mon Jul 07 22:43:10 GMT 2025","TestManualDetected","US_55-artemdashkov_ReTestsManual_test","",""
"
        Check:  Navigate to the Menu section [Trading] >
                Click the Menu item [MT4] >
                Scroll to the link [How to create a MetaTrader4 (MT4) account?] >
                in block ""Connect your account to MT4 in three steps"" >
                Click link [How to create a MetaTrader4 (MT4) account?] >
        Language: NL
        License/Country: CYSEC
        Role: NoReg, NoAuth, Auth
        Author: Artem Dashkov
        ","28340","TC_55!674 (Lang: nl) | Bid:55!674-nl.nl.NoAuth","tests.US_55_ReTestsManual.artemdashkov","Mon Jul 07 23:53:39 GMT 2025","failed","Mon Jul 07 23:54:07 GMT 2025","TestManualDetected","US_55-artemdashkov_ReTestsManual_test","",""
"
         Check: The modal window ""Log in to your Facebook account"" is not opened
                after clicking the button [Facebook] in the Signup / Log in form
                on any page when EN/AR language and SCA license is selected
         Language: AR, EN.
         License: SCA.
         Author: Sergey Aiidzhanov
         ","15220","TC_55!299 (Lang: ar) | Bid:55!299-ar.ae.NoReg","tests.US_55_ReTestsManual.saii-d3v","Tue Jul 08 00:31:22 GMT 2025","broken","Tue Jul 08 00:31:37 GMT 2025","TestManualDetectedBugs","US_55-saii-d3v_ReTestsManual_test","",""
"
         Check: FCA license is selected instead of ASIC/CYSEC/SCA on trading instrument page
         after clicking any of trading instrument links
         on the page “Lloyds forecast: will Lloyds share price return to £1? Third party data forecast”
         Language: EN.
         License: SCA.
         Author: Sergey Aiidzhanov
         ","45209","TC_55!378 (Lang: en) | Bid:55!378-en.de.Auth","tests.US_55_ReTestsManual.saii-d3v","Tue Jul 08 02:09:54 GMT 2025","failed","Tue Jul 08 02:10:39 GMT 2025","TestManualDetectedBugs","US_55-saii-d3v_ReTestsManual_test","",""
"
        Check:  Click the Menu section [Learn] >
                Click Menu item [Market guides] >
                Scroll down to the widget ""Market trading guides"" >
                Click link [Shares trading guide] >
                Scroll down to the block ""Popular shares to trade"" >
                Click link [Microsoft]
        Language: EN
        License/Country: SCA
        Role: NoReg, NoAuth, Auth
        Author: Artem Dashkov
        ","31389","TC_55!581 (Lang: en) | Bid:55!581-en.ae.Auth","tests.US_55_ReTestsManual.artemdashkov","Mon Jul 07 23:32:33 GMT 2025","failed","Mon Jul 07 23:33:05 GMT 2025","TestManualDetected","US_55-artemdashkov_ReTestsManual_test","",""
"
        Check:  Click the Menu section [Markets] >
                Scroll down to the widget ""All markets"" >
                ""CHF"" write in the search >
                Click link [CHF/JPY] >
                Scroll down to the block ""Swiss franc vs Japanese yen"" >
                Click link [indices]
        Language: EN
        License/Country: ASIC, SCA
        Role: NoReg, NoAuth, Auth
        Author: Artem Dashkov
        ","28636","TC_55!455 (Lang: en) | Bid:55!455-en.gb.NoReg","tests.US_55_ReTestsManual.artemdashkov","Mon Jul 07 23:28:00 GMT 2025","failed","Mon Jul 07 23:28:29 GMT 2025","TestManualDetected","US_55-artemdashkov_ReTestsManual_test","",""
"
        Check:  The [demo account] page is opened in EN language instead corresponding language,
                when clicked [demo account] link on the ""Main page"" for HU or RU language is selected
        Language: HU, RU
        Country: CYSEC, SCB
        Role: NoReg, Auth, NoAuth
        Author: Artem Dashkov
        ","26090","TC_55!151 (Lang: ru) | Bid:55!151-ru.de.NoReg","tests.US_55_ReTestsManual.artemdashkov","Mon Jul 07 22:54:57 GMT 2025","failed","Mon Jul 07 22:55:23 GMT 2025","TestManualDetected","US_55-artemdashkov_ReTestsManual_test","",""
"
        Check:  Sign up/log in/forms or the transition to the trading platform are
                not opened after clicking the [Try now] button in ""Why choose
                Capital.com?.."" Block in the menu item [Our Mobile Apps]
        Language: All.
        License: Not FCA
        Author: Artem Dashkov
        ","28422","TC_55!017 (Lang: es) | Bid:55!017-es.ua.NoReg","tests.US_55_ReTestsManual.artemdashkov","Mon Jul 07 22:40:04 GMT 2025","skipped","Mon Jul 07 22:40:33 GMT 2025","TestManualDetected","US_55-artemdashkov_ReTestsManual_test","",""
"
        Check: Main page > tab [Corporate] > block “Why Open a Corporate Account with Capital.com?”  > Pay attention to
                the value of the ""Active clients monthly"" item
        Language: EN
        License: ASIC
        Author: Kasila
        ","23938","TC_55!399b (Lang: en) | Bid:55!399b-en.au.Auth","tests.US_55_ReTestsManual.tassobaccato","Tue Jul 08 02:57:13 GMT 2025","failed","Tue Jul 08 02:57:37 GMT 2025","TestManualDetectedBugs","US_55-tassobaccato_ReTestsManual_test","",""
"
        Check:  Navigate to the Menu section [Pricing] >
                Click the Menu item [Charges and fees] >
                Scroll page down to the block ""Deposits and withdrawals"" >
                Click link [here]
        Language: IT
        License/Country: CYSEC/IT
        Role: NoReg, NoAuth, Auth
        Author: Artem Dashkov
        ","27323","TC_55!691 (Lang: it) | Bid:55!691-it.it.NoReg","tests.US_55_ReTestsManual.artemdashkov","Tue Jul 08 00:03:04 GMT 2025","failed","Tue Jul 08 00:03:31 GMT 2025","TestManualDetected","US_55-artemdashkov_ReTestsManual_test","",""
"
         Check: The page ""Oops, this help center no longer exists""
         is opened after clicking the link [Help Center] of the page ""Contact us""
         Language: All.
         License: CYSEC.
         Role: NoReg | NoAuth | Auth
         Author: podchasova11
         ","25227","TC_55!326 (Lang: en) | Bid:55!326-en.de.NoReg","tests.US_55_ReTestsManual.mila_podchasova","Tue Jul 08 03:32:24 GMT 2025","failed","Tue Jul 08 03:32:49 GMT 2025","TestManualDetectedBugs","US_55-mila_podchasova_ReTestsManual_test","",""
"
        Check:  Click the Menu section [Trading] >
                Click Menu item [All platforms] >
                Scroll down to the block ""Our trading app"" >
                Click link [app] >
        Language: AR
        License/Country: SCA
        Role: NoReg, NoAuth, Auth
        Author: Artem Dashkov
        ","28216","TC_55!650 (Lang: ar) | Bid:55!650-ar.ae.NoReg","tests.US_55_ReTestsManual.artemdashkov","Mon Jul 07 23:39:54 GMT 2025","failed","Mon Jul 07 23:40:22 GMT 2025","TestManualDetected","US_55-artemdashkov_ReTestsManual_test","",""
"
         Check: The page ""Trading products"" is opened after clicking the link [Our mobile Apps]
                in the tile ""Industry-leading features for an industry-leading platform""
                on the page ""Why Capital.com?"" when any language (except EN) is selected
         Language: All, except EN.
         License: SCB.
         Author: Sergey Aiidzhanov
         ","18026","TC_55!288 (Lang: ru) | Bid:55!288-ru.ua.NoReg","tests.US_55_ReTestsManual.saii-d3v","Tue Jul 08 00:27:20 GMT 2025","skipped","Tue Jul 08 00:27:38 GMT 2025","TestManualDetectedBugs","US_55-saii-d3v_ReTestsManual_test","",""
"
         Check: There are no search results on the Search page when any language except EN is selected.
         Language: All, except EN.
         License: CB.
         Author: Sergey Aiidzhanov
         ","28114","TC_55!292 (Lang: el) | Bid:55!292-el.ua.Auth","tests.US_55_ReTestsManual.saii-d3v","Tue Jul 08 00:30:08 GMT 2025","skipped","Tue Jul 08 00:30:36 GMT 2025","TestManualDetectedBugs","US_55-saii-d3v_ReTestsManual_test","",""
"
        Check:  Navigate to the Menu section [Trading] >
                Click the Menu item [All platforms] >
                Scroll page down to the block ""We’re here to help"" >
                Click button [Open an account]
        Language: EN,AR,DE
        License/Country: SCA,FCA,ASIC,CYCEC
        Role: NoReg, NoAuth, Auth
        Author: Artem Dashkov
        ","24239","TC_55!701 (Lang: en) | Bid:55!701-en.ae.NoReg","tests.US_55_ReTestsManual.artemdashkov","Tue Jul 08 00:09:12 GMT 2025","failed","Tue Jul 08 00:09:36 GMT 2025","TestManualDetected","US_55-artemdashkov_ReTestsManual_test","",""
"
        Check:  The Main page is opened instead of the Cryptocurrencies page on the page
                ""Cryptocurrency trading"" after clicking the button [Go to all cryptocurrencies]
                when RO, IT, PL or CN language is selected
        Language: RO, IT, PL, CN.
        Country: CYSEC, SCB
        Role: NoReg, Auth, NoAuth,
        Author: Artem Dashkov
        ","28827","TC_55!129 (Lang: cn) | Bid:55!129-cn.ua.NoReg","tests.US_55_ReTestsManual.artemdashkov","Mon Jul 07 22:49:00 GMT 2025","skipped","Mon Jul 07 22:49:29 GMT 2025","TestManualDetected","US_55-artemdashkov_ReTestsManual_test","",""
"
        Check:  Navigate to the Menu section [Trading] >
                Click the Menu item [All platforms] >
                Scroll page down to the block ""We’re here to help"" >
                Click button [Open an account]
        Language: EN,AR,DE
        License/Country: SCA,FCA,ASIC,CYCEC
        Role: NoReg, NoAuth, Auth
        Author: Artem Dashkov
        ","25294","TC_55!701 (Lang: en) | Bid:55!701-en.gb.NoReg","tests.US_55_ReTestsManual.artemdashkov","Tue Jul 08 00:07:48 GMT 2025","failed","Tue Jul 08 00:08:13 GMT 2025","TestManualDetected","US_55-artemdashkov_ReTestsManual_test","",""
"
        Check:  Click the Menu section [Markets] >
                Scroll down to the widget ""All markets"" >
                ""CHF"" write in the search >
                Click link [CHF/JPY] >
                Scroll down to the block ""Swiss franc vs Japanese yen"" >
                Click link [indices]
        Language: EN
        License/Country: ASIC, SCA
        Role: NoReg, NoAuth, Auth
        Author: Artem Dashkov
        ","18632","TC_55!455 (Lang: en) | Bid:55!455-en.ae.NoReg","tests.US_55_ReTestsManual.artemdashkov","Mon Jul 07 23:28:29 GMT 2025","failed","Mon Jul 07 23:28:47 GMT 2025","TestManualDetected","US_55-artemdashkov_ReTestsManual_test","",""
"
        Check:  The search field [How can we help?] on the menu title [Help & Support]
                of the section menu ""More"" isn't searched when any language is selected
        Language: All (except ar).
        Country: CYSEC, SCB
        Role: NoReg, Auth, NoAuth,
        Search_query: cur_search_query_2_rnd_from_10
        Author: Artem Dashkov
        ","25532","TC_55!171 (Lang: it) | Bid:55!171-it.de.NoReg","tests.US_55_ReTestsManual.artemdashkov","Mon Jul 07 22:57:51 GMT 2025","failed","Mon Jul 07 22:58:17 GMT 2025","TestManualDetected","US_55-artemdashkov_ReTestsManual_test","",""
"
        Check:  Click the Menu section [Trading] >
                Click Menu item [Mobile apps] >
                Scroll down to the tile ""How to trade with us"" >
                Click link [CFDs] >
        Language: AR
        License/Country: SCA
        Role: NoReg, NoAuth, Auth
        Author: Artem Dashkov
        ","34982","TC_55!652 (Lang: ar) | Bid:55!652-ar.ae.Auth","tests.US_55_ReTestsManual.artemdashkov","Mon Jul 07 23:41:56 GMT 2025","failed","Mon Jul 07 23:42:31 GMT 2025","TestManualDetected","US_55-artemdashkov_ReTestsManual_test","",""
"
         Check: Error message is displayed when clicking the link [How-to guides]
         in block “Looking for more?” on the page [Trading courses]
         Language: All.
         License: CYSEC, ASIC.
         Role: NoReg | NoAuth | Auth
         Author: podchasova11
         ","28444","TC_55!350a (Lang: de) | Bid:55!350a-de.de.NoAuth","tests.US_55_ReTestsManual.mila_podchasova","Tue Jul 08 03:33:20 GMT 2025","failed","Tue Jul 08 03:33:48 GMT 2025","TestManualDetectedBugs","US_55-mila_podchasova_ReTestsManual_test","",""
"
        Check: Menu section [Learn] > Menu item  [Market guides] > Click the link “Shares trading guide”
                > Сlick the link “Netflix” > Сlick the link “Trade Coca-Cola shares”
                > Сlick the link “KO” in the block “Performance of the Coca-Cola stock in recent years”
        Language: EN
        License: FCA
        Author: Kasila
        ","32604","TC_55!624 (Lang: en) | Bid:55!624-en.ae.NoReg","tests.US_55_ReTestsManual.tassobaccato","Tue Jul 08 03:19:51 GMT 2025","passed","Tue Jul 08 03:20:24 GMT 2025","TestManualDetectedBugs","US_55-tassobaccato_ReTestsManual_test","",""
"
         Check: The page ""Trading products"" is opened after clicking the link [Our mobile Apps]
                in the tile ""Industry-leading features for an industry-leading platform""
                on the page ""Why Capital.com?"" when any language (except EN) is selected
         Language: All, except EN.
         License: SCB.
         Author: Sergey Aiidzhanov
         ","18047","TC_55!288 (Lang: el) | Bid:55!288-el.ua.NoReg","tests.US_55_ReTestsManual.saii-d3v","Tue Jul 08 00:28:35 GMT 2025","skipped","Tue Jul 08 00:28:53 GMT 2025","TestManualDetectedBugs","US_55-saii-d3v_ReTestsManual_test","",""
"
        Check: Menu section [Learn] > Menu item [Market guides] > Click on the “Oil trading guide” link >
                Сlick the [Try demo]/[Start oil trading] button > Close the “Sign up” form
        Language: All
        License: All, except SCB (UA country)
        Author: Kasila
        ","34206","TC_55!604 (Lang: ar) | Bid:55!604-ar.ae.NoAuth","tests.US_55_ReTestsManual.tassobaccato","Tue Jul 08 03:12:09 GMT 2025","passed","Tue Jul 08 03:12:44 GMT 2025","TestManualDetectedBugs","US_55-tassobaccato_ReTestsManual_test","",""
"
         Check: Error message is displayed after clicking the link ""أكثر"" (More)
         in the tile ""العملات المشفرة"" (Cryptocurrencies) on the page ""تجريبي"" (Demo)
         when AR language and SCA license is selected
         Language: AR.
         License: SCA.
         Author: Sergey Aiidzhanov
         ","36147","TC_55!305 (Lang: ar) | Bid:55!305-ar.ae.Auth","tests.US_55_ReTestsManual.saii-d3v","Tue Jul 08 00:32:46 GMT 2025","failed","Tue Jul 08 00:33:22 GMT 2025","TestManualDetectedBugs","US_55-saii-d3v_ReTestsManual_test","",""
"
        Check: Menu section [Learn] > Menu item  [Market guides] > Click the link “Shares trading guide”
                > Сlick the link “Netflix” > Сlick the link “Trade Coca-Cola shares”
                > Сlick the link “KO” in the block “Performance of the Coca-Cola stock in recent years”
        Language: EN
        License: FCA
        Author: Kasila
        ","21845","TC_55!624 (Lang: en) | Bid:55!624-en.gb.Auth","tests.US_55_ReTestsManual.tassobaccato","Tue Jul 08 03:21:42 GMT 2025","broken","Tue Jul 08 03:22:04 GMT 2025","TestManualDetectedBugs","US_55-tassobaccato_ReTestsManual_test","",""
"
        Check: Menu section [Learn] > Menu item [Market guides] > Click on the “Oil trading guide” link >
                Сlick the [Try demo]/[Start oil trading] button > Close the “Sign up” form
        Language: All
        License: All, except SCB (UA country)
        Author: Kasila
        ","17863","TC_55!604 (Lang: en) | Bid:55!604-en.au.NoReg","tests.US_55_ReTestsManual.tassobaccato","Tue Jul 08 03:10:47 GMT 2025","broken","Tue Jul 08 03:11:05 GMT 2025","TestManualDetectedBugs","US_55-tassobaccato_ReTestsManual_test","",""
"
         Check: Error message is displayed
         after clicking the link “تعلّم المزيد حول كيفيّة التداول على الأسهم“ (Learn more about shares trading)
         in the tile “التداول على الأسهم” (Shares trading)
         on the page “ما هو مفهوم التداول على النفط” (What is oil trading) when AR language is selected
         Language: AR.
         License: SCA.
         Author: Sergey Aiidzhanov
         ","35144","TC_55!335 (Lang: ar) | Bid:55!335-ar.ae.Auth","tests.US_55_ReTestsManual.saii-d3v","Tue Jul 08 00:41:18 GMT 2025","failed","Tue Jul 08 00:41:54 GMT 2025","TestManualDetectedBugs","US_55-saii-d3v_ReTestsManual_test","",""
"
        Check: Main page > tab [Corporate] > block “Why Open a Corporate Account with Capital.com?”  > Pay attention to
                the value of the ""Active clients monthly"" item
        Language: EN
        License: ASIC
        Author: Kasila
        ","23589","TC_55!399b (Lang: en) | Bid:55!399b-en.au.NoAuth","tests.US_55_ReTestsManual.tassobaccato","Tue Jul 08 02:57:37 GMT 2025","failed","Tue Jul 08 02:58:01 GMT 2025","TestManualDetectedBugs","US_55-tassobaccato_ReTestsManual_test","",""
"
         Check: The old version of the page ""US Tech 100 index trading guide"" is opened
         instead of the new one on FCA/SCA licences
         Language: EN.
         License: FCA, SCA.
         Author: Sergey Aiidzhanov
         ","32918","TC_55!433 (Lang: en) | Bid:55!433-en.ae.Auth","tests.US_55_ReTestsManual.saii-d3v","Tue Jul 08 02:21:29 GMT 2025","failed","Tue Jul 08 02:22:02 GMT 2025","TestManualDetectedBugs","US_55-saii-d3v_ReTestsManual_test","",""
"
         Check: The ""Trading Conditions"" table is not visible on the page ""Trade Australia 200 - AU200au CFD""
         Language: DE, EN.
         License: ASIC, CYSEC.
         Author: Sergey Aiidzhanov
         ","24233","TC_55!507 (Lang: en) | Bid:55!507-en.au.NoReg","tests.US_55_ReTestsManual.saii-d3v","Tue Jul 08 02:26:16 GMT 2025","passed","Tue Jul 08 02:26:40 GMT 2025","TestManualDetectedBugs","US_55-saii-d3v_ReTestsManual_test","",""
"
         Check: The page with “404 error” message is displayed
                after clicking the link [تعلّم التداول] (Learn to trade)
                in the tile  [تبدأ الطريق من أوله؟] (Starting from the beginning?)
                on the page ""تعلّم التداول"" (Learn to trade) when AR language is selected
         Language: AR.
         License: SCA.
         Author: Sergey Aiidzhanov
         ","28371","TC_55!272 (Lang: ar) | Bid:55!272-ar.ae.NoAuth","tests.US_55_ReTestsManual.saii-d3v","Tue Jul 08 00:23:55 GMT 2025","failed","Tue Jul 08 00:24:23 GMT 2025","TestManualDetectedBugs","US_55-saii-d3v_ReTestsManual_test","",""
"
        Check: Main page > Menu items of the menu section [Pricing] in the ""Footer""
        Language: EN
        License: SCA, ASIC
        Author: Kasila
        ","14931","TC_55!420 (Lang: en) | Bid:55!420-en.au.NoAuth","tests.US_55_ReTestsManual.tassobaccato","Tue Jul 08 03:02:13 GMT 2025","broken","Tue Jul 08 03:02:28 GMT 2025","TestManualDetectedBugs","US_55-tassobaccato_ReTestsManual_test","",""
"
        Check: The text of the link is "" ##AuUSPlink2## "" in the block “Why choose Capital.com?” on the page
                “Why Capital.com?” when ASIC license is selected.
        Language: EN
        License: ASIC
        Author: Kasila
        ","20903","TC_55!371a (Lang: en) | Bid:55!371a-en.au.NoReg","tests.US_55_ReTestsManual.tassobaccato","Tue Jul 08 02:48:42 GMT 2025","broken","Tue Jul 08 02:49:03 GMT 2025","TestManualDetectedBugs","US_55-tassobaccato_ReTestsManual_test","",""
"
        Check:  The search field [How can we help?] on the menu title [Help & Support]
                of the section menu ""More"" isn't searched when any language is selected
        Language: All (except ar).
        Country: CYSEC, SCB
        Role: NoReg, Auth, NoAuth,
        Search_query: cur_search_query_2_rnd_from_10
        Author: Artem Dashkov
        ","25559","TC_55!171 (Lang: pl) | Bid:55!171-pl.de.NoReg","tests.US_55_ReTestsManual.artemdashkov","Mon Jul 07 22:56:24 GMT 2025","failed","Mon Jul 07 22:56:50 GMT 2025","TestManualDetected","US_55-artemdashkov_ReTestsManual_test","",""
"
         Check: The page with 404 error message is displayed after clicking any link
         of the block ""Az árutőzsdei kereskedés alapjai"" (The essentials of commodities trading)
         on the ""Árucikkek"" (Commodities) page
         Language: HU.
         License: CYSEC.
         Author: Sergey Aiidzhanov
         ","31960","TC_55!651 (Lang: hu) | Bid:55!651-hu.hu.Auth","tests.US_55_ReTestsManual.saii-d3v","Tue Jul 08 02:30:03 GMT 2025","broken","Tue Jul 08 02:30:35 GMT 2025","TestManualDetectedBugs","US_55-saii-d3v_ReTestsManual_test","",""
"
        Check:  The sidebar title [Shares trading guide] is not displayed
                when selected any sidebar item in the sidebar ""Shares trading guide""
        Language: All (except EL, HU).
        License/Country: CYSEC, SCB
        Role: NoReg, NoAuth, Auth
        Author: Artem Dashkov
        ","15535","TC_55!334 (Lang: de) | Bid:55!334-de.de.NoReg","tests.US_55_ReTestsManual.artemdashkov","Mon Jul 07 23:04:19 GMT 2025","failed","Mon Jul 07 23:04:34 GMT 2025","TestManualDetected","US_55-artemdashkov_ReTestsManual_test","",""
"
        Check:  Click the Menu section [Trading] >
                Click Menu item [Margin Calls] >
                Scroll down to the block ""How to avoid a margin close-out"" >
                Click link [charges and fees page] >
        Language: AR
        License/Country: SCA
        Role: NoReg, NoAuth, Auth
        Author: Artem Dashkov
        ","32458","TC_55!589 (Lang: ar) | Bid:55!589-ar.ae.NoAuth","tests.US_55_ReTestsManual.artemdashkov","Mon Jul 07 23:34:39 GMT 2025","failed","Mon Jul 07 23:35:11 GMT 2025","TestManualDetected","US_55-artemdashkov_ReTestsManual_test","",""
"
        Check:  Not possible to vote for another trading instrument
                in the block ""What is your sentiment...""  if on another page voted for another instrument
        Language: All.
        License/Country: All
        Role: NoReg, NoAuth, Auth
        Author: Artem Dashkov
        ","18231","TC_55!074 (Lang: en) | Bid:55!074-en.ua.NoAuth","tests.US_55_ReTestsManual.artemdashkov","Mon Jul 07 22:46:48 GMT 2025","skipped","Mon Jul 07 22:47:06 GMT 2025","TestManualDetected","US_55-artemdashkov_ReTestsManual_test","",""
"
        Check:  Menu section [About] >
                Menu item [Help] >
                Scroll down to the block 'Still looking for help? Get in touch' >
                Try to click link '+97145768641' and 'support@capital.com'
        Language: AR
        License/Country: SCA
        Role: NoReg, NoAuth, Auth
        Author: Artem Dashkov
        ","28603","TC_55!610 (Lang: ar) | Bid:55!610-ar.ae.NoReg","tests.US_55_ReTestsManual.artemdashkov","Mon Jul 07 23:36:46 GMT 2025","failed","Mon Jul 07 23:37:15 GMT 2025","TestManualDetected","US_55-artemdashkov_ReTestsManual_test","",""
"
        Check:  The widget of the block ""Our spread betting markets"" is absent
                when click on the button [Commodities] or [Shares] on the page ""Spread betting""
        Language: EN
        License/Country: FCA
        Role: NoReg, NoAuth, Auth
        Author: Artem Dashkov
        ","29769","TC_55!357 (Lang: en) | Bid:55!357-en.gb.Auth","tests.US_55_ReTestsManual.artemdashkov","Mon Jul 07 23:06:32 GMT 2025","failed","Mon Jul 07 23:07:02 GMT 2025","TestManualDetected","US_55-artemdashkov_ReTestsManual_test","",""
"
        Check:  Not possible to vote for another trading instrument
                in the block ""What is your sentiment...""  if on another page voted for another instrument
        Language: All.
        License/Country: All
        Role: NoReg, NoAuth, Auth
        Author: Artem Dashkov
        ","28715","TC_55!074 (Lang: en) | Bid:55!074-en.ua.NoReg","tests.US_55_ReTestsManual.artemdashkov","Mon Jul 07 22:45:51 GMT 2025","skipped","Mon Jul 07 22:46:19 GMT 2025","TestManualDetected","US_55-artemdashkov_ReTestsManual_test","",""
"
         Check: The ""Trading Conditions"" table is not visible on the page ""Trade Australia 200 - AU200au CFD""
         Language: DE, EN.
         License: ASIC, CYSEC.
         Author: Sergey Aiidzhanov
         ","13791","TC_55!507 (Lang: de) | Bid:55!507-de.de.NoReg","tests.US_55_ReTestsManual.saii-d3v","Tue Jul 08 02:26:40 GMT 2025","passed","Tue Jul 08 02:26:54 GMT 2025","TestManualDetectedBugs","US_55-saii-d3v_ReTestsManual_test","",""
"
         Check: The page is refreshed instead of opening the Login form after clicking the [Log In] button
                on the Search page
         Language: All.
         License: SCB.
         Author: Sergey Aiidzhanov
         ","28261","TC_55!053 (Lang: ru) | Bid:55!053-ru.ua.NoReg","tests.US_55_ReTestsManual.saii-d3v","Tue Jul 08 00:15:20 GMT 2025","skipped","Tue Jul 08 00:15:48 GMT 2025","TestManualDetectedBugs","US_55-saii-d3v_ReTestsManual_test","",""
"
        Check:  The sidebar title [Shares trading guide] is not displayed
                when selected any sidebar item in the sidebar ""Shares trading guide""
        Language: All (except EL, HU).
        License/Country: CYSEC, SCB
        Role: NoReg, NoAuth, Auth
        Author: Artem Dashkov
        ","15467","TC_55!334 (Lang: de) | Bid:55!334-de.de.Auth","tests.US_55_ReTestsManual.artemdashkov","Mon Jul 07 23:05:06 GMT 2025","failed","Mon Jul 07 23:05:21 GMT 2025","TestManualDetected","US_55-artemdashkov_ReTestsManual_test","",""
"
         Check: The page with “404 error” message is displayed
                after clicking the link [تعلّم التداول] (Learn to trade)
                in the tile  [تبدأ الطريق من أوله؟] (Starting from the beginning?)
                on the page ""تعلّم التداول"" (Learn to trade) when AR language is selected
         Language: AR.
         License: SCA.
         Author: Sergey Aiidzhanov
         ","31061","TC_55!272 (Lang: ar) | Bid:55!272-ar.ae.Auth","tests.US_55_ReTestsManual.saii-d3v","Tue Jul 08 00:23:23 GMT 2025","failed","Tue Jul 08 00:23:54 GMT 2025","TestManualDetectedBugs","US_55-saii-d3v_ReTestsManual_test","",""
"
        Check:  Menu section [Markets] > Menu item [Market analysis] >
                Find and click article of 'Daniela Hathorn' author >
                Click the link 'Daniela Hathorn' >
                Click any article on the 'Daniela Hathorn' page
        Language: EN
        License/Country: SCA
        Role: NoReg, NoAuth, Auth
        Author: Artem Dashkov
        ","31592","TC_55!407 (Lang: en) | Bid:55!407-en.ae.NoAuth","tests.US_55_ReTestsManual.artemdashkov","Mon Jul 07 23:22:04 GMT 2025","failed","Mon Jul 07 23:22:35 GMT 2025","TestManualDetected","US_55-artemdashkov_ReTestsManual_test","",""
"
         Check: The Trading Guides page is not opened after clicking the link [Handelsleitfäden] (trading guides)
         on the page [Demo-Konto] (Demo Account) in DE lang
         Language: DE.
         License: SCB.
         Author: Sergey Aiidzhanov
         ","18263","TC_55!085 (Lang: de) | Bid:55!085-de.ua.NoReg","tests.US_55_ReTestsManual.saii-d3v","Tue Jul 08 00:18:05 GMT 2025","skipped","Tue Jul 08 00:18:23 GMT 2025","TestManualDetectedBugs","US_55-saii-d3v_ReTestsManual_test","",""
"
         Check: Error message is displayed after clicking the link ""Stochastic Oscillator""
         of the block “How to trade using RSI and other indicators”
         on the page “RSI trading strategy: An educational guide”
         Language: EN.
         License: CB.
         Author: Sergey Aiidzhanov
         ","28409","TC_55!332a (Lang: en) | Bid:55!332a-en.ua.NoAuth","tests.US_55_ReTestsManual.saii-d3v","Tue Jul 08 00:39:17 GMT 2025","skipped","Tue Jul 08 00:39:45 GMT 2025","TestManualDetectedBugs","US_55-saii-d3v_ReTestsManual_test","",""
"
        Check: Link [Learn more about us] on block Contents?
        Language: En.
        License: FCA
        ","2","TC_55!031v2 (Lang: en) | Bid:55!031v2-en.gb.NoAuth","tests.US_55_ReTestsManual.AlexTomQA","Mon Jul 07 22:35:49 GMT 2025","skipped","Mon Jul 07 22:35:49 GMT 2025","TestManualDetected","US_55-AlexTomQA_ReTestsManual_test","",""
"
        Check:  Menu section [About] >
                Menu item [Client vulnerability] >
                Scroll down to the block “Vulnerability: what to be aware of?” >
                Try to click link ""risk-management""
        Language: EN
        License/Country: FCA
        Role: NoReg, NoAuth, Auth
        Author: Artem Dashkov
        ","31638","TC_55!503 (Lang: en) | Bid:55!503-en.gb.Auth","tests.US_55_ReTestsManual.artemdashkov","Mon Jul 07 23:31:00 GMT 2025","failed","Mon Jul 07 23:31:32 GMT 2025","TestManualDetected","US_55-artemdashkov_ReTestsManual_test","",""
"
        Check: Menu section [Trading] > Menu item [CFD trading] > Click the link [Go CFD trading guide] in  the block
                ""Read more before you trade"" > Check links in the block ""What is a contract for difference (CFD)?""
        Language: EN, AR, DE
        License: ASIC, SCA, CYSEC
        Author: Kasila
        ","14396","TC_55!432 (Lang: en) | Bid:55!432-en.ae.NoReg","tests.US_55_ReTestsManual.tassobaccato","Tue Jul 08 03:02:59 GMT 2025","failed","Tue Jul 08 03:03:13 GMT 2025","TestManualDetectedBugs","US_55-tassobaccato_ReTestsManual_test","",""
"
         Check: The page with error is opened after clicking the link ""WhatsApp"" on the page [Client funds]
         Language: EN.
         License: FCA.
         Author: Sergey Aiidzhanov
         ","29133","TC_55!416 (Lang: en) | Bid:55!416-en.gb.NoAuth","tests.US_55_ReTestsManual.saii-d3v","Tue Jul 08 02:20:38 GMT 2025","passed","Tue Jul 08 02:21:07 GMT 2025","TestManualDetectedBugs","US_55-saii-d3v_ReTestsManual_test","",""
"
         Check: Menu section [Markets] > 
                Menu item [Markets analysis] > 
                Article ""Gold price predictions for the next.."" > 
                Click on [Trade now] link > 
                Click on [Close] button
         Language: EN
         License: SCA, FCA, CYSEC or ASIC
         Author: Aleksei Kurochkin
         ","61488","TC_55!634 (Lang: en) | Bid:55!634-en.de.NoReg","tests.US_55_ReTestsManual.K_Alex_N","Tue Jul 08 03:53:57 GMT 2025","passed","Tue Jul 08 03:54:59 GMT 2025","TestForFixedBugs","US_55_K_Alex_N_ReTestsManual_test","",""
"
         Check: The page is refreshed instead of opening the Login form after clicking the [Log In] button
                on the Search page
         Language: All.
         License: SCB.
         Author: Sergey Aiidzhanov
         ","28209","TC_55!053 (Lang: ru) | Bid:55!053-ru.ua.NoAuth","tests.US_55_ReTestsManual.saii-d3v","Tue Jul 08 00:14:52 GMT 2025","skipped","Tue Jul 08 00:15:20 GMT 2025","TestManualDetectedBugs","US_55-saii-d3v_ReTestsManual_test","",""
"
         Check: The page is refreshed instead of opening the Login form after clicking the [Log In] button
                on the Search page
         Language: All.
         License: SCB.
         Author: Sergey Aiidzhanov
         ","28735","TC_55!053 (Lang: el) | Bid:55!053-el.ua.NoAuth","tests.US_55_ReTestsManual.saii-d3v","Tue Jul 08 00:15:48 GMT 2025","skipped","Tue Jul 08 00:16:17 GMT 2025","TestManualDetectedBugs","US_55-saii-d3v_ReTestsManual_test","",""
"
         Check: The Trading platform overview page does not open when
         the button [Platform overview] is pressed on the ""Investmate app"" page

         Author: podchasova11
         ","24624","TC_55!038 (Lang: en) | Bid:55!038-en.de.NoReg","tests.US_55_ReTestsManual.mila_podchasova","Tue Jul 08 03:29:19 GMT 2025","failed","Tue Jul 08 03:29:44 GMT 2025","TestManualDetectedBugs","US_55-mila_podchasova_ReTestsManual_test","",""
"
         Check: Error message is displayed after clicking the link ""support and resistance""
         of the block “How to trade using RSI and other indicators”
         on the page “RSI trading strategy: An educational guide”
         Language: EN.
         License: CB.
         Author: Sergey Aiidzhanov
         ","18069","TC_55!332b (Lang: en) | Bid:55!332b-en.ua.NoReg","tests.US_55_ReTestsManual.saii-d3v","Tue Jul 08 00:41:00 GMT 2025","skipped","Tue Jul 08 00:41:18 GMT 2025","TestManualDetectedBugs","US_55-saii-d3v_ReTestsManual_test","",""
"
        Check:  Click the Menu section [Markets] >
                Scroll down to the widget ""All markets"" >
                ""CHF"" write in the search >
                Click link [CHF/JPY] >
                Scroll down to the block ""Swiss franc vs Japanese yen"" >
                Click link [indices]
        Language: EN
        License/Country: ASIC, SCA
        Role: NoReg, NoAuth, Auth
        Author: Artem Dashkov
        ","18426","TC_55!455 (Lang: en) | Bid:55!455-en.ae.NoAuth","tests.US_55_ReTestsManual.artemdashkov","Mon Jul 07 23:30:12 GMT 2025","failed","Mon Jul 07 23:30:31 GMT 2025","TestManualDetected","US_55-artemdashkov_ReTestsManual_test","",""
"
         Check: Error message “Access denied Error 16""
         is displayed after clicking link
         [مكاتبنا الموزّعة على أربع قارات] (""Offices in four continents"")
         in block [مكاتبنا العالمية] (""Our global offices"")
         Language: AR.
         License: SCA.
         Author: podchasova11
         ","28742","TC_55!472 (Lang: ar) | Bid:55!472-ar.ae.Auth","tests.US_55_ReTestsManual.mila_podchasova","Tue Jul 08 03:45:03 GMT 2025","failed","Tue Jul 08 03:45:32 GMT 2025","TestManualDetectedBugs","US_55-mila_podchasova_ReTestsManual_test","",""
"
        Check: Menu section [Trading] > Menu item [CFD calculator] > ""How to start trading"" block > Click on the
                [Sign up] button > Close the “Sign up” form
        Language: All
        License: All, except SCB (UA country)
        Author: Kasila
        ","18579","TC_55!612 (Lang: en) | Bid:55!612-en.gb.NoReg","tests.US_55_ReTestsManual.tassobaccato","Tue Jul 08 03:16:03 GMT 2025","passed","Tue Jul 08 03:16:22 GMT 2025","TestManualDetectedBugs","US_55-tassobaccato_ReTestsManual_test","",""
"
         Check: The Trading platform overview page does not open when
         the button [Platform overview] is pressed on the ""Investmate app"" page

         Author: podchasova11
         ","26677","TC_55!038 (Lang: en) | Bid:55!038-en.de.NoAuth","tests.US_55_ReTestsManual.mila_podchasova","Tue Jul 08 03:30:19 GMT 2025","failed","Tue Jul 08 03:30:45 GMT 2025","TestManualDetectedBugs","US_55-mila_podchasova_ReTestsManual_test","",""
"
        Check: Menu section [Learn] > Menu item  [Market guides] > Click the link “Shares trading guide”
                > Сlick the link “Netflix” > Сlick the link “Trade Coca-Cola shares”
                > Сlick the link “KO” in the block “Performance of the Coca-Cola stock in recent years”
        Language: EN
        License: FCA
        Author: Kasila
        ","29410","TC_55!624 (Lang: en) | Bid:55!624-en.ae.NoAuth","tests.US_55_ReTestsManual.tassobaccato","Tue Jul 08 03:22:23 GMT 2025","broken","Tue Jul 08 03:22:52 GMT 2025","TestManualDetectedBugs","US_55-tassobaccato_ReTestsManual_test","",""
"
        Check: The text of the link is "" ##AuUSPlink2## "" in the block “Why choose Capital.com?” on the page
                “Why Capital.com?” when ASIC license is selected.
        Language: EN
        License: ASIC
        Author: Kasila
        ","28640","TC_55!371a (Lang: en) | Bid:55!371a-en.au.NoAuth","tests.US_55_ReTestsManual.tassobaccato","Tue Jul 08 02:49:36 GMT 2025","broken","Tue Jul 08 02:50:04 GMT 2025","TestManualDetectedBugs","US_55-tassobaccato_ReTestsManual_test","",""
"
         Check: “Support” chat window is not opened after click on the “Support” button
         and this button disappears after the second clicking on it on any page
         after changing the language of the site (e.g. from EN to AR) (SCA license).
         Language: AR, EN.
         License: SCA.
         Author: Sergey Aiidzhanov
         ","35783","TC_55!330 (Lang: ar) | Bid:55!330-ar.ae.NoAuth","tests.US_55_ReTestsManual.saii-d3v","Tue Jul 08 00:37:04 GMT 2025","broken","Tue Jul 08 00:37:39 GMT 2025","TestManualDetectedBugs","US_55-saii-d3v_ReTestsManual_test","",""
"
        Check:  Main page >
                Scroll down to the block “For learner traders” >
                Try to click link ""support""
        Language: EN, AR
        License/Country: ASIC, SCA
        Role: NoReg, NoAuth, Auth
        Author: Artem Dashkov
        ","14861","TC_55!431 (Lang: ar) | Bid:55!431-ar.ae.NoAuth","tests.US_55_ReTestsManual.artemdashkov","Mon Jul 07 23:27:44 GMT 2025","failed","Mon Jul 07 23:27:59 GMT 2025","TestManualDetected","US_55-artemdashkov_ReTestsManual_test","",""
"
         Check: Error message is displayed after clicking the link ""support and resistance""
         of the block “How to trade using RSI and other indicators”
         on the page “RSI trading strategy: An educational guide”
         Language: EN.
         License: CB.
         Author: Sergey Aiidzhanov
         ","28227","TC_55!332b (Lang: en) | Bid:55!332b-en.ua.NoAuth","tests.US_55_ReTestsManual.saii-d3v","Tue Jul 08 00:40:32 GMT 2025","skipped","Tue Jul 08 00:41:00 GMT 2025","TestManualDetectedBugs","US_55-saii-d3v_ReTestsManual_test","",""
"
         Check: There are no search results on the Search page when any language except EN is selected.
         Language: All, except EN.
         License: CB.
         Author: Sergey Aiidzhanov
         ","28346","TC_55!292 (Lang: el) | Bid:55!292-el.ua.NoAuth","tests.US_55_ReTestsManual.saii-d3v","Tue Jul 08 00:30:36 GMT 2025","skipped","Tue Jul 08 00:31:04 GMT 2025","TestManualDetectedBugs","US_55-saii-d3v_ReTestsManual_test","",""
"
        Check: Clicking [numeric values] in the Sell column in Menu tittle Markets does not open the
                Sign-Up /Login form or page of the corresponding trading instrument on the trading platform using
                English or Arabic language.
        Language: EN, AR
        License: SCA
        Author: Kasila
        ","13489","TC_55!322a (Lang: ar) | Bid:55!322a-ar.ae.Auth","tests.US_55_ReTestsManual.tassobaccato","Tue Jul 08 02:43:46 GMT 2025","failed","Tue Jul 08 02:44:00 GMT 2025","TestManualDetectedBugs","US_55-tassobaccato_ReTestsManual_test","",""
"
        Check: TC_55!388 | Menu section [Trading] > Menu item [Web platform] > Check the text “وقف الخسائر المتحركة” in the
                block “Risk-management tools”
        Language: AR
        License: SCA
        Author: Kasila
        ","32138","TC_55!388 (Lang: ar) | Bid:55!388-ar.ae.NoAuth","tests.US_55_ReTestsManual.tassobaccato","Tue Jul 08 02:55:10 GMT 2025","broken","Tue Jul 08 02:55:42 GMT 2025","TestManualDetectedBugs","US_55-tassobaccato_ReTestsManual_test","",""
"
        Check: Menu section [Trading] > Menu item [CFD calculator] > ""How to start trading"" block > Click on the
                [Sign up] button > Close the “Sign up” form
        Language: All
        License: All, except SCB (UA country)
        Author: Kasila
        ","18528","TC_55!612 (Lang: en) | Bid:55!612-en.au.NoAuth","tests.US_55_ReTestsManual.tassobaccato","Tue Jul 08 03:17:13 GMT 2025","passed","Tue Jul 08 03:17:31 GMT 2025","TestManualDetectedBugs","US_55-tassobaccato_ReTestsManual_test","",""
"
        Check:  The widget of the block ""Our spread betting markets"" is absent
                when click on the button [Commodities] or [Shares] on the page ""Spread betting""
        Language: EN
        License/Country: FCA
        Role: NoReg, NoAuth, Auth
        Author: Artem Dashkov
        ","23840","TC_55!357 (Lang: en) | Bid:55!357-en.gb.NoReg","tests.US_55_ReTestsManual.artemdashkov","Mon Jul 07 23:06:09 GMT 2025","passed","Mon Jul 07 23:06:32 GMT 2025","TestManualDetected","US_55-artemdashkov_ReTestsManual_test","",""
"
        Check:  The page with ""404 error"" message is displayed instead ""Contact us"" page,
                when clicked the button [Open an account] in the block ""We’re here to help""
                on the page ""Trading platforms"" for AR language is selected
        Language: AR
        Country: SCA
        Role: NoReg, Auth, NoAuth
        Author: Artem Dashkov
        ","28870","TC_55!265 (Lang: ar) | Bid:55!265-ar.ae.NoReg","tests.US_55_ReTestsManual.artemdashkov","Mon Jul 07 23:00:57 GMT 2025","failed","Mon Jul 07 23:01:25 GMT 2025","TestManualDetected","US_55-artemdashkov_ReTestsManual_test","",""
"
        Check:  Menu section [Markets] >
                Menu item [Commodities] >
                Scroll down to the block “Why trade commodities with Capital.com?” >
                Click the link “Learn more about commodities trading” >
                Scroll down to the text block “Frequently asked questions” >
                Сlick the header of the accordion “How do you trade commodities?” >
                Click the links “CFDs” / ”exchange traded funds”
        Language: EN
        License/Country: SCA
        Role: NoReg, NoAuth, Auth
        Author: Artem Dashkov
        ","34819","TC_55!406 (Lang: en) | Bid:55!406-en.ae.Auth","tests.US_55_ReTestsManual.artemdashkov","Mon Jul 07 23:18:15 GMT 2025","failed","Mon Jul 07 23:18:50 GMT 2025","TestManualDetected","US_55-artemdashkov_ReTestsManual_test","",""
"
        Check: Menu section [Learn] > Menu item [Market guides] > Click on the ""Commodity trading guide"" link >
                Click on the ""commodities market"" link
        Language: NL
        License: CYSEC
        Author: Kasila
        ","27752","TC_55!660 (Lang: nl) | Bid:55!660-nl.nl.NoReg","tests.US_55_ReTestsManual.tassobaccato","Tue Jul 08 03:26:23 GMT 2025","broken","Tue Jul 08 03:26:51 GMT 2025","TestManualDetectedBugs","US_55-tassobaccato_ReTestsManual_test","",""
"
         Check: Web pages with URLs of the FCA license are opened
                in menu item [Risk-management guide] when click on the link [broker]
         Language: EN
         License: ASIC, SCA, CYSEC
         Author: Aleksei Kurochkin
         ","13393","TC_55!467 (Lang: en) | Bid:55!467-en.au.NoReg","tests.US_55_ReTestsManual.K_Alex_N","Tue Jul 08 03:55:14 GMT 2025","failed","Tue Jul 08 03:55:27 GMT 2025","TestManualDetectedBugs","US_55_K_Alex_N_ReTestsManual_test","",""
"
         Check: The page with error is opened after clicking the link ""WhatsApp"" on the page [Client funds]
         Language: EN.
         License: FCA.
         Author: Sergey Aiidzhanov
         ","22264","TC_55!416 (Lang: en) | Bid:55!416-en.gb.NoReg","tests.US_55_ReTestsManual.saii-d3v","Tue Jul 08 02:21:07 GMT 2025","passed","Tue Jul 08 02:21:29 GMT 2025","TestManualDetectedBugs","US_55-saii-d3v_ReTestsManual_test","",""
"
         Check: The Search field in the header is not opened after performed search
         Language: All.
         License: SCB.
         Author: Sergey Aiidzhanov
         ","28436","TC_55!160 (Lang: el) | Bid:55!160-el.ua.NoAuth","tests.US_55_ReTestsManual.saii-d3v","Tue Jul 08 00:22:37 GMT 2025","skipped","Tue Jul 08 00:23:05 GMT 2025","TestManualDetectedBugs","US_55-saii-d3v_ReTestsManual_test","",""
"
         Check: Error message is displayed when clicking the link [How-to guides]
         in block “Looking for more?” on the page [Trading courses]
         Language: All.
         License: CYSEC, ASIC.
         Role: NoReg | NoAuth | Auth
         Author: podchasova11
         ","25408","TC_55!350a (Lang: de) | Bid:55!350a-de.de.NoReg","tests.US_55_ReTestsManual.mila_podchasova","Tue Jul 08 03:33:49 GMT 2025","failed","Tue Jul 08 03:34:14 GMT 2025","TestManualDetectedBugs","US_55-mila_podchasova_ReTestsManual_test","",""
"
        Check:  Menu section [Markets] > Menu item [Market analysis] >
                Find and click article of 'Daniela Hathorn' author >
                Click the link 'Daniela Hathorn' >
                Click any article on the 'Daniela Hathorn' page
        Language: EN
        License/Country: SCA
        Role: NoReg, NoAuth, Auth
        Author: Artem Dashkov
        ","28010","TC_55!407 (Lang: en) | Bid:55!407-en.ae.NoReg","tests.US_55_ReTestsManual.artemdashkov","Mon Jul 07 23:21:03 GMT 2025","failed","Mon Jul 07 23:21:31 GMT 2025","TestManualDetected","US_55-artemdashkov_ReTestsManual_test","",""
"
         Check: Error message “DNS_PROBE_FINISHED_NXDOMAIN” is displayed
         after clicking any of 12 links in the text on the page “Stock Market Trading Hours”
         when EN language is selected
         Language: EN.
         License: SCA.
         Author: Sergey Aiidzhanov
         ","30293","TC_55!307 (Lang: en) | Bid:55!307-en.ae.NoReg","tests.US_55_ReTestsManual.saii-d3v","Tue Jul 08 00:35:35 GMT 2025","failed","Tue Jul 08 00:36:06 GMT 2025","TestManualDetectedBugs","US_55-saii-d3v_ReTestsManual_test","",""
"
        Check: Menu section [Trading] > Menu item [CFD calculator] > ""How to start trading"" block > Click on the
                [Sign up] button > Close the “Sign up” form
        Language: All
        License: All, except SCB (UA country)
        Author: Kasila
        ","18096","TC_55!612 (Lang: en) | Bid:55!612-en.gb.NoAuth","tests.US_55_ReTestsManual.tassobaccato","Tue Jul 08 03:18:08 GMT 2025","passed","Tue Jul 08 03:18:26 GMT 2025","TestManualDetectedBugs","US_55-tassobaccato_ReTestsManual_test","",""
"
        Check:  Click the Menu section [Trading] >
                Scroll down to the link ""24/7 dedicated support"" >
                Click link [24/7 dedicated support] >
        Language: NL
        License/Country: CYSEC
        Role: NoReg, NoAuth, Auth
        Author: Artem Dashkov
        ","27997","TC_55!665 (Lang: nl) | Bid:55!665-nl.nl.NoReg","tests.US_55_ReTestsManual.artemdashkov","Mon Jul 07 23:47:36 GMT 2025","failed","Mon Jul 07 23:48:04 GMT 2025","TestManualDetected","US_55-artemdashkov_ReTestsManual_test","",""
"
         Check: The ""Trading Conditions"" table is not visible on the page ""Trade Australia 200 - AU200au CFD""
         Language: DE, EN.
         License: ASIC, CYSEC.
         Author: Sergey Aiidzhanov
         ","16636","TC_55!507 (Lang: de) | Bid:55!507-de.de.NoAuth","tests.US_55_ReTestsManual.saii-d3v","Tue Jul 08 02:25:45 GMT 2025","passed","Tue Jul 08 02:26:02 GMT 2025","TestManualDetectedBugs","US_55-saii-d3v_ReTestsManual_test","",""
"
        Check:  Menu section [Markets] > Menu item [Market analysis] >
                Find articles and click article link > Click the link 'Capital.com'
                in block 'Capital.com is an execution-only brokerage platform…'
        Language: EN
        License/Country: ASIC
        Role: NoReg, NoAuth, Auth
        Author: Artem Dashkov
        ","31147","TC_55!377 (Lang: en) | Bid:55!377-en.au.Auth","tests.US_55_ReTestsManual.artemdashkov","Mon Jul 07 23:15:07 GMT 2025","failed","Mon Jul 07 23:15:38 GMT 2025","TestManualDetected","US_55-artemdashkov_ReTestsManual_test","",""
"
         Check: The modal window ""Log in to your Facebook account"" is not opened
                after clicking the button [Facebook] in the Signup / Log in form
                on any page when EN/AR language and SCA license is selected
         Language: AR, EN.
         License: SCA.
         Author: Sergey Aiidzhanov
         ","15108","TC_55!299 (Lang: en) | Bid:55!299-en.ae.NoReg","tests.US_55_ReTestsManual.saii-d3v","Tue Jul 08 00:31:38 GMT 2025","broken","Tue Jul 08 00:31:53 GMT 2025","TestManualDetectedBugs","US_55-saii-d3v_ReTestsManual_test","",""
"
        Check:  Scroll to the button [Try demo] in block ""Award-winning trading platform, here in the UAE"" >
                Click button [Try demo] >
                Return to the main page >
                Click button [Try demo] >
        Language: EN
        License/Country: SCA
        Role: Auth
        Author: Artem Dashkov
        ","32044","TC_55!668 (Lang: en) | Bid:55!668-en.ae.Auth","tests.US_55_ReTestsManual.artemdashkov","Mon Jul 07 23:50:42 GMT 2025","passed","Mon Jul 07 23:51:14 GMT 2025","TestManualDetected","US_55-artemdashkov_ReTestsManual_test","",""
"
         Check: Menu section [Markets] > 
                Menu item [Markets analysis] > 
                article ""The graph (GRT) price prediction.."" > 
                Click on the [collapse] link
         Language: EN
         License: ASIC
         Author: Aleksei Kurochkin
         ","192143","TC_55!516 (Lang: en) | Bid:55!516-en.au.NoReg","tests.US_55_ReTestsManual.K_Alex_N","Tue Jul 08 04:03:01 GMT 2025","failed","Tue Jul 08 04:06:13 GMT 2025","TestManualDetectedBugs","US_55_K_Alex_N_ReTestsManual_test","",""
"
        Check:  The trading platform is opened, not the page
                of the corresponding trading instrument on the trading platform
        Language: All.
        License: Not FCA
        Author: Artem Dashkov
        ","28051","TC_55!016b (Lang: it) | Bid:55!016b-it.ua.Auth","tests.US_55_ReTestsManual.artemdashkov","Mon Jul 07 22:37:14 GMT 2025","skipped","Mon Jul 07 22:37:42 GMT 2025","TestManualDetected","US_55-artemdashkov_ReTestsManual_test","",""
"
        Check: presence of the sidebar ""Crypto Trading Guide"" on the ""Bitcoin Gold"" page.
        Language: EN, DE, ZH, RU, ES,IT, PL
        License: SCB
        Author: Kasila
        ","28398","TC_55!077b (Lang: en) | Bid:55!077b-en.ua.NoAuth","tests.US_55_ReTestsManual.tassobaccato","Tue Jul 08 02:38:11 GMT 2025","skipped","Tue Jul 08 02:38:39 GMT 2025","TestManualDetectedBugs","US_55-tassobaccato_ReTestsManual_test","",""
"
        Check: Menu section [Learn] > Menu item  [Market guides] > Click the link “Shares trading guide”
                > Сlick the link “Netflix” > Сlick the link “Trade Coca-Cola shares”
                > Сlick the link “KO” in the block “Performance of the Coca-Cola stock in recent years”
        Language: EN
        License: FCA
        Author: Kasila
        ","19323","TC_55!624 (Lang: en) | Bid:55!624-en.gb.NoAuth","tests.US_55_ReTestsManual.tassobaccato","Tue Jul 08 03:22:52 GMT 2025","broken","Tue Jul 08 03:23:12 GMT 2025","TestManualDetectedBugs","US_55-tassobaccato_ReTestsManual_test","",""
"
         Check: The page with “404 error” message is displayed
                after clicking the link [تعلّم التداول] (Learn to trade)
                in the tile [ترغب في تحسين استراتيجياتك؟] (Looking to sharpen your strategies?)
                on the page ""تعلّم التداول"" (Learn to trade) when AR language is selected
         Language: AR.
         License: SCA.
         Author: Sergey Aiidzhanov
         ","32472","TC_55!273 (Lang: ar) | Bid:55!273-ar.ae.Auth","tests.US_55_ReTestsManual.saii-d3v","Tue Jul 08 00:24:53 GMT 2025","failed","Tue Jul 08 00:25:25 GMT 2025","TestManualDetectedBugs","US_55-saii-d3v_ReTestsManual_test","",""
"
        Check: TC_55!388 | Menu section [Trading] > Menu item [Web platform] > Check the text “وقف الخسائر المتحركة” in the
                block “Risk-management tools”
        Language: AR
        License: SCA
        Author: Kasila
        ","31624","TC_55!388 (Lang: ar) | Bid:55!388-ar.ae.Auth","tests.US_55_ReTestsManual.tassobaccato","Tue Jul 08 02:54:38 GMT 2025","broken","Tue Jul 08 02:55:10 GMT 2025","TestManualDetectedBugs","US_55-tassobaccato_ReTestsManual_test","",""
"
        Check: Link [Learn more about us] on block Contents?
        Language: En.
        License: FCA
        ","3","TC_55!031v2 (Lang: en) | Bid:55!031v2-en.gb.NoReg","tests.US_55_ReTestsManual.AlexTomQA","Mon Jul 07 22:35:49 GMT 2025","skipped","Mon Jul 07 22:35:49 GMT 2025","TestManualDetected","US_55-AlexTomQA_ReTestsManual_test","",""
"
         Check: The block ""Experienced traders"" on the page ""Learn"" is not in viewport
         after clicking the link ""Learn to trade"" on the page ""Why Capital.com?""
         Language: AR.
         License: SCA.
         Author: Sergey Aiidzhanov
         ","28934","TC_55!373 (Lang: ar) | Bid:55!373-ar.ae.NoReg","tests.US_55_ReTestsManual.saii-d3v","Tue Jul 08 02:09:24 GMT 2025","failed","Tue Jul 08 02:09:53 GMT 2025","TestManualDetectedBugs","US_55-saii-d3v_ReTestsManual_test","",""
"
        Check:  Click the Menu section [Trading] >
                Click Menu item [Mobile apps] >
                Scroll down to the tile ""How to trade with us"" >
                Click link [CFDs] >
        Language: AR
        License/Country: SCA
        Role: NoReg, NoAuth, Auth
        Author: Artem Dashkov
        ","28523","TC_55!652 (Lang: ar) | Bid:55!652-ar.ae.NoReg","tests.US_55_ReTestsManual.artemdashkov","Mon Jul 07 23:41:27 GMT 2025","failed","Mon Jul 07 23:41:56 GMT 2025","TestManualDetected","US_55-artemdashkov_ReTestsManual_test","",""
"
        Opened the Trading platform page
        instead [My Account] menu after clicking the [My account] button
        Language: AR
        License: SCA.
        Country: AE.
        Author: podchasova11
        ","10627","TC_55!285ar (Lang: ar) | Bid:55!285ar-ar.ae.Auth","tests.US_55_ReTestsManual.mila_podchasova","Tue Jul 08 03:31:27 GMT 2025","failed","Tue Jul 08 03:31:38 GMT 2025","TestManualDetectedBugs","US_55-mila_podchasova_ReTestsManual_test","",""
"
        Check:  Click to the dropdown [Regional settings] > Click to the dropdown [Countries] >
                Scroll down to the ""Honk Kong & Taiwan"" > Select ""Honk Kong & Taiwan"" > Click the button [Apply]
                > Check country in Dropdown [Country & Language]
        Language: EN - FCA, SCA; AR - SCA
        License/Country: FCA, SCA
        Role: NoReg, NoAuth, Auth
        Author: Artem Dashkov
        ","28590","TC_55!362 (Lang: en) | Bid:55!362-en.au.Auth","tests.US_55_ReTestsManual.artemdashkov","Mon Jul 07 23:13:39 GMT 2025","failed","Mon Jul 07 23:14:08 GMT 2025","TestManualDetected","US_55-artemdashkov_ReTestsManual_test","",""
"
        Check: Menu section [Learn] > Menu item [Market guides] > Click on the “Oil trading guide” link >
                Сlick the [Try demo]/[Start oil trading] button > Close the “Sign up” form
        Language: All
        License: All, except SCB (UA country)
        Author: Kasila
        ","19936","TC_55!604 (Lang: en) | Bid:55!604-en.ae.NoReg","tests.US_55_ReTestsManual.tassobaccato","Tue Jul 08 03:10:27 GMT 2025","broken","Tue Jul 08 03:10:47 GMT 2025","TestManualDetectedBugs","US_55-tassobaccato_ReTestsManual_test","",""
"
        Check: Filters application in the 'Live shares prices' widget
        Language: All
        License: SCB
        Author: Kasila
        ","18077","TC_55!048 (Lang: ru) | Bid:55!048-ru.ua.Auth","tests.US_55_ReTestsManual.tassobaccato","Tue Jul 08 02:35:23 GMT 2025","skipped","Tue Jul 08 02:35:41 GMT 2025","TestManualDetectedBugs","US_55-tassobaccato_ReTestsManual_test","",""
"
        Check: presence of the sidebar ""Crypto Trading Guide"" on the ""Cryptocurrencies vs. Stocks:
        What's the Difference?"" page.
        Language: EN
        License: SCB
        Author: Kasila
        ","28212","TC_55!077a (Lang: en) | Bid:55!077a-en.ua.NoAuth","tests.US_55_ReTestsManual.tassobaccato","Tue Jul 08 02:36:56 GMT 2025","skipped","Tue Jul 08 02:37:24 GMT 2025","TestManualDetectedBugs","US_55-tassobaccato_ReTestsManual_test","",""
"
        Check:  Menu section  [الأسواق ] (Learn) >
                Menu item [ استراتيجيات التداول ](Trading Strategies) >
                Scroll down to the block “Our most-read trading guides” >
                Click the link  [دليل التداول بالهامش ] (Margin trading guide) >
                Scroll down to the block “الأسئلة الشائعة” (FAQs) >
                Сlick the header of accordion “ما هو التداول بالهامش مع الشرح بمثال؟” (“What is the margin ...”) >
                Click the link [ عقود الفروقات على الفضة ] (“silver CFDs”)

        Language: AR
        License/Country: SCA
        Role: NoReg, NoAuth, Auth
        Author: podchasova11
        ","26641","TC_55!408 (Lang: ar) | Bid:55!408-ar.ae.NoReg","tests.US_55_ReTestsManual.mila_podchasova","Tue Jul 08 03:43:36 GMT 2025","failed","Tue Jul 08 03:44:02 GMT 2025","TestManualDetectedBugs","US_55-mila_podchasova_ReTestsManual_test","",""
"
        Check: Menu section [Trading] > Menu item [CFD calculator] > ""How to start trading"" block > Click on the
                [Sign up] button > Close the “Sign up” form
        Language: All
        License: All, except SCB (UA country)
        Author: Kasila
        ","18495","TC_55!612 (Lang: en) | Bid:55!612-en.au.NoReg","tests.US_55_ReTestsManual.tassobaccato","Tue Jul 08 03:15:08 GMT 2025","passed","Tue Jul 08 03:15:26 GMT 2025","TestManualDetectedBugs","US_55-tassobaccato_ReTestsManual_test","",""
"
         Check: The page with “404 error” message is displayed
                after clicking the link [تعلّم التداول] (Learn to trade)
                in the tile  [تبدأ الطريق من أوله؟] (Starting from the beginning?)
                on the page ""تعلّم التداول"" (Learn to trade) when AR language is selected
         Language: AR.
         License: SCA.
         Author: Sergey Aiidzhanov
         ","28331","TC_55!272 (Lang: ar) | Bid:55!272-ar.ae.NoReg","tests.US_55_ReTestsManual.saii-d3v","Tue Jul 08 00:24:24 GMT 2025","failed","Tue Jul 08 00:24:52 GMT 2025","TestManualDetectedBugs","US_55-saii-d3v_ReTestsManual_test","",""
"
         Check: The block ""Trading for beginners"" on the page ""Learn"" is not in viewport
         after clicking the link ""Learn to trade"" on the page ""Why Capital.com?""
         Language: AR.
         License: SCA.
         Author: Sergey Aiidzhanov
         ","28344","TC_55!372 (Lang: ar) | Bid:55!372-ar.ae.NoReg","tests.US_55_ReTestsManual.saii-d3v","Tue Jul 08 02:07:50 GMT 2025","failed","Tue Jul 08 02:08:18 GMT 2025","TestManualDetectedBugs","US_55-saii-d3v_ReTestsManual_test","",""
"
         Check: Page '教育' (Education) is opened after click on menu section [新聞和分析] (News and analysis) in CN language.
         Language: CN.
         License: SCB.
         Author: Sergey Aiidzhanov
         ","28280","TC_55!158 (Lang: cn) | Bid:55!158-cn.ua.NoAuth","tests.US_55_ReTestsManual.saii-d3v","Tue Jul 08 00:20:07 GMT 2025","skipped","Tue Jul 08 00:20:35 GMT 2025","TestManualDetectedBugs","US_55-saii-d3v_ReTestsManual_test","",""
"
        Check:  After clicking the link ""Browse all markets""
                on page ""Charges & fees"" in not EN language
                always open EN-language version of page ""Markets""
        Language: All, except EN (AND AR)
        Country: CYSEC, SCB
        Role: NoReg, Auth, NoAuth
        Author: Artem Dashkov
        ","28102","TC_55!149 (Lang: ro) | Bid:55!149-ro.ua.Auth","tests.US_55_ReTestsManual.artemdashkov","Mon Jul 07 22:53:24 GMT 2025","skipped","Mon Jul 07 22:53:52 GMT 2025","TestManualDetected","US_55-artemdashkov_ReTestsManual_test","",""
"
         Check: The Search field in the header is not opened after performed search
         Language: All.
         License: SCB.
         Author: Sergey Aiidzhanov
         ","28161","TC_55!160 (Lang: ru) | Bid:55!160-ru.ua.NoAuth","tests.US_55_ReTestsManual.saii-d3v","Tue Jul 08 00:21:22 GMT 2025","skipped","Tue Jul 08 00:21:50 GMT 2025","TestManualDetectedBugs","US_55-saii-d3v_ReTestsManual_test","",""
"
         Check: Menu section [Markets] > 
                Menu item [Markets analysis] > 
                Article ""Gold price predictions for the next.."" > 
                Click on [Trade now] link > 
                Click on [Close] button
         Language: EN
         License: SCA, FCA, CYSEC or ASIC
         Author: Aleksei Kurochkin
         ","130453","TC_55!634 (Lang: en) | Bid:55!634-en.gb.NoReg","tests.US_55_ReTestsManual.K_Alex_N","Tue Jul 08 03:49:00 GMT 2025","passed","Tue Jul 08 03:51:10 GMT 2025","TestForFixedBugs","US_55_K_Alex_N_ReTestsManual_test","",""
"
        Check: Clicking [numeric values] in the Buy column in Menu tittle Markets does not open the
                Sign-Up /Login form or page of the corresponding trading instrument on the trading platform using
                English or Arabic language.
        Language: EN, AR
        License: SCA
        Author: Kasila
        ","18367","TC_55!322b (Lang: ar) | Bid:55!322b-ar.ae.NoAuth","tests.US_55_ReTestsManual.tassobaccato","Tue Jul 08 02:46:35 GMT 2025","failed","Tue Jul 08 02:46:54 GMT 2025","TestManualDetectedBugs","US_55-tassobaccato_ReTestsManual_test","",""
"
        Check: TC_55!386 | Error message “Access denied Error 16 … This request was blocked by our security service …”
                is displayed after clicking the link “contact us in confidence” in the block “Your vulnerability risk”
                on the page “Client vulnerability” when AR language is selected (SCA license).
        Language: AR
        License: SCA
        Author: Kasila
        ","28445","TC_55!386 (Lang: ar) | Bid:55!386-ar.ae.NoAuth","tests.US_55_ReTestsManual.tassobaccato","Tue Jul 08 02:53:41 GMT 2025","passed","Tue Jul 08 02:54:10 GMT 2025","TestManualDetectedBugs","US_55-tassobaccato_ReTestsManual_test","",""
"
        Check: The trading calculator is collapsed in the menu section [Markets] --> [CFD calculator]
        after setting the maximum duration on the Prof/Loss element and changing the asset
        Language: En.
        Country: CYSEC, SCB
        Role: NoReg, Auth, NoAuth,
        calc_1_and_calc_2:  (""GBP/USD"", ""EUR/USD""),
                            (""EUR/USD"", ""GBP/USD""),
                            (""Gold"", ""Natural Gas""),
                            (""Natural Gas"", ""Gold""),
                            (""Germany 40"", ""US Tech 100""),
                            (""US Tech 100"", ""Germany 40"")
        Author: Artem Dashkov
        ","22131","TC_55!104 (Lang: en) | Bid:55!104-en.de.NoReg","tests.US_55_ReTestsManual.artemdashkov","Mon Jul 07 22:47:06 GMT 2025","failed","Mon Jul 07 22:47:28 GMT 2025","TestManualDetected","US_55-artemdashkov_ReTestsManual_test","",""
"
        Check: The page is refreshed after clicking the link “educational app Investmate” in the block “Investmate” on
            the page “Mobile apps” when EN language is selected (SCA license).
        Language: EN
        License: SCA
        Author: Kasila
        ","23997","TC_55!308 (Lang: en) | Bid:55!308-en.ae.NoReg","tests.US_55_ReTestsManual.tassobaccato","Tue Jul 08 02:41:09 GMT 2025","broken","Tue Jul 08 02:41:33 GMT 2025","TestManualDetectedBugs","US_55-tassobaccato_ReTestsManual_test","",""
"
        Check:  Navigate to the Menu section [Trading] >
                Click the Menu item [All platforms] >
                Scroll page down to the block ""We’re here to help"" >
                Click button [Open an account]
        Language: EN,AR,DE
        License/Country: SCA,FCA,ASIC,CYCEC
        Role: NoReg, NoAuth, Auth
        Author: Artem Dashkov
        ","28581","TC_55!701 (Lang: en) | Bid:55!701-en.ae.Auth","tests.US_55_ReTestsManual.artemdashkov","Tue Jul 08 00:09:36 GMT 2025","failed","Tue Jul 08 00:10:05 GMT 2025","TestManualDetected","US_55-artemdashkov_ReTestsManual_test","",""
"
         Check: Page '教育' (Education) is opened after click on menu section [新聞和分析] (News and analysis) in CN language.
         Language: CN.
         License: SCB.
         Author: Sergey Aiidzhanov
         ","18149","TC_55!158 (Lang: cn) | Bid:55!158-cn.ua.NoReg","tests.US_55_ReTestsManual.saii-d3v","Tue Jul 08 00:20:35 GMT 2025","skipped","Tue Jul 08 00:20:53 GMT 2025","TestManualDetectedBugs","US_55-saii-d3v_ReTestsManual_test","",""
"
         Check: Error message is displayed after clicking the link “NASDAQ stock exchange”
         in the block “GOOGL Company profile” on the page “Trade Alphabet Inc - A - GOOGL CFD”
         Language: EN.
         License: SCB.
         Author: Sergey Aiidzhanov
         ","28654","TC_55!359b (Lang: en) | Bid:55!359b-en.ua.Auth","tests.US_55_ReTestsManual.saii-d3v","Tue Jul 08 02:03:54 GMT 2025","skipped","Tue Jul 08 02:04:23 GMT 2025","TestManualDetectedBugs","US_55-saii-d3v_ReTestsManual_test","",""
"
         Check: The block ""Trading for beginners"" on the page ""Learn"" is not in viewport
         after clicking the link ""Learn to trade"" on the page ""Why Capital.com?""
         Language: AR.
         License: SCA.
         Author: Sergey Aiidzhanov
         ","32668","TC_55!372 (Lang: ar) | Bid:55!372-ar.ae.Auth","tests.US_55_ReTestsManual.saii-d3v","Tue Jul 08 02:06:44 GMT 2025","failed","Tue Jul 08 02:07:16 GMT 2025","TestManualDetectedBugs","US_55-saii-d3v_ReTestsManual_test","",""
"
        Check: Menu section [Learn] > Menu item [Market guides] > Click on the “Oil trading guide” link >
                Сlick the [Try demo]/[Start oil trading] button > Close the “Sign up” form
        Language: All
        License: All, except SCB (UA country)
        Author: Kasila
        ","17957","TC_55!604 (Lang: en) | Bid:55!604-en.au.NoAuth","tests.US_55_ReTestsManual.tassobaccato","Tue Jul 08 03:13:03 GMT 2025","broken","Tue Jul 08 03:13:21 GMT 2025","TestManualDetectedBugs","US_55-tassobaccato_ReTestsManual_test","",""
"
        Check:  The trading platform is opened, not the page
                of the corresponding trading instrument on the trading platform
        Language: All.
        License: Not FCA
        Author: Artem Dashkov
        ","25820","TC_55!016a (Lang: zh) | Bid:55!016a-zh.ua.Auth","tests.US_55_ReTestsManual.artemdashkov","Mon Jul 07 22:35:51 GMT 2025","skipped","Mon Jul 07 22:36:17 GMT 2025","TestManualDetected","US_55-artemdashkov_ReTestsManual_test","",""
"
        Opened the Trading platform page
        instead [My Account] menu after clicking the [My account] button
        Language: EN
        License: SCA.
        Country: AE.
        Author: podchasova11
        ","16890","TC_55!285en (Lang: en) | Bid:55!285en-en.ae.Auth","tests.US_55_ReTestsManual.mila_podchasova","Tue Jul 08 03:31:10 GMT 2025","failed","Tue Jul 08 03:31:27 GMT 2025","TestManualDetectedBugs","US_55-mila_podchasova_ReTestsManual_test","",""
"
        Check:  Navigate to the Menu section [Trading] >
                Click the Menu item [All platforms] >
                Scroll page down to the block ""We’re here to help"" >
                Click button [Open an account]
        Language: EN,AR,DE
        License/Country: SCA,FCA,ASIC,CYCEC
        Role: NoReg, NoAuth, Auth
        Author: Artem Dashkov
        ","28746","TC_55!701 (Lang: en) | Bid:55!701-en.gb.Auth","tests.US_55_ReTestsManual.artemdashkov","Tue Jul 08 00:08:14 GMT 2025","failed","Tue Jul 08 00:08:42 GMT 2025","TestManualDetected","US_55-artemdashkov_ReTestsManual_test","",""
"
        Check: presence of the sidebar ""Crypto Trading Guide"" on the ""Cryptocurrencies vs. Stocks:
        What's the Difference?"" page.
        Language: EN
        License: SCB
        Author: Kasila
        ","18045","TC_55!077a (Lang: en) | Bid:55!077a-en.ua.Auth","tests.US_55_ReTestsManual.tassobaccato","Tue Jul 08 02:36:38 GMT 2025","skipped","Tue Jul 08 02:36:56 GMT 2025","TestManualDetectedBugs","US_55-tassobaccato_ReTestsManual_test","",""
"
         Check: The ""Trading Conditions"" table is not visible on the page ""Trade Australia 200 - AU200au CFD""
         Language: DE, EN.
         License: ASIC, CYSEC.
         Author: Sergey Aiidzhanov
         ","7","TC_55!507 (Lang: de) | Bid:55!507-de.au.NoAuth","tests.US_55_ReTestsManual.saii-d3v","Tue Jul 08 02:25:16 GMT 2025","skipped","Tue Jul 08 02:25:16 GMT 2025","TestManualDetectedBugs","US_55-saii-d3v_ReTestsManual_test","",""
"
        Check:  The trading platform is opened, not the page of the corresponding trading instrument
                on the trading platform
        Language: All.
        License: Not FCA
        Author: Artem Dashkov
        ","28280","TC_55!016c (Lang: it) | Bid:55!016c-it.ua.Auth","tests.US_55_ReTestsManual.artemdashkov","Mon Jul 07 22:38:10 GMT 2025","skipped","Mon Jul 07 22:38:39 GMT 2025","TestManualDetected","US_55-artemdashkov_ReTestsManual_test","",""
"
        Check: The page ""what is cryptocurrency trading"" is not opened after clicking the link [Learn more about
            cryptocurrency trading] in the block ""Why trade cryptocurrencies with Capital.com?"" on the page
            ""Cryptocurrencies"" when SCA license is selected.
        Language: AR
        License: SCA
        Author: Kasila
        ","23622","TC_55!270 (Lang: ar) | Bid:55!270-ar.ae.NoAuth","tests.US_55_ReTestsManual.tassobaccato","Tue Jul 08 02:40:45 GMT 2025","failed","Tue Jul 08 02:41:09 GMT 2025","TestManualDetectedBugs","US_55-tassobaccato_ReTestsManual_test","",""
"
         Check: Hover over to [Markets] menu section >
                Click to [Market analysis] menu item>  
                Go through pages and find article ""Solana price prediction: Can SOL rebound?"" >
                Click to [Solana to US Dollar] anchor link in ""Table of Contents"" block

         Language: EN
         License: ASIC
         Author: Aleksei Kurochkin
         ","38591","TC_55!513 (Lang: en) | Bid:55!513-en.au.NoReg","tests.US_55_ReTestsManual.K_Alex_N","Tue Jul 08 04:02:22 GMT 2025","broken","Tue Jul 08 04:03:01 GMT 2025","TestManualDetectedBugs","US_55_K_Alex_N_ReTestsManual_test","",""
"
        Check:  Main page >
                Scroll down to the block “For learner traders” >
                Try to click link ""support""
        Language: EN, AR
        License/Country: ASIC, SCA
        Role: NoReg, NoAuth, Auth
        Author: Artem Dashkov
        ","14923","TC_55!431 (Lang: en) | Bid:55!431-en.ae.NoAuth","tests.US_55_ReTestsManual.artemdashkov","Mon Jul 07 23:27:28 GMT 2025","failed","Mon Jul 07 23:27:43 GMT 2025","TestManualDetected","US_55-artemdashkov_ReTestsManual_test","",""
"
        Check: Menu section [Trading] > Menu item [CFD calculator] > ""How to start trading"" block > Click on the
                [Sign up] button > Close the “Sign up” form
        Language: All
        License: All, except SCB (UA country)
        Author: Kasila
        ","29971","TC_55!612 (Lang: ar) | Bid:55!612-ar.ae.NoReg","tests.US_55_ReTestsManual.tassobaccato","Tue Jul 08 03:14:19 GMT 2025","passed","Tue Jul 08 03:14:49 GMT 2025","TestManualDetectedBugs","US_55-tassobaccato_ReTestsManual_test","",""
"
        Check: Main page > Menu items of the menu section [Pricing] in the ""Footer""
        Language: EN
        License: SCA, ASIC
        Author: Kasila
        ","14917","TC_55!420 (Lang: en) | Bid:55!420-en.au.NoReg","tests.US_55_ReTestsManual.tassobaccato","Tue Jul 08 03:00:42 GMT 2025","broken","Tue Jul 08 03:00:57 GMT 2025","TestManualDetectedBugs","US_55-tassobaccato_ReTestsManual_test","",""
"
        Check: Menu section [Markets] > Menu item [Shares] > “Rivian Automotive, Inc.” page > Click the link “initial
                public offering (IPO)” in the  block “Rivian Automotive Inc. Company profile”
        Language: EN
        License: SCA, FCA
        Author: Kasila
        ","28609","TC_55!401 (Lang: en) | Bid:55!401-en.ae.Auth","tests.US_55_ReTestsManual.tassobaccato","Tue Jul 08 02:58:45 GMT 2025","failed","Tue Jul 08 02:59:14 GMT 2025","TestManualDetectedBugs","US_55-tassobaccato_ReTestsManual_test","",""
"
        Check: Main page > Menu items of the menu section [Pricing] in the ""Footer""
        Language: EN
        License: SCA, ASIC
        Author: Kasila
        ","25227","TC_55!420 (Lang: en) | Bid:55!420-en.ae.NoReg","tests.US_55_ReTestsManual.tassobaccato","Tue Jul 08 03:00:16 GMT 2025","broken","Tue Jul 08 03:00:41 GMT 2025","TestManualDetectedBugs","US_55-tassobaccato_ReTestsManual_test","",""
"
         Check: The ""Trading Conditions"" table is not visible on the page ""Trade Australia 200 - AU200au CFD""
         Language: DE, EN.
         License: ASIC, CYSEC.
         Author: Sergey Aiidzhanov
         ","4","TC_55!507 (Lang: de) | Bid:55!507-de.au.NoReg","tests.US_55_ReTestsManual.saii-d3v","Tue Jul 08 02:26:16 GMT 2025","skipped","Tue Jul 08 02:26:16 GMT 2025","TestManualDetectedBugs","US_55-saii-d3v_ReTestsManual_test","",""
"
        Check:  The ""TradingView"" page is opened in EN language instead AR language,
                when clicked [Explore features] button on the ""Web platform"" page for AR language is selected
        Language: AR
        Country: SCA
        Role: NoReg, Auth, NoAuth
        Author: Artem Dashkov
        ","27548","TC_55!300 (Lang: ar) | Bid:55!300-ar.ae.Auth","tests.US_55_ReTestsManual.artemdashkov","Mon Jul 07 23:02:57 GMT 2025","failed","Mon Jul 07 23:03:24 GMT 2025","TestManualDetected","US_55-artemdashkov_ReTestsManual_test","",""
"
         Check: All links on the page ""استراتيجية التداول الموضعي"" (Position trading strategy)
         lead on the EN pages on the old site version when AR language is selected
         Language: AR.
         License: SCA.
         Author: Sergey Aiidzhanov
         ","30263","TC_55!392 (Lang: ar) | Bid:55!392-ar.ae.NoReg","tests.US_55_ReTestsManual.saii-d3v","Tue Jul 08 02:19:01 GMT 2025","failed","Tue Jul 08 02:19:31 GMT 2025","TestManualDetectedBugs","US_55-saii-d3v_ReTestsManual_test","",""
"
        Check:  Main page >
                Scroll down to the block “For learner traders” >
                Try to click link ""support""
        Language: EN, AR
        License/Country: ASIC, SCA
        Role: NoReg, NoAuth, Auth
        Author: Artem Dashkov
        ","14931","TC_55!431 (Lang: ar) | Bid:55!431-ar.ae.NoReg","tests.US_55_ReTestsManual.artemdashkov","Mon Jul 07 23:25:10 GMT 2025","failed","Mon Jul 07 23:25:25 GMT 2025","TestManualDetected","US_55-artemdashkov_ReTestsManual_test","",""
"
         Check: Error message is displayed after clicking the link ""أكثر"" (More)
         in the tile ""العملات المشفرة"" (Cryptocurrencies) on the page ""تجريبي"" (Demo)
         when AR language and SCA license is selected
         Language: AR.
         License: SCA.
         Author: Sergey Aiidzhanov
         ","29031","TC_55!305 (Lang: ar) | Bid:55!305-ar.ae.NoReg","tests.US_55_ReTestsManual.saii-d3v","Tue Jul 08 00:33:56 GMT 2025","failed","Tue Jul 08 00:34:25 GMT 2025","TestManualDetectedBugs","US_55-saii-d3v_ReTestsManual_test","",""
"
        Check:  Click the Menu section [Trading] >
                Click Menu item [All platforms] >
                Scroll down to the block ""Our trading app"" >
                Click link [app] >
        Language: AR
        License/Country: SCA
        Role: NoReg, NoAuth, Auth
        Author: Artem Dashkov
        ","31905","TC_55!650 (Lang: ar) | Bid:55!650-ar.ae.Auth","tests.US_55_ReTestsManual.artemdashkov","Mon Jul 07 23:40:22 GMT 2025","failed","Mon Jul 07 23:40:54 GMT 2025","TestManualDetected","US_55-artemdashkov_ReTestsManual_test","",""
"
         Check: The main page in EN language is opened after click on the link [Go to all commodities]
                on the ""Commodities trading"" page when AR, IT, NL, PL, RO, CN language is selected
         Language: AR, IT, NL, PL, RO, CN.
         License: SCB.
         Author: Sergey Aiidzhanov
         ","28161","TC_55!052 (Lang: pl) | Bid:55!052-pl.ua.NoAuth","tests.US_55_ReTestsManual.saii-d3v","Tue Jul 08 00:13:27 GMT 2025","skipped","Tue Jul 08 00:13:55 GMT 2025","TestManualDetectedBugs","US_55-saii-d3v_ReTestsManual_test","",""
"
        Check:  Navigate to the Menu section [Markets] >
                Click the Menu item [Shares] >
                Scroll down to block 'Shares markets' >
                Click the last page in paginator >
                Click dropdown [Sort] >
                Select any other tab (e.g [Top fallers]) >
                Check buttons [Previous page]/[Next page] in paginator >
        Language: EN
        License/Country: SCA, FCA, ASIC
        Role: NoReg, NoAuth, Auth
        Author: Artem Dashkov
        ","28928","TC_55!690 (Lang: en) | Bid:55!690-en.au.NoReg","tests.US_55_ReTestsManual.artemdashkov","Tue Jul 08 00:01:27 GMT 2025","failed","Tue Jul 08 00:01:56 GMT 2025","TestManualDetected","US_55-artemdashkov_ReTestsManual_test","",""
"
         Check: The page with “404 error” message is displayed
                after clicking the link [تعلّم التداول] (Learn to trade)
                in the tile [ترغب في تحسين استراتيجياتك؟] (Looking to sharpen your strategies?)
                on the page ""تعلّم التداول"" (Learn to trade) when AR language is selected
         Language: AR.
         License: SCA.
         Author: Sergey Aiidzhanov
         ","32493","TC_55!273 (Lang: ar) | Bid:55!273-ar.ae.NoAuth","tests.US_55_ReTestsManual.saii-d3v","Tue Jul 08 00:25:25 GMT 2025","failed","Tue Jul 08 00:25:58 GMT 2025","TestManualDetectedBugs","US_55-saii-d3v_ReTestsManual_test","",""
"
        Check:  Navigate to the Menu section [Markets] >
                Click the Menu item [Shares] >
                Scroll down to block 'Shares markets' >
                Click the last page in paginator >
                Click dropdown [Sort] >
                Select any other tab (e.g [Top fallers]) >
                Check buttons [Previous page]/[Next page] in paginator >
        Language: EN
        License/Country: SCA, FCA, ASIC
        Role: NoReg, NoAuth, Auth
        Author: Artem Dashkov
        ","31997","TC_55!690 (Lang: en) | Bid:55!690-en.gb.Auth","tests.US_55_ReTestsManual.artemdashkov","Mon Jul 07 23:58:45 GMT 2025","failed","Mon Jul 07 23:59:17 GMT 2025","TestManualDetected","US_55-artemdashkov_ReTestsManual_test","",""
"
         Check: The page ""Oops, this help center no longer exists""
         is opened after clicking the link [Help Center] of the page ""Contact us""
         Language: All.
         License: CYSEC.
         Role: NoReg | NoAuth | Auth
         Author: podchasova11
         ","15568","TC_55!326 (Lang: en) | Bid:55!326-en.de.Auth","tests.US_55_ReTestsManual.mila_podchasova","Tue Jul 08 03:31:38 GMT 2025","failed","Tue Jul 08 03:31:54 GMT 2025","TestManualDetectedBugs","US_55-mila_podchasova_ReTestsManual_test","",""
"
        Check: TC_55!386 | Error message “Access denied Error 16 … This request was blocked by our security service …”
                is displayed after clicking the link “contact us in confidence” in the block “Your vulnerability risk”
                on the page “Client vulnerability” when AR language is selected (SCA license).
        Language: AR
        License: SCA
        Author: Kasila
        ","28666","TC_55!386 (Lang: ar) | Bid:55!386-ar.ae.Auth","tests.US_55_ReTestsManual.tassobaccato","Tue Jul 08 02:53:13 GMT 2025","passed","Tue Jul 08 02:53:41 GMT 2025","TestManualDetectedBugs","US_55-tassobaccato_ReTestsManual_test","",""
"
        Check:  Navigate to the Menu section [Trading] >
                Click the Menu item [All platforms] >
                Scroll page down to the block ""Our trading app"" >
                Click link [App] >
        Language: DE
        License/Country: CYSEC
        Role: NoReg, NoAuth, Auth
        Author: Artem Dashkov
        ","29131","TC_55!681 (Lang: de) | Bid:55!681-de.at.Auth","tests.US_55_ReTestsManual.artemdashkov","Mon Jul 07 23:57:15 GMT 2025","failed","Mon Jul 07 23:57:45 GMT 2025","TestManualDetected","US_55-artemdashkov_ReTestsManual_test","",""
"
        Check:  Navigate to the Menu section [Learn] >
                Click the Menu item [Trading essentials] >
                Scroll page down to the block ""FAQs"" >
                Click on accordion ""How to start trading for beginners""
                Click link [learn about strategies]
        Language: EN
        License/Country: FCA
        Role: NoReg, NoAuth, Auth
        Author: Artem Dashkov
        ","30535","TC_55!696 (Lang: en) | Bid:55!696-en.gb.NoReg","tests.US_55_ReTestsManual.artemdashkov","Tue Jul 08 00:04:31 GMT 2025","failed","Tue Jul 08 00:05:01 GMT 2025","TestManualDetected","US_55-artemdashkov_ReTestsManual_test","",""
"
        Check: Menu section [Learn] > Menu item [Trading essentials] > Block ""FAQs"" > click on the link
                [learning about trading]/[learn] in the expanded title ""Can you make money day trading?""
        Language: AR
        License: SCA
        Author: Kasila
        ","28160","TC_55!440 (Lang: ar) | Bid:55!440-ar.ae.NoReg","tests.US_55_ReTestsManual.tassobaccato","Tue Jul 08 03:06:31 GMT 2025","broken","Tue Jul 08 03:06:59 GMT 2025","TestManualDetectedBugs","US_55-tassobaccato_ReTestsManual_test","",""
"
        Check:  The trading platform is opened, not the page
                of the corresponding trading instrument on the trading platform
        Language: All.
        License: Not FCA
        Author: Artem Dashkov
        ","28035","TC_55!016b (Lang: zh) | Bid:55!016b-zh.ua.Auth","tests.US_55_ReTestsManual.artemdashkov","Mon Jul 07 22:36:46 GMT 2025","skipped","Mon Jul 07 22:37:14 GMT 2025","TestManualDetected","US_55-artemdashkov_ReTestsManual_test","",""
"
        Check: presence of the sidebar ""Crypto Trading Guide"" on the ""Bitcoin Gold"" page.
        Language: EN, DE, ZH, RU, ES,IT, PL
        License: SCB
        Author: Kasila
        ","28339","TC_55!077b (Lang: zh) | Bid:55!077b-zh.ua.NoReg","tests.US_55_ReTestsManual.tassobaccato","Tue Jul 08 02:38:39 GMT 2025","skipped","Tue Jul 08 02:39:08 GMT 2025","TestManualDetectedBugs","US_55-tassobaccato_ReTestsManual_test","",""
"
        Check:  The widget of the block ""Our spread betting markets"" is absent
                when click on the button [Commodities] or [Shares] on the page ""Spread betting""
        Language: EN
        License/Country: FCA
        Role: NoReg, NoAuth, Auth
        Author: Artem Dashkov
        ","32342","TC_55!357 (Lang: en) | Bid:55!357-en.gb.NoAuth","tests.US_55_ReTestsManual.artemdashkov","Mon Jul 07 23:07:03 GMT 2025","failed","Mon Jul 07 23:07:35 GMT 2025","TestManualDetected","US_55-artemdashkov_ReTestsManual_test","",""
"
        Check: “CFD trading” page is not opened after clicking link in the tile ""Fast account opening"" in the block
                “Why choose Capital.com?” on the page “Why Capital.com?” when ASIC license is selected.
        Language: EN
        License: ASIC
        Author: Kasila
        ","24124","TC_55!371b (Lang: en) | Bid:55!371b-en.au.NoReg","tests.US_55_ReTestsManual.tassobaccato","Tue Jul 08 02:50:05 GMT 2025","broken","Tue Jul 08 02:50:29 GMT 2025","TestManualDetectedBugs","US_55-tassobaccato_ReTestsManual_test","",""
"
         Check: Hover over menu section [Learn] >
                Click the menu item [Market guides] of the menu title [For trading beginners] >
                Click the link “Shares trading guide” >
                Click the link “Learn more about IPOs.” >
                Click the link “liquidity”

         Language: EN
         License: SCA / FCA / ASIC / CYSEC
         Author: Aleksei Kurochkin
         ","16656","TC_55!587 (Lang: en) | Bid:55!587-en.ae.Auth","tests.US_55_ReTestsManual.K_Alex_N","Tue Jul 08 04:01:45 GMT 2025","broken","Tue Jul 08 04:02:02 GMT 2025","TestManualDetectedBugs","US_55_K_Alex_N_ReTestsManual_test","",""
"
         Check: The Trading platform overview page does not open when
         the button [Platform overview] is pressed on the ""Investmate app"" page

         Author: podchasova11
         ","33865","TC_55!038 (Lang: en) | Bid:55!038-en.de.Auth","tests.US_55_ReTestsManual.mila_podchasova","Tue Jul 08 03:29:44 GMT 2025","failed","Tue Jul 08 03:30:18 GMT 2025","TestManualDetectedBugs","US_55-mila_podchasova_ReTestsManual_test","",""
"
         Check: The ""Trading Conditions"" table is not visible on the page ""Trade Australia 200 - AU200au CFD""
         Language: DE, EN.
         License: ASIC, CYSEC.
         Author: Sergey Aiidzhanov
         ","16482","TC_55!507 (Lang: de) | Bid:55!507-de.de.Auth","tests.US_55_ReTestsManual.saii-d3v","Tue Jul 08 02:24:45 GMT 2025","passed","Tue Jul 08 02:25:01 GMT 2025","TestManualDetectedBugs","US_55-saii-d3v_ReTestsManual_test","",""
"
        Check:  Click to the dropdown [Regional settings] > Click to the dropdown [Countries] >
                Scroll down to the ""Honk Kong & Taiwan"" > Select ""Honk Kong & Taiwan"" > Click the button [Apply]
                > Check country in Dropdown [Country & Language]
        Language: EN - FCA, SCA; AR - SCA
        License/Country: FCA, SCA
        Role: NoReg, NoAuth, Auth
        Author: Artem Dashkov
        ","28846","TC_55!362 (Lang: ar) | Bid:55!362-ar.ae.NoAuth","tests.US_55_ReTestsManual.artemdashkov","Mon Jul 07 23:12:47 GMT 2025","failed","Mon Jul 07 23:13:16 GMT 2025","TestManualDetected","US_55-artemdashkov_ReTestsManual_test","",""
"
         Check: The ""Trading Conditions"" table is not visible on the page ""Trade Australia 200 - AU200au CFD""
         Language: DE, EN.
         License: ASIC, CYSEC.
         Author: Sergey Aiidzhanov
         ","13940","TC_55!507 (Lang: en) | Bid:55!507-en.de.NoAuth","tests.US_55_ReTestsManual.saii-d3v","Tue Jul 08 02:26:02 GMT 2025","passed","Tue Jul 08 02:26:16 GMT 2025","TestManualDetectedBugs","US_55-saii-d3v_ReTestsManual_test","",""
"
        Check:  The [demo account] page is opened in EN language instead corresponding language,
                when clicked [demo account] link on the ""Main page"" for HU or RU language is selected
        Language: HU, RU
        Country: CYSEC, SCB
        Role: NoReg, Auth, NoAuth
        Author: Artem Dashkov
        ","29185","TC_55!151 (Lang: ru) | Bid:55!151-ru.de.NoAuth","tests.US_55_ReTestsManual.artemdashkov","Mon Jul 07 22:55:54 GMT 2025","failed","Mon Jul 07 22:56:23 GMT 2025","TestManualDetected","US_55-artemdashkov_ReTestsManual_test","",""
"
        Check: Clicking [numeric values] in the Buy column in Menu tittle Markets does not open the
                Sign-Up /Login form or page of the corresponding trading instrument on the trading platform using
                English or Arabic language.
        Language: EN, AR
        License: SCA
        Author: Kasila
        ","24118","TC_55!322b (Lang: en) | Bid:55!322b-en.ae.Auth","tests.US_55_ReTestsManual.tassobaccato","Tue Jul 08 02:45:32 GMT 2025","failed","Tue Jul 08 02:45:56 GMT 2025","TestManualDetectedBugs","US_55-tassobaccato_ReTestsManual_test","",""
"
        Check:  ""Alle Kryptowährungen"" (Go to all cryptocurrencies) is not implemented as a link
                when the German language is selected in the block ""Why trade cryptocurrency with Capital.com""
        Language: DE.
        Country: CYSEC, SCB
        Role: NoReg, Auth, NoAuth,
        Author: Artem Dashkov
        ","25943","TC_55!130 (Lang: de) | Bid:55!130-de.de.NoReg","tests.US_55_ReTestsManual.artemdashkov","Mon Jul 07 22:51:02 GMT 2025","failed","Mon Jul 07 22:51:28 GMT 2025","TestManualDetected","US_55-artemdashkov_ReTestsManual_test","",""
"
         Check: FCA license is selected instead of ASIC/CYSEC/SCA on trading instrument page
         after clicking any of trading instrument links
         on the page “Lloyds forecast: will Lloyds share price return to £1? Third party data forecast”
         Language: EN.
         License: SCA.
         Author: Sergey Aiidzhanov
         ","45125","TC_55!378 (Lang: en) | Bid:55!378-en.de.NoAuth","tests.US_55_ReTestsManual.saii-d3v","Tue Jul 08 02:10:39 GMT 2025","failed","Tue Jul 08 02:11:24 GMT 2025","TestManualDetectedBugs","US_55-saii-d3v_ReTestsManual_test","",""
"
         Check:
         Language: NL.
         License: CYSEC.
         Author: Sergey Aiidzhanov
         ","33162","TC_55!654 (Lang: nl) | Bid:55!654-nl.nl.NoAuth","tests.US_55_ReTestsManual.saii-d3v","Tue Jul 08 02:32:11 GMT 2025","broken","Tue Jul 08 02:32:44 GMT 2025","TestManualDetectedBugs","US_55-saii-d3v_ReTestsManual_test","",""
"
        Check: Clicking [numeric values] in the Buy column in Menu tittle Markets does not open the
                Sign-Up /Login form or page of the corresponding trading instrument on the trading platform using
                English or Arabic language.
        Language: EN, AR
        License: SCA
        Author: Kasila
        ","13368","TC_55!322b (Lang: ar) | Bid:55!322b-ar.ae.Auth","tests.US_55_ReTestsManual.tassobaccato","Tue Jul 08 02:45:56 GMT 2025","failed","Tue Jul 08 02:46:09 GMT 2025","TestManualDetectedBugs","US_55-tassobaccato_ReTestsManual_test","",""
"
        Check:  After clicking the link ""Browse all markets""
                on page ""Charges & fees"" in not EN language
                always open EN-language version of page ""Markets""
        Language: All, except EN (AND AR)
        Country: CYSEC, SCB
        Role: NoReg, Auth, NoAuth
        Author: Artem Dashkov
        ","28310","TC_55!149 (Lang: ro) | Bid:55!149-ro.ua.NoReg","tests.US_55_ReTestsManual.artemdashkov","Mon Jul 07 22:52:28 GMT 2025","skipped","Mon Jul 07 22:52:56 GMT 2025","TestManualDetected","US_55-artemdashkov_ReTestsManual_test","",""
"
         Check: Only the text of the [Inflation news] button is displayed
         without clickable area and button styling on the sidebar of the ""Market Analysis"" page,
         when SCB license and EN language are selected.
         Language: EN.
         License: SCB.
         Author: Sergey Aiidzhanov
         ","28302","TC_55!379 (Lang: en) | Bid:55!379-en.ua.NoAuth","tests.US_55_ReTestsManual.saii-d3v","Tue Jul 08 02:17:02 GMT 2025","skipped","Tue Jul 08 02:17:30 GMT 2025","TestManualDetectedBugs","US_55-saii-d3v_ReTestsManual_test","",""
"
        Check: Clicking [numeric values] in the Sell column in Menu tittle Markets does not open the
                Sign-Up /Login form or page of the corresponding trading instrument on the trading platform using
                English or Arabic language.
        Language: EN, AR
        License: SCA
        Author: Kasila
        ","26839","TC_55!322a (Lang: en) | Bid:55!322a-en.ae.Auth","tests.US_55_ReTestsManual.tassobaccato","Tue Jul 08 02:43:19 GMT 2025","failed","Tue Jul 08 02:43:46 GMT 2025","TestManualDetectedBugs","US_55-tassobaccato_ReTestsManual_test","",""
"
        Check:  The [demo account] page is opened in EN language instead corresponding language,
                when clicked [demo account] link on the ""Main page"" for HU or RU language is selected
        Language: HU, RU
        Country: CYSEC, SCB
        Role: NoReg, Auth, NoAuth
        Author: Artem Dashkov
        ","29376","TC_55!151 (Lang: ru) | Bid:55!151-ru.de.Auth","tests.US_55_ReTestsManual.artemdashkov","Mon Jul 07 22:55:24 GMT 2025","failed","Mon Jul 07 22:55:53 GMT 2025","TestManualDetected","US_55-artemdashkov_ReTestsManual_test","",""
"
         Check: The corresponding video does not open after click on the banner ""Market outlook with David Jones""
         Language: ALL.
         License: SCB.
         Author: Sergey Aiidzhanov
         ","2","TC_55!366 (Lang: ru) | Bid:55!366-ru.ua.NoReg","tests.US_55_ReTestsManual.saii-d3v","Tue Jul 08 02:06:44 GMT 2025","skipped","Tue Jul 08 02:06:44 GMT 2025","TestManualDetectedBugs","US_55-saii-d3v_ReTestsManual_test","",""
"
        Check:  Click to the dropdown [Regional settings] > Click to the dropdown [Countries] >
                Scroll down to the ""Honk Kong & Taiwan"" > Select ""Honk Kong & Taiwan"" > Click the button [Apply]
                > Check country in Dropdown [Country & Language]
        Language: EN - FCA, SCA; AR - SCA
        License/Country: FCA, SCA
        Role: NoReg, NoAuth, Auth
        Author: Artem Dashkov
        ","24802","TC_55!362 (Lang: ar) | Bid:55!362-ar.ae.NoReg","tests.US_55_ReTestsManual.artemdashkov","Mon Jul 07 23:11:52 GMT 2025","failed","Mon Jul 07 23:12:17 GMT 2025","TestManualDetected","US_55-artemdashkov_ReTestsManual_test","",""
"
         Check: Error message is displayed after clicking the link “NASDAQ stock exchange”
         in the block “GOOGL Company profile” on the page “Trade Alphabet Inc - A - GOOGL CFD”
         Language: EN.
         License: FCA.
         Author: Sergey Aiidzhanov
         ","39392","TC_55!359a (Lang: en) | Bid:55!359a-en.ae.Auth","tests.US_55_ReTestsManual.saii-d3v","Tue Jul 08 00:42:58 GMT 2025","broken","Tue Jul 08 00:43:38 GMT 2025","TestManualDetectedBugs","US_55-saii-d3v_ReTestsManual_test","",""
"
         Check: The Trading Guides page is not opened after clicking the link [Handelsleitfäden] (trading guides)
         on the page [Demo-Konto] (Demo Account) in DE lang
         Language: DE.
         License: SCB.
         Author: Sergey Aiidzhanov
         ","28668","TC_55!085 (Lang: de) | Bid:55!085-de.ua.Auth","tests.US_55_ReTestsManual.saii-d3v","Tue Jul 08 00:17:08 GMT 2025","skipped","Tue Jul 08 00:17:37 GMT 2025","TestManualDetectedBugs","US_55-saii-d3v_ReTestsManual_test","",""
"
        Check:  Menu section [Markets] >
                Menu item [Market analysis] >
                Scroll down to the block “pagination” >
                Click the link ""11""
                Click the link “BP share price forecast” >
                Сlick the link “Capital.com Research Team” >
        Language: EN
        License/Country: SCA
        Role: NoReg, NoAuth, Auth
        Author: podchasova11
        ","31763","TC_55!405 (Lang: en) | Bid:55!405-en.ae.Auth","tests.US_55_ReTestsManual.mila_podchasova","Tue Jul 08 03:42:31 GMT 2025","failed","Tue Jul 08 03:43:02 GMT 2025","TestManualDetectedBugs","US_55-mila_podchasova_ReTestsManual_test","",""
"
        Check:  Click the Menu section [Market] >
                Click Menu item [Shares] >
                Scroll down to the widget ""Trading instrument"" >
                Click dropdown [Region] >
                Choose  United States of America >
                Click dropdown [Sector] >
                Choose Financials >
                Scroll down to the end of the “Trading instrument” widget >
                Select pages 34 to 49 from the list of “Trading Instrument” widgets
        Language: EN
        License/Country: CYSEC
        Role: NoReg, NoAuth, Auth
        Author: Artem Dashkov
        ","30416","TC_55!663 (Lang: en) | Bid:55!663-en.eu.NoReg","tests.US_55_ReTestsManual.artemdashkov","Mon Jul 07 23:46:02 GMT 2025","broken","Mon Jul 07 23:46:32 GMT 2025","TestManualDetected","US_55-artemdashkov_ReTestsManual_test","",""
"
        Check:  Click to the dropdown [Regional settings] > Click to the dropdown [Countries] >
                Click the [Search] input field > Enter value ""Honk"" > Check that country 'Honk Kong & Taiwan'
                displayed in search results

        Language: EN - FCA, SCA; AR - SCA
        License/Country: FCA, SCA
        Role: NoReg, NoAuth, Auth
        Author: podchasova11
        ","26658","TC_55!363 (Lang: en) | Bid:55!363-en.gb.NoAuth","tests.US_55_ReTestsManual.mila_podchasova","Tue Jul 08 03:37:26 GMT 2025","failed","Tue Jul 08 03:37:53 GMT 2025","TestManualDetectedBugs","US_55-mila_podchasova_ReTestsManual_test","",""
"
        Check:  Navigate to the Menu section [Trading] >
                Click the Menu item [All platforms] >
                Scroll page down to the block ""We’re here to help"" >
                Click button [Open an account]
        Language: EN,AR,DE
        License/Country: SCA,FCA,ASIC,CYCEC
        Role: NoReg, NoAuth, Auth
        Author: Artem Dashkov
        ","28632","TC_55!701 (Lang: en) | Bid:55!701-en.gb.NoAuth","tests.US_55_ReTestsManual.artemdashkov","Tue Jul 08 00:08:43 GMT 2025","failed","Tue Jul 08 00:09:11 GMT 2025","TestManualDetected","US_55-artemdashkov_ReTestsManual_test","",""
"
        Check:  Navigate to the Menu section [Markets] >
                Click the Menu item [Market analysis] >
                Find article [Bitcoin price predictions 2025–2050: third-party price target] >
                Scroll to the link [Goldman Sachs] >
                Click link [Goldman Sachs] >
        Language: AR
        License/Country: SCA
        Role: NoReg, NoAuth, Auth
        Author: Artem Dashkov
        ","53878","TC_55!678 (Lang: ar) | Bid:55!678-ar.ae.Auth","tests.US_55_ReTestsManual.artemdashkov","Mon Jul 07 23:54:59 GMT 2025","failed","Mon Jul 07 23:55:53 GMT 2025","TestManualDetected","US_55-artemdashkov_ReTestsManual_test","",""
"
        Check: Menu section [About] > Menu item [Compliance & Legals] > Click on the link  ""Spread"" in the “Spread” block
        Language: EL
        License: CYSEC
        Author: Kasila
        ","24778","TC_55!664 (Lang: el) | Bid:55!664-el.gr.NoReg","tests.US_55_ReTestsManual.tassobaccato","Tue Jul 08 03:27:56 GMT 2025","failed","Tue Jul 08 03:28:20 GMT 2025","TestManualDetectedBugs","US_55-tassobaccato_ReTestsManual_test","",""
"
         Check: The old version of the page ""US Tech 100 index trading guide"" is opened
         instead of the new one on FCA/SCA licences
         Language: EN.
         License: FCA, SCA.
         Author: Sergey Aiidzhanov
         ","20224","TC_55!433 (Lang: en) | Bid:55!433-en.gb.NoAuth","tests.US_55_ReTestsManual.saii-d3v","Tue Jul 08 02:23:04 GMT 2025","failed","Tue Jul 08 02:23:24 GMT 2025","TestManualDetectedBugs","US_55-saii-d3v_ReTestsManual_test","",""
"
        Check: Clicking [numeric values] in the Buy column in Menu tittle Markets does not open the
                Sign-Up /Login form or page of the corresponding trading instrument on the trading platform using
                English or Arabic language.
        Language: EN, AR
        License: SCA
        Author: Kasila
        ","18391","TC_55!322b (Lang: ar) | Bid:55!322b-ar.ae.NoReg","tests.US_55_ReTestsManual.tassobaccato","Tue Jul 08 02:45:13 GMT 2025","failed","Tue Jul 08 02:45:31 GMT 2025","TestManualDetectedBugs","US_55-tassobaccato_ReTestsManual_test","",""
"
        Check:  Navigate to the Menu section [Markets] >
                Click the Menu item [Shares] >
                Scroll down to block 'Shares markets' >
                Click the last page in paginator >
                Click dropdown [Sort] >
                Select any other tab (e.g [Top fallers]) >
                Check buttons [Previous page]/[Next page] in paginator >
        Language: EN
        License/Country: SCA, FCA, ASIC
        Role: NoReg, NoAuth, Auth
        Author: Artem Dashkov
        ","34036","TC_55!690 (Lang: en) | Bid:55!690-en.ae.NoAuth","tests.US_55_ReTestsManual.artemdashkov","Tue Jul 08 00:00:52 GMT 2025","failed","Tue Jul 08 00:01:26 GMT 2025","TestManualDetected","US_55-artemdashkov_ReTestsManual_test","",""
"
        Check: Menu section [Learn] > Menu item  [Market guides] > Click the link “Shares trading guide”
                > Сlick the link “Netflix” > Сlick the link “Trade Coca-Cola shares”
                > Сlick the link “KO” in the block “Performance of the Coca-Cola stock in recent years”
        Language: EN
        License: FCA
        Author: Kasila
        ","18173","TC_55!624 (Lang: en) | Bid:55!624-en.au.NoReg","tests.US_55_ReTestsManual.tassobaccato","Tue Jul 08 03:20:45 GMT 2025","broken","Tue Jul 08 03:21:03 GMT 2025","TestManualDetectedBugs","US_55-tassobaccato_ReTestsManual_test","",""
"
        Check:  Click the Menu section [Trading] >
                Scroll down to the link ""24/7 dedicated support"" >
                Click link [24/7 dedicated support] >
        Language: NL
        License/Country: CYSEC
        Role: NoReg, NoAuth, Auth
        Author: Artem Dashkov
        ","31294","TC_55!665 (Lang: nl) | Bid:55!665-nl.nl.Auth","tests.US_55_ReTestsManual.artemdashkov","Mon Jul 07 23:48:05 GMT 2025","failed","Mon Jul 07 23:48:36 GMT 2025","TestManualDetected","US_55-artemdashkov_ReTestsManual_test","",""
"
        Check:  Click the Menu section [Markets] >
                Scroll down to the widget ""All markets"" >
                ""CHF"" write in the search >
                Click link [CHF/JPY] >
                Scroll down to the block ""Swiss franc vs Japanese yen"" >
                Click link [indices]
        Language: EN
        License/Country: ASIC, SCA
        Role: NoReg, NoAuth, Auth
        Author: Artem Dashkov
        ","32313","TC_55!455 (Lang: en) | Bid:55!455-en.gb.Auth","tests.US_55_ReTestsManual.artemdashkov","Mon Jul 07 23:28:48 GMT 2025","failed","Mon Jul 07 23:29:20 GMT 2025","TestManualDetected","US_55-artemdashkov_ReTestsManual_test","",""
"
        Check: Clicking [numeric values] in the Sell column in Menu tittle Markets does not open the
                Sign-Up /Login form or page of the corresponding trading instrument on the trading platform using
                English or Arabic language.
        Language: EN, AR
        License: SCA
        Author: Kasila
        ","24024","TC_55!322a (Lang: en) | Bid:55!322a-en.ae.NoReg","tests.US_55_ReTestsManual.tassobaccato","Tue Jul 08 02:42:35 GMT 2025","failed","Tue Jul 08 02:42:59 GMT 2025","TestManualDetectedBugs","US_55-tassobaccato_ReTestsManual_test","",""
"
        Check: The page ""what is cryptocurrency trading"" is not opened after clicking the link [Learn more about
            cryptocurrency trading] in the block ""Why trade cryptocurrencies with Capital.com?"" on the page
            ""Cryptocurrencies"" when SCA license is selected.
        Language: AR
        License: SCA
        Author: Kasila
        ","27463","TC_55!270 (Lang: ar) | Bid:55!270-ar.ae.Auth","tests.US_55_ReTestsManual.tassobaccato","Tue Jul 08 02:40:18 GMT 2025","failed","Tue Jul 08 02:40:45 GMT 2025","TestManualDetectedBugs","US_55-tassobaccato_ReTestsManual_test","",""
"
         Check: The Greece flag is displayed instead of Cyprus in the header
         Language: EL.
         License: CYSEC.
         Author: Sergey Aiidzhanov
         ","31611","TC_55!605 (Lang: el) | Bid:55!605-el.gr.NoAuth","tests.US_55_ReTestsManual.saii-d3v","Tue Jul 08 02:27:36 GMT 2025","broken","Tue Jul 08 02:28:07 GMT 2025","TestManualDetectedBugs","US_55-saii-d3v_ReTestsManual_test","",""
"
        Check:  Scroll to the link [Learn more about cryptocurrency trading]
                in block ""Why trade cryptocurrencies with Capital.com?"" >
                Click link [Learn more about cryptocurrency trading] >
        Language: AR
        License/Country: SCA
        Role: NoReg, NoAuth, Auth
        Author: Artem Dashkov
        ","31582","TC_55!673 (Lang: ar) | Bid:55!673-ar.ae.NoAuth","tests.US_55_ReTestsManual.artemdashkov","Mon Jul 07 23:52:14 GMT 2025","failed","Mon Jul 07 23:52:45 GMT 2025","TestManualDetected","US_55-artemdashkov_ReTestsManual_test","",""
"
         Check: Scroll down to the footer >
                Click button ""البلد"" (Country) / ""اللغة"" (Language) >
                Click the arrow button of the dropdown ""البلد"" (Country) in pop up window
         Language: AR
         License: SCA
         Author: Aleksei Kurochkin
         ","21111","TC_55!444 (Lang: ar) | Bid:55!444-ar.ae.NoReg","tests.US_55_ReTestsManual.K_Alex_N","Tue Jul 08 03:56:42 GMT 2025","broken","Tue Jul 08 03:57:03 GMT 2025","TestManualDetectedBugs","US_55_K_Alex_N_ReTestsManual_test","",""
"
        Check:  Menu section  [الأسواق ] (Learn) >
                Menu item [ استراتيجيات التداول ](Trading Strategies) >
                Scroll down to the block “Our most-read trading guides” >
                Click the link  [دليل التداول بالهامش ] (Margin trading guide) >
                Scroll down to the block “الأسئلة الشائعة” (FAQs) >
                Сlick the header of accordion “ما هو التداول بالهامش مع الشرح بمثال؟” (“What is the margin ...”) >
                Click the link [ عقود الفروقات على الفضة ] (“silver CFDs”)

        Language: AR
        License/Country: SCA
        Role: NoReg, NoAuth, Auth
        Author: podchasova11
        ","29482","TC_55!408 (Lang: ar) | Bid:55!408-ar.ae.NoAuth","tests.US_55_ReTestsManual.mila_podchasova","Tue Jul 08 03:44:33 GMT 2025","failed","Tue Jul 08 03:45:02 GMT 2025","TestManualDetectedBugs","US_55-mila_podchasova_ReTestsManual_test","",""
"
        Check: Menu section [Markets] > Menu item [Shares] > “Rivian Automotive, Inc.” page > Click the link “initial
                public offering (IPO)” in the  block “Rivian Automotive Inc. Company profile”
        Language: EN
        License: SCA, FCA
        Author: Kasila
        ","28974","TC_55!401 (Lang: en) | Bid:55!401-en.ae.NoAuth","tests.US_55_ReTestsManual.tassobaccato","Tue Jul 08 02:59:31 GMT 2025","failed","Tue Jul 08 03:00:00 GMT 2025","TestManualDetectedBugs","US_55-tassobaccato_ReTestsManual_test","",""
"
         Check: Error message “Access denied Error 16""
         is displayed after clicking link
         [مكاتبنا الموزّعة على أربع قارات] (""Offices in four continents"")
         in block [مكاتبنا العالمية] (""Our global offices"")
         Language: AR.
         License: SCA.
         Author: podchasova11
         ","24600","TC_55!472 (Lang: ar) | Bid:55!472-ar.ae.NoReg","tests.US_55_ReTestsManual.mila_podchasova","Tue Jul 08 03:46:02 GMT 2025","failed","Tue Jul 08 03:46:27 GMT 2025","TestManualDetectedBugs","US_55-mila_podchasova_ReTestsManual_test","",""
"
        Check: Menu section [Learn] > Menu item [Trading essentials] > Block ""FAQs"" > click on the link
                [learning about trading]/[learn] in the expanded title ""Can you make money day trading?""
        Language: AR
        License: SCA
        Author: Kasila
        ","31696","TC_55!440 (Lang: ar) | Bid:55!440-ar.ae.Auth","tests.US_55_ReTestsManual.tassobaccato","Tue Jul 08 03:06:59 GMT 2025","broken","Tue Jul 08 03:07:31 GMT 2025","TestManualDetectedBugs","US_55-tassobaccato_ReTestsManual_test","",""
"
        Check:  The search field [How can we help?] on the menu title [Help & Support]
                of the section menu ""More"" isn't searched when any language is selected
        Language: All (except ar).
        Country: CYSEC, SCB
        Role: NoReg, Auth, NoAuth,
        Search_query: cur_search_query_2_rnd_from_10
        Author: Artem Dashkov
        ","29505","TC_55!171 (Lang: pl) | Bid:55!171-pl.de.Auth","tests.US_55_ReTestsManual.artemdashkov","Mon Jul 07 22:56:50 GMT 2025","failed","Mon Jul 07 22:57:20 GMT 2025","TestManualDetected","US_55-artemdashkov_ReTestsManual_test","",""
"
        Check: Button [Create account] button in the Menu item [Trading Courses]
        Language: All.
        License: Not FCA
        Author  : Ivan Kedrov
        ","2","TC_55!062 (Lang: es) | Bid:55!062-es.au.Auth","tests.US_55_ReTestsManual.AlexTomQA","Mon Jul 07 22:35:49 GMT 2025","skipped","Mon Jul 07 22:35:49 GMT 2025","TestManualDetected","US_55-AlexTomQA_ReTestsManual_test","",""
"
         Check: The page ""Trading products"" is opened after clicking the link [Our mobile Apps]
                in the tile ""Industry-leading features for an industry-leading platform""
                on the page ""Why Capital.com?"" when any language (except EN) is selected
         Language: All, except EN.
         License: SCB.
         Author: Sergey Aiidzhanov
         ","28682","TC_55!288 (Lang: el) | Bid:55!288-el.ua.Auth","tests.US_55_ReTestsManual.saii-d3v","Tue Jul 08 00:27:38 GMT 2025","skipped","Tue Jul 08 00:28:06 GMT 2025","TestManualDetectedBugs","US_55-saii-d3v_ReTestsManual_test","",""
"
         Check: “Support” chat window is not opened after click on the “Support” button
         and this button disappears after the second clicking on it on any page
         after changing the language of the site (e.g. from EN to AR) (SCA license).
         Language: AR, EN.
         License: SCA.
         Author: Sergey Aiidzhanov
         ","29537","TC_55!330 (Lang: ar) | Bid:55!330-ar.ae.NoReg","tests.US_55_ReTestsManual.saii-d3v","Tue Jul 08 00:37:59 GMT 2025","broken","Tue Jul 08 00:38:29 GMT 2025","TestManualDetectedBugs","US_55-saii-d3v_ReTestsManual_test","",""
"
        Check: Menu section [Learn] > Menu item [Market guides] > Click on the “Oil trading guide” link >
                Сlick the [Try demo]/[Start oil trading] button > Close the “Sign up” form
        Language: All
        License: All, except SCB (UA country)
        Author: Kasila
        ","18944","TC_55!604 (Lang: en) | Bid:55!604-en.de.NoAuth","tests.US_55_ReTestsManual.tassobaccato","Tue Jul 08 03:13:41 GMT 2025","broken","Tue Jul 08 03:14:00 GMT 2025","TestManualDetectedBugs","US_55-tassobaccato_ReTestsManual_test","",""
"
         Check: FCA license is selected instead of ASIC/CYSEC/SCA on trading instrument page
         after clicking any of trading instrument links
         on the page “Lloyds forecast: will Lloyds share price return to £1? Third party data forecast”
         Language: EN.
         License: SCA.
         Author: Sergey Aiidzhanov
         ","40928","TC_55!378 (Lang: en) | Bid:55!378-en.de.NoReg","tests.US_55_ReTestsManual.saii-d3v","Tue Jul 08 02:15:52 GMT 2025","failed","Tue Jul 08 02:16:33 GMT 2025","TestManualDetectedBugs","US_55-saii-d3v_ReTestsManual_test","",""
"
         Check: Link [Privacy Policy] is not active in Sing up form when selected SCA (AR language)
         Language: AR
         License: SCA
         Author: Aleksei Kurochkin
         ","21004","TC_55!504 (Lang: ar) | Bid:55!504-ar.ae.NoReg","tests.US_55_ReTestsManual.K_Alex_N","Tue Jul 08 03:55:54 GMT 2025","broken","Tue Jul 08 03:56:15 GMT 2025","TestManualDetectedBugs","US_55_K_Alex_N_ReTestsManual_test","",""
"
        Check: Field [email] in Sign up form
        Language: All.
        License/Country: de/CYSEC, au/ASIC,
        Role: NoReg, NoAuth,
        Login: ['КИРИЛЛИЦА_без_пробелов@gmail.com', 'LATIN with space@gmail.com'],
        Password: ['VALID_password44!']
        Author: Artem Dashkov
        ","28647","TC_55!045a (Lang: zh) | Bid:55!045a-zh.ua.NoReg","tests.US_55_ReTestsManual.artemdashkov","Mon Jul 07 22:43:28 GMT 2025","skipped","Mon Jul 07 22:43:57 GMT 2025","TestManualDetected","US_55-artemdashkov_ReTestsManual_test","",""
"
        Check: Button [Create account] button in the Menu item [Trading Courses]
        Language: All.
        License: Not FCA
        Author  : Ivan Kedrov
        ","3","TC_55!062 (Lang: es) | Bid:55!062-es.de.Auth","tests.US_55_ReTestsManual.AlexTomQA","Mon Jul 07 22:35:49 GMT 2025","skipped","Mon Jul 07 22:35:49 GMT 2025","TestManualDetected","US_55-AlexTomQA_ReTestsManual_test","",""
"
        Check: Menu section [Trading] > Menu item [CFD calculator]
                > Click the link “overnight funding, spread costs” in the block “Trading calculator”
        Language: EN
        License: ASIC
        Author: Kasila
        ","26371","TC_55!627 (Lang: en) | Bid:55!627-en.au.NoReg","tests.US_55_ReTestsManual.tassobaccato","Tue Jul 08 03:23:31 GMT 2025","failed","Tue Jul 08 03:23:57 GMT 2025","TestManualDetectedBugs","US_55-tassobaccato_ReTestsManual_test","",""
"
        Check:  [Learn more about us] anchor doesn't navigate to the ""Learn more about us""
                section on the ""Client funds"" page when clicking on it.
        Language: En.
        License: FCA
        Author: Artem Dashkov
        ","24485","TC_55!031 (Lang: en) | Bid:55!031-en.gb.NoAuth","tests.US_55_ReTestsManual.artemdashkov","Mon Jul 07 22:42:20 GMT 2025","failed","Mon Jul 07 22:42:44 GMT 2025","TestManualDetected","US_55-artemdashkov_ReTestsManual_test","",""
"
         Check: Menu section [Markets] > 
                Menu item [Markets analysis] > 
                Article ""Gold price predictions for the next.."" > 
                Click on [Trade now] link > 
                Click on [Close] button
         Language: EN
         License: SCA, FCA, CYSEC or ASIC
         Author: Aleksei Kurochkin
         ","33341","TC_55!634 (Lang: en) | Bid:55!634-en.ae.NoReg","tests.US_55_ReTestsManual.K_Alex_N","Tue Jul 08 03:51:10 GMT 2025","broken","Tue Jul 08 03:51:44 GMT 2025","TestForFixedBugs","US_55_K_Alex_N_ReTestsManual_test","",""
"
         Check: “Support” chat window is not opened after click on the “Support” button
         and this button disappears after the second clicking on it on any page
         after changing the language of the site (e.g. from EN to AR) (SCA license).
         Language: AR, EN.
         License: SCA.
         Author: Sergey Aiidzhanov
         ","21000","TC_55!330 (Lang: en) | Bid:55!330-en.ae.Auth","tests.US_55_ReTestsManual.saii-d3v","Tue Jul 08 00:36:42 GMT 2025","broken","Tue Jul 08 00:37:03 GMT 2025","TestManualDetectedBugs","US_55-saii-d3v_ReTestsManual_test","",""
"
        Check: The page is refreshed after clicking the link “educational app Investmate” in the block “Investmate” on
            the page “Mobile apps” when EN language is selected (SCA license).
        Language: EN
        License: SCA
        Author: Kasila
        ","31607","TC_55!308 (Lang: en) | Bid:55!308-en.ae.Auth","tests.US_55_ReTestsManual.tassobaccato","Tue Jul 08 02:41:34 GMT 2025","broken","Tue Jul 08 02:42:05 GMT 2025","TestManualDetectedBugs","US_55-tassobaccato_ReTestsManual_test","",""
"
        Check:  The ""Charges and fees"" page is opened instead ""Client funds"" page,
                when clicked [How we manage your money] link in ""You might also be interested in..."" block
                on the ""How Capital.com makes money"" page for AR language is selected.
        Language: AR
        Country: SCA
        Role: NoReg, Auth, NoAuth
        Author: Artem Dashkov
        ","31108","TC_55!257 (Lang: ar) | Bid:55!257-ar.ae.NoAuth","tests.US_55_ReTestsManual.artemdashkov","Mon Jul 07 23:00:25 GMT 2025","failed","Mon Jul 07 23:00:56 GMT 2025","TestManualDetected","US_55-artemdashkov_ReTestsManual_test","",""
"
        Check:  Main page >
                Scroll down to the block “For learner traders” >
                Try to click link ""support""
        Language: EN, AR
        License/Country: ASIC, SCA
        Role: NoReg, NoAuth, Auth
        Author: Artem Dashkov
        ","15334","TC_55!431 (Lang: ar) | Bid:55!431-ar.au.NoReg","tests.US_55_ReTestsManual.artemdashkov","Mon Jul 07 23:24:38 GMT 2025","failed","Mon Jul 07 23:24:53 GMT 2025","TestManualDetected","US_55-artemdashkov_ReTestsManual_test","",""
"
         Check: Error message is displayed
         after clicking the link “تعلّم المزيد حول كيفيّة التداول على الأسهم“ (Learn more about shares trading)
         in the tile “التداول على الأسهم” (Shares trading)
         on the page “ما هو مفهوم التداول على النفط” (What is oil trading) when AR language is selected
         Language: AR.
         License: SCA.
         Author: Sergey Aiidzhanov
         ","34316","TC_55!335 (Lang: ar) | Bid:55!335-ar.ae.NoAuth","tests.US_55_ReTestsManual.saii-d3v","Tue Jul 08 00:41:54 GMT 2025","failed","Tue Jul 08 00:42:28 GMT 2025","TestManualDetectedBugs","US_55-saii-d3v_ReTestsManual_test","",""
"
         Check: The main page in EN language is opened after click on the link [Go to all commodities]
                on the ""Commodities trading"" page when AR, IT, NL, PL, RO, CN language is selected
         Language: AR, IT, NL, PL, RO, CN.
         License: SCB.
         Author: Sergey Aiidzhanov
         ","28147","TC_55!052 (Lang: pl) | Bid:55!052-pl.ua.Auth","tests.US_55_ReTestsManual.saii-d3v","Tue Jul 08 00:12:29 GMT 2025","skipped","Tue Jul 08 00:12:57 GMT 2025","TestManualDetectedBugs","US_55-saii-d3v_ReTestsManual_test","",""
"
        Check: Menu section [Trading] > Menu item [CFD trading] > Click the link [Go CFD trading guide] in  the block
                ""Read more before you trade"" > Check links in the block ""What is a contract for difference (CFD)?""
        Language: EN, AR, DE
        License: ASIC, SCA, CYSEC
        Author: Kasila
        ","13554","TC_55!432 (Lang: en) | Bid:55!432-en.ae.NoAuth","tests.US_55_ReTestsManual.tassobaccato","Tue Jul 08 03:05:44 GMT 2025","failed","Tue Jul 08 03:05:57 GMT 2025","TestManualDetectedBugs","US_55-tassobaccato_ReTestsManual_test","",""
"
         Check: Error 404 page is opened after click on any Trading instrument link
         in the widget on the ""Spread betting"" page
         Language: EN.
         License: FCA, FCA.
         Author: Sergey Aiidzhanov
         ","32313","TC_55!364 (Lang: en) | Bid:55!364-en.gb.Auth","tests.US_55_ReTestsManual.saii-d3v","Tue Jul 08 02:05:09 GMT 2025","broken","Tue Jul 08 02:05:42 GMT 2025","TestManualDetectedBugs","US_55-saii-d3v_ReTestsManual_test","",""
"
        Check: Menu section [Learn] > Menu item [Market guides] > Click on the “Oil trading guide” link >
                Сlick the [Try demo]/[Start oil trading] button > Close the “Sign up” form
        Language: All
        License: All, except SCB (UA country)
        Author: Kasila
        ","21431","TC_55!604 (Lang: en) | Bid:55!604-en.de.NoReg","tests.US_55_ReTestsManual.tassobaccato","Tue Jul 08 03:11:26 GMT 2025","broken","Tue Jul 08 03:11:47 GMT 2025","TestManualDetectedBugs","US_55-tassobaccato_ReTestsManual_test","",""
"
        Check:  Menu section [About] >
                Menu item [Help] >
                Scroll down to the block 'Still looking for help? Get in touch' >
                Try to click link '+97145768641' and 'support@capital.com'
        Language: AR
        License/Country: SCA
        Role: NoReg, NoAuth, Auth
        Author: Artem Dashkov
        ","32124","TC_55!610 (Lang: ar) | Bid:55!610-ar.ae.Auth","tests.US_55_ReTestsManual.artemdashkov","Mon Jul 07 23:35:41 GMT 2025","failed","Mon Jul 07 23:36:13 GMT 2025","TestManualDetected","US_55-artemdashkov_ReTestsManual_test","",""
"
        Check:  Click the Menu section [Trading] >
                Click Menu item [MT4] >
                Scroll down to the block ""Connect your account to MT4..."" >
                Click link [How to create an MT4 account] >
        Language: AR
        License/Country: SCA
        Role: NoReg, NoAuth, Auth
        Author: Artem Dashkov
        ","27637","TC_55!653 (Lang: ar) | Bid:55!653-ar.ae.NoAuth","tests.US_55_ReTestsManual.artemdashkov","Mon Jul 07 23:43:58 GMT 2025","failed","Mon Jul 07 23:44:25 GMT 2025","TestManualDetected","US_55-artemdashkov_ReTestsManual_test","",""
"
         Check: Web pages with URLs of the FCA license are opened
                in menu item [Risk-management guide] when click on the link [broker]
         Language: EN
         License: ASIC, SCA, CYSEC
         Author: Aleksei Kurochkin
         ","14362","TC_55!467 (Lang: en) | Bid:55!467-en.ae.NoReg","tests.US_55_ReTestsManual.K_Alex_N","Tue Jul 08 03:54:59 GMT 2025","failed","Tue Jul 08 03:55:13 GMT 2025","TestManualDetectedBugs","US_55_K_Alex_N_ReTestsManual_test","",""
"
        Check:  Menu section [Markets] >
                Menu item [Commodities] >
                Scroll down to the block “Why trade commodities with Capital.com?” >
                Click the link “Learn more about commodities trading” >
                Scroll down to the text block “Frequently asked questions” >
                Сlick the header of the accordion “How do you trade commodities?” >
                Click the links “CFDs” / ”exchange traded funds”
        Language: EN
        License/Country: SCA
        Role: NoReg, NoAuth, Auth
        Author: Artem Dashkov
        ","33978","TC_55!406 (Lang: en) | Bid:55!406-en.ae.NoAuth","tests.US_55_ReTestsManual.artemdashkov","Mon Jul 07 23:18:50 GMT 2025","failed","Mon Jul 07 23:19:24 GMT 2025","TestManualDetected","US_55-artemdashkov_ReTestsManual_test","",""
"
        Check: Main page > Menu items of the menu section [Pricing] in the ""Footer""
        Language: EN
        License: SCA, ASIC
        Author: Kasila
        ","29269","TC_55!420 (Lang: en) | Bid:55!420-en.ae.NoAuth","tests.US_55_ReTestsManual.tassobaccato","Tue Jul 08 03:01:43 GMT 2025","broken","Tue Jul 08 03:02:12 GMT 2025","TestManualDetectedBugs","US_55-tassobaccato_ReTestsManual_test","",""
"
        Check:  Menu section [Markets] > Menu item [Market analysis] >
                Find articles and click article link > Click the link 'Capital.com'
                in block 'Capital.com is an execution-only brokerage platform…'
        Language: EN
        License/Country: ASIC
        Role: NoReg, NoAuth, Auth
        Author: Artem Dashkov
        ","31714","TC_55!377 (Lang: en) | Bid:55!377-en.au.NoAuth","tests.US_55_ReTestsManual.artemdashkov","Mon Jul 07 23:15:39 GMT 2025","failed","Mon Jul 07 23:16:10 GMT 2025","TestManualDetected","US_55-artemdashkov_ReTestsManual_test","",""
"
        Check:  Navigate to the Menu section [Markets] >
                Click the Menu item [Shares] >
                Scroll down to block 'Shares markets' >
                Click the last page in paginator >
                Click dropdown [Sort] >
                Select any other tab (e.g [Top fallers]) >
                Check buttons [Previous page]/[Next page] in paginator >
        Language: EN
        License/Country: SCA, FCA, ASIC
        Role: NoReg, NoAuth, Auth
        Author: Artem Dashkov
        ","33647","TC_55!690 (Lang: en) | Bid:55!690-en.au.Auth","tests.US_55_ReTestsManual.artemdashkov","Tue Jul 08 00:01:56 GMT 2025","failed","Tue Jul 08 00:02:30 GMT 2025","TestManualDetected","US_55-artemdashkov_ReTestsManual_test","",""
"
        Check: Main page > tab [Corporate] > block “Why Open a Corporate Account with Capital.com?”  > Pay attention to
                the value of the ""Traders"" item
        Language: EN
        License: ASIC
        Author: Kasila
        ","20693","TC_55!399a (Lang: en) | Bid:55!399a-en.au.NoReg","tests.US_55_ReTestsManual.tassobaccato","Tue Jul 08 02:55:42 GMT 2025","failed","Tue Jul 08 02:56:03 GMT 2025","TestManualDetectedBugs","US_55-tassobaccato_ReTestsManual_test","",""
"
        Check:  Click the Menu section [Learn] >
                Click Menu item [Market guides] >
                Scroll down to the block ""What is share trading?"" >
                Click link [Shares trading guide] >
                Scroll down to the link ""buy and sell physical shares"" >
                Click link [buy and sell physical shares] >
        Language: NL
        License/Country: CYSEC
        Role: NoReg, NoAuth, Auth
        Author: Artem Dashkov
        ","28547","TC_55!656 (Lang: nl) | Bid:55!656-nl.nl.NoReg","tests.US_55_ReTestsManual.artemdashkov","Mon Jul 07 23:44:26 GMT 2025","failed","Mon Jul 07 23:44:54 GMT 2025","TestManualDetected","US_55-artemdashkov_ReTestsManual_test","",""
"
        Check: Menu section [Trading] > Menu item [CFD trading] > Click the link [Go CFD trading guide] in  the block
                ""Read more before you trade"" > Check links in the block ""What is a contract for difference (CFD)?""
        Language: EN, AR, DE
        License: ASIC, SCA, CYSEC
        Author: Kasila
        ","29256","TC_55!432 (Lang: en) | Bid:55!432-en.au.NoReg","tests.US_55_ReTestsManual.tassobaccato","Tue Jul 08 03:02:29 GMT 2025","failed","Tue Jul 08 03:02:58 GMT 2025","TestManualDetectedBugs","US_55-tassobaccato_ReTestsManual_test","",""
"
        Check: Menu section [Trading] > Menu item [CFD trading] > Click the link [Go CFD trading guide] in  the block
                ""Read more before you trade"" > Check links in the block ""What is a contract for difference (CFD)?""
        Language: EN, AR, DE
        License: ASIC, SCA, CYSEC
        Author: Kasila
        ","11620","TC_55!432 (Lang: de) | Bid:55!432-de.de.NoReg","tests.US_55_ReTestsManual.tassobaccato","Tue Jul 08 03:03:34 GMT 2025","failed","Tue Jul 08 03:03:46 GMT 2025","TestManualDetectedBugs","US_55-tassobaccato_ReTestsManual_test","",""
"
        Check: TC_55!388 | Menu section [Trading] > Menu item [Web platform] > Check the text “وقف الخسائر المتحركة” in the
                block “Risk-management tools”
        Language: AR
        License: SCA
        Author: Kasila
        ","28003","TC_55!388 (Lang: ar) | Bid:55!388-ar.ae.NoReg","tests.US_55_ReTestsManual.tassobaccato","Tue Jul 08 02:54:10 GMT 2025","broken","Tue Jul 08 02:54:38 GMT 2025","TestManualDetectedBugs","US_55-tassobaccato_ReTestsManual_test","",""
"
        Check: Filters application in the 'Live shares prices' widget
        Language: All
        License: SCB
        Author: Kasila
        ","18594","TC_55!048 (Lang: de) | Bid:55!048-de.ua.Auth","tests.US_55_ReTestsManual.tassobaccato","Tue Jul 08 02:34:08 GMT 2025","skipped","Tue Jul 08 02:34:27 GMT 2025","TestManualDetectedBugs","US_55-tassobaccato_ReTestsManual_test","",""
"
        Check:  Menu section [About] >
                Menu item [Help] >
                Scroll down to the block 'Still looking for help? Get in touch' >
                Try to click link '+97145768641' and 'support@capital.com'
        Language: AR
        License/Country: SCA
        Role: NoReg, NoAuth, Auth
        Author: Artem Dashkov
        ","28655","TC_55!610 (Lang: ar) | Bid:55!610-ar.ae.NoReg","tests.US_55_ReTestsManual.artemdashkov","Mon Jul 07 23:35:12 GMT 2025","failed","Mon Jul 07 23:35:40 GMT 2025","TestManualDetected","US_55-artemdashkov_ReTestsManual_test","",""
"
         Check: The main page in EN language is opened after click on the link [Go to all commodities]
                on the ""Commodities trading"" page when AR, IT, NL, PL, RO, CN language is selected
         Language: AR, IT, NL, PL, RO, CN.
         License: SCB.
         Author: Sergey Aiidzhanov
         ","29777","TC_55!052 (Lang: it) | Bid:55!052-it.ua.NoAuth","tests.US_55_ReTestsManual.saii-d3v","Tue Jul 08 00:12:57 GMT 2025","skipped","Tue Jul 08 00:13:27 GMT 2025","TestManualDetectedBugs","US_55-saii-d3v_ReTestsManual_test","",""
"
        Check: Menu section [Trading] > Menu item [CFD trading] > Click the link [Go CFD trading guide] in  the block
                ""Read more before you trade"" > Check links in the block ""What is a contract for difference (CFD)?""
        Language: EN, AR, DE
        License: ASIC, SCA, CYSEC
        Author: Kasila
        ","20420","TC_55!432 (Lang: ar) | Bid:55!432-ar.ae.NoReg","tests.US_55_ReTestsManual.tassobaccato","Tue Jul 08 03:03:14 GMT 2025","failed","Tue Jul 08 03:03:34 GMT 2025","TestManualDetectedBugs","US_55-tassobaccato_ReTestsManual_test","",""
"
         Check:
         Language: NL.
         License: CYSEC.
         Author: Sergey Aiidzhanov
         ","33138","TC_55!654 (Lang: nl) | Bid:55!654-nl.nl.Auth","tests.US_55_ReTestsManual.saii-d3v","Tue Jul 08 02:31:37 GMT 2025","broken","Tue Jul 08 02:32:11 GMT 2025","TestManualDetectedBugs","US_55-saii-d3v_ReTestsManual_test","",""
"
        Check:  Navigate to the Menu section [Learn] >
                Click the Menu item [Trading essentials] >
                Scroll page down to the block ""FAQs"" >
                Click on accordion ""How to start trading for beginners""
                Click link [learn about strategies]
        Language: EN
        License/Country: FCA
        Role: NoReg, NoAuth, Auth
        Author: Artem Dashkov
        ","35422","TC_55!696 (Lang: en) | Bid:55!696-en.gb.NoAuth","tests.US_55_ReTestsManual.artemdashkov","Tue Jul 08 00:05:36 GMT 2025","failed","Tue Jul 08 00:06:12 GMT 2025","TestManualDetected","US_55-artemdashkov_ReTestsManual_test","",""
"
        Check:  Navigate to the Menu section [Trading] >
                Click the Menu item [Margin Calls] >
                Scroll down to the block ""Margin call example"" >
                Scroll down to the link ""CFDs"" >
                Click link ""CFDs"" >
        Language: NL
        License/Country: CYSEC
        Role: NoReg, NoAuth, Auth
        Author: Artem Dashkov
        ","31786","TC_55!667 (Lang: nl) | Bid:55!667-nl.nl.Auth","tests.US_55_ReTestsManual.artemdashkov","Mon Jul 07 23:49:37 GMT 2025","failed","Mon Jul 07 23:50:09 GMT 2025","TestManualDetected","US_55-artemdashkov_ReTestsManual_test","",""
"
        Check:  Menu section [Markets] >
                Menu item [Commodities] >
                Scroll down to the block “Why trade commodities with Capital.com?” >
                Click the link “Learn more about commodities trading” >
                Scroll down to the text block “Frequently asked questions” >
                Сlick the header of the accordion “How do you trade commodities?” >
                Click the links “CFDs” / ”exchange traded funds”
        Language: EN
        License/Country: SCA
        Role: NoReg, NoAuth, Auth
        Author: Artem Dashkov
        ","30526","TC_55!406 (Lang: en) | Bid:55!406-en.ae.NoReg","tests.US_55_ReTestsManual.artemdashkov","Mon Jul 07 23:17:44 GMT 2025","failed","Mon Jul 07 23:18:15 GMT 2025","TestManualDetected","US_55-artemdashkov_ReTestsManual_test","",""
"
         Check: FCA license is selected instead of ASIC/CYSEC/SCA on trading instrument page
         after clicking any of trading instrument links
         on the page “Lloyds forecast: will Lloyds share price return to £1? Third party data forecast”
         Language: EN.
         License: SCA.
         Author: Sergey Aiidzhanov
         ","45946","TC_55!378 (Lang: en) | Bid:55!378-en.de.Auth","tests.US_55_ReTestsManual.saii-d3v","Tue Jul 08 02:12:05 GMT 2025","failed","Tue Jul 08 02:12:51 GMT 2025","TestManualDetectedBugs","US_55-saii-d3v_ReTestsManual_test","",""
"
        Check:  Menu section [Markets] >
                Menu item [Market analysis] >
                Scroll down to the block “pagination” >
                Click the link ""11""
                Click the link “BP share price forecast” >
                Сlick the link “Capital.com Research Team” >
        Language: EN
        License/Country: SCA
        Role: NoReg, NoAuth, Auth
        Author: podchasova11
        ","27988","TC_55!405 (Lang: en) | Bid:55!405-en.ae.NoReg","tests.US_55_ReTestsManual.mila_podchasova","Tue Jul 08 03:42:02 GMT 2025","failed","Tue Jul 08 03:42:30 GMT 2025","TestManualDetectedBugs","US_55-mila_podchasova_ReTestsManual_test","",""
"
        Check:  The search field [How can we help?] on the menu title [Help & Support]
                of the section menu ""More"" isn't searched when any language is selected
        Language: All (except ar).
        Country: CYSEC, SCB
        Role: NoReg, Auth, NoAuth,
        Search_query: cur_search_query_2_rnd_from_10
        Author: Artem Dashkov
        ","29414","TC_55!171 (Lang: pl) | Bid:55!171-pl.de.NoAuth","tests.US_55_ReTestsManual.artemdashkov","Mon Jul 07 22:57:21 GMT 2025","failed","Mon Jul 07 22:57:50 GMT 2025","TestManualDetected","US_55-artemdashkov_ReTestsManual_test","",""
"
         Check: The corresponding video does not open after click on the banner ""Market outlook with David Jones""
         Language: ALL.
         License: SCB.
         Author: Sergey Aiidzhanov
         ","3","TC_55!366 (Lang: ru) | Bid:55!366-ru.ua.Auth","tests.US_55_ReTestsManual.saii-d3v","Tue Jul 08 02:06:44 GMT 2025","skipped","Tue Jul 08 02:06:44 GMT 2025","TestManualDetectedBugs","US_55-saii-d3v_ReTestsManual_test","",""
"
        Check: The text of the link is "" ##AuUSPlink2## "" in the block “Why choose Capital.com?” on the page
                “Why Capital.com?” when ASIC license is selected.
        Language: EN
        License: ASIC
        Author: Kasila
        ","31897","TC_55!371a (Lang: en) | Bid:55!371a-en.au.Auth","tests.US_55_ReTestsManual.tassobaccato","Tue Jul 08 02:49:04 GMT 2025","broken","Tue Jul 08 02:49:35 GMT 2025","TestManualDetectedBugs","US_55-tassobaccato_ReTestsManual_test","",""
"
        Check: Menu section [Trading] > Menu item [CFD trading] > Click the link [Go CFD trading guide] in  the block
                ""Read more before you trade"" > Check links in the block ""What is a contract for difference (CFD)?""
        Language: EN, AR, DE
        License: ASIC, SCA, CYSEC
        Author: Kasila
        ","13650","TC_55!432 (Lang: de) | Bid:55!432-de.de.NoAuth","tests.US_55_ReTestsManual.tassobaccato","Tue Jul 08 03:06:17 GMT 2025","failed","Tue Jul 08 03:06:30 GMT 2025","TestManualDetectedBugs","US_55-tassobaccato_ReTestsManual_test","",""
"
         Check: Error message is displayed after clicking the link “NASDAQ stock exchange”
         in the block “GOOGL Company profile” on the page “Trade Alphabet Inc - A - GOOGL CFD”
         Language: EN.
         License: FCA.
         Author: Sergey Aiidzhanov
         ","2398925","TC_55!359a (Lang: en) | Bid:55!359a-en.ae.NoReg","tests.US_55_ReTestsManual.saii-d3v","Tue Jul 08 01:23:55 GMT 2025","broken","Tue Jul 08 02:03:54 GMT 2025","TestManualDetectedBugs","US_55-saii-d3v_ReTestsManual_test","",""
"
        Check:  Navigate to the Menu section [Trading] >
                Click the Menu item [All platforms] >
                Scroll page down to the block ""Our trading app"" >
                Click link [App] >
        Language: DE
        License/Country: CYSEC
        Role: NoReg, NoAuth, Auth
        Author: Artem Dashkov
        ","27348","TC_55!681 (Lang: de) | Bid:55!681-de.at.NoReg","tests.US_55_ReTestsManual.artemdashkov","Mon Jul 07 23:56:47 GMT 2025","failed","Mon Jul 07 23:57:15 GMT 2025","TestManualDetected","US_55-artemdashkov_ReTestsManual_test","",""
"
        Check:  The widget of the block ""Our spread betting markets"" is absent
                when click on the button [Commodities] or [Shares] on the page ""Spread betting""
        Language: EN
        License/Country: FCA
        Role: NoReg, NoAuth, Auth
        Author: Artem Dashkov
        ","31785","TC_55!357 (Lang: en) | Bid:55!357-en.gb.NoAuth","tests.US_55_ReTestsManual.artemdashkov","Mon Jul 07 23:08:36 GMT 2025","failed","Mon Jul 07 23:09:08 GMT 2025","TestManualDetected","US_55-artemdashkov_ReTestsManual_test","",""
"
         Check: The modal window ""Log in to your Facebook account"" is not opened
                after clicking the button [Facebook] in the Signup / Log in form
                on any page when EN/AR language and SCA license is selected
         Language: AR, EN.
         License: SCA.
         Author: Sergey Aiidzhanov
         ","16493","TC_55!299 (Lang: en) | Bid:55!299-en.ae.NoAuth","tests.US_55_ReTestsManual.saii-d3v","Tue Jul 08 00:32:29 GMT 2025","failed","Tue Jul 08 00:32:46 GMT 2025","TestManualDetectedBugs","US_55-saii-d3v_ReTestsManual_test","",""
"
        Check:  Click to the dropdown [Regional settings] > Click to the dropdown [Countries] >
                Scroll down to the ""Honk Kong & Taiwan"" > Select ""Honk Kong & Taiwan"" > Click the button [Apply]
                > Check country in Dropdown [Country & Language]
        Language: EN - FCA, SCA; AR - SCA
        License/Country: FCA, SCA
        Role: NoReg, NoAuth, Auth
        Author: Artem Dashkov
        ","25160","TC_55!362 (Lang: en) | Bid:55!362-en.gb.NoReg","tests.US_55_ReTestsManual.artemdashkov","Mon Jul 07 23:09:08 GMT 2025","failed","Mon Jul 07 23:09:33 GMT 2025","TestManualDetected","US_55-artemdashkov_ReTestsManual_test","",""
"
        Check:  Menu section [Markets] > Menu item [Market analysis] >
                Find and click article link “ECB Preview: Higher CPI expected to keep Lagarde on a hawkish path” >
                Click the link 'Daniela Hathorn'
        Language: EN
        License/Country: SCA
        Role: NoReg, NoAuth, Auth
        Author: Artem Dashkov
        ","33140","TC_55!383 (Lang: en) | Bid:55!383-en.ae.NoAuth","tests.US_55_ReTestsManual.artemdashkov","Mon Jul 07 23:17:11 GMT 2025","failed","Mon Jul 07 23:17:44 GMT 2025","TestManualDetected","US_55-artemdashkov_ReTestsManual_test","",""
"
        Check:  The search field [How can we help?] on the menu title [Help & Support]
                of the section menu ""More"" isn't searched when any language is selected
        Language: All (except ar).
        Country: CYSEC, SCB
        Role: NoReg, Auth, NoAuth,
        Search_query: cur_search_query_2_rnd_from_10
        Author: Artem Dashkov
        ","30365","TC_55!171 (Lang: it) | Bid:55!171-it.de.NoAuth","tests.US_55_ReTestsManual.artemdashkov","Mon Jul 07 22:58:48 GMT 2025","failed","Mon Jul 07 22:59:18 GMT 2025","TestManualDetected","US_55-artemdashkov_ReTestsManual_test","",""
"
        Check: Menu section [Learn] > Menu item [Market guides] > Click on the “Oil trading guide” link >
                Сlick the [Try demo]/[Start oil trading] button > Close the “Sign up” form
        Language: All
        License: All, except SCB (UA country)
        Author: Kasila
        ","19293","TC_55!604 (Lang: en) | Bid:55!604-en.ae.NoAuth","tests.US_55_ReTestsManual.tassobaccato","Tue Jul 08 03:12:44 GMT 2025","broken","Tue Jul 08 03:13:03 GMT 2025","TestManualDetectedBugs","US_55-tassobaccato_ReTestsManual_test","",""
"
        Check:  Navigate to the Menu section [Learn] >
                Click the Menu item [Trading essentials] >
                Scroll page down to the block ""FAQs"" >
                Click on accordion ""How to start trading for beginners""
                Click link [learn about strategies]
        Language: EN
        License/Country: FCA
        Role: NoReg, NoAuth, Auth
        Author: Artem Dashkov
        ","34061","TC_55!696 (Lang: en) | Bid:55!696-en.gb.Auth","tests.US_55_ReTestsManual.artemdashkov","Tue Jul 08 00:05:02 GMT 2025","failed","Tue Jul 08 00:05:36 GMT 2025","TestManualDetected","US_55-artemdashkov_ReTestsManual_test","",""
"
        Check:  Not possible to vote for another trading instrument
                in the block ""What is your sentiment...""  if on another page voted for another instrument
        Language: All.
        License/Country: All
        Role: NoReg, NoAuth, Auth
        Author: Artem Dashkov
        ","28260","TC_55!074 (Lang: en) | Bid:55!074-en.ua.Auth","tests.US_55_ReTestsManual.artemdashkov","Mon Jul 07 22:46:19 GMT 2025","skipped","Mon Jul 07 22:46:48 GMT 2025","TestManualDetected","US_55-artemdashkov_ReTestsManual_test","",""
"
        Check:  Click the Menu section [Trading] >
                Click Menu item [Mobile apps] >
                Scroll down to the tile ""How to trade with us"" >
                Click link [CFDs] >
        Language: AR
        License/Country: SCA
        Role: NoReg, NoAuth, Auth
        Author: Artem Dashkov
        ","32455","TC_55!652 (Lang: ar) | Bid:55!652-ar.ae.NoAuth","tests.US_55_ReTestsManual.artemdashkov","Mon Jul 07 23:42:31 GMT 2025","failed","Mon Jul 07 23:43:04 GMT 2025","TestManualDetected","US_55-artemdashkov_ReTestsManual_test","",""
"
        Check:  Menu section [Markets] >
                Menu item [Market analysis] >
                Scroll down to the block “pagination” >
                Click the link ""11""
                Click the link “BP share price forecast” >
                Сlick the link “Capital.com Research Team” >
        Language: EN
        License/Country: SCA
        Role: NoReg, NoAuth, Auth
        Author: podchasova11
        ","32673","TC_55!405 (Lang: en) | Bid:55!405-en.ae.NoAuth","tests.US_55_ReTestsManual.mila_podchasova","Tue Jul 08 03:43:03 GMT 2025","failed","Tue Jul 08 03:43:35 GMT 2025","TestManualDetectedBugs","US_55-mila_podchasova_ReTestsManual_test","",""
"
        Check:  Menu section [Trading] >
                Menu item [CFD trading] >
                Scroll down to the block “Read more before you trade” >
                Click link ""Go CFD trading guide"" >
                Scroll down to the block ""What is a contract for difference (CFD)?"" /
                Click link ""indices""
        Language: EN
        License/Country: FCA
        Role: NoReg, NoAuth, Auth
        Author: Artem Dashkov
        ","32619","TC_55!411 (Lang: en) | Bid:55!411-en.gb.NoAuth","tests.US_55_ReTestsManual.artemdashkov","Mon Jul 07 23:23:39 GMT 2025","failed","Mon Jul 07 23:24:12 GMT 2025","TestManualDetected","US_55-artemdashkov_ReTestsManual_test","",""
"
        Check:  Main page >
                Scroll down to the block “For learner traders” >
                Try to click link ""support""
        Language: EN, AR
        License/Country: ASIC, SCA
        Role: NoReg, NoAuth, Auth
        Author: Artem Dashkov
        ","28972","TC_55!431 (Lang: en) | Bid:55!431-en.au.NoAuth","tests.US_55_ReTestsManual.artemdashkov","Mon Jul 07 23:26:43 GMT 2025","failed","Mon Jul 07 23:27:12 GMT 2025","TestManualDetected","US_55-artemdashkov_ReTestsManual_test","",""
"
        Check: Menu section [About] > Menu item [Compliance & Legals] > Click on the link  ""Spread"" in the “Spread” block
        Language: EL
        License: CYSEC
        Author: Kasila
        ","27233","TC_55!664 (Lang: el) | Bid:55!664-el.gr.Auth","tests.US_55_ReTestsManual.tassobaccato","Tue Jul 08 03:28:21 GMT 2025","failed","Tue Jul 08 03:28:48 GMT 2025","TestManualDetectedBugs","US_55-tassobaccato_ReTestsManual_test","",""
"
        Check:  Click the Menu section [Learn] >
                Click Menu item [Market guides] >
                Scroll down to the block ""What is share trading?"" >
                Click link [Shares trading guide] >
                Scroll down to the link ""buy and sell physical shares"" >
                Click link [buy and sell physical shares] >
        Language: NL
        License/Country: CYSEC
        Role: NoReg, NoAuth, Auth
        Author: Artem Dashkov
        ","33263","TC_55!656 (Lang: nl) | Bid:55!656-nl.nl.NoAuth","tests.US_55_ReTestsManual.artemdashkov","Mon Jul 07 23:45:28 GMT 2025","failed","Mon Jul 07 23:46:01 GMT 2025","TestManualDetected","US_55-artemdashkov_ReTestsManual_test","",""
"
         Check: Error message is displayed after clicking the link ""Stochastic Oscillator""
         of the block “How to trade using RSI and other indicators”
         on the page “RSI trading strategy: An educational guide”
         Language: EN.
         License: CB.
         Author: Sergey Aiidzhanov
         ","18128","TC_55!332a (Lang: en) | Bid:55!332a-en.ua.NoReg","tests.US_55_ReTestsManual.saii-d3v","Tue Jul 08 00:39:45 GMT 2025","skipped","Tue Jul 08 00:40:03 GMT 2025","TestManualDetectedBugs","US_55-saii-d3v_ReTestsManual_test","",""
"
         Check: Login form is opened instead of Sign-up form after clicking the button [Apply]
                in the Block 'Leverage Limits Professional Clients' on page 'Professional Account'
         Language: All, except EL.
         License: CYSEC.
         Author: Sergey Aiidzhanov
         ","22313","TC_55!076 (Lang: ru) | Bid:55!076-ru.de.NoReg","tests.US_55_ReTestsManual.saii-d3v","Tue Jul 08 00:16:45 GMT 2025","failed","Tue Jul 08 00:17:07 GMT 2025","TestManualDetectedBugs","US_55-saii-d3v_ReTestsManual_test","",""
"
        Check:  Click to the dropdown [Regional settings] > Click to the dropdown [Countries] >
                Scroll down to the ""Honk Kong & Taiwan"" > Select ""Honk Kong & Taiwan"" > Click the button [Apply]
                > Check country in Dropdown [Country & Language]
        Language: EN - FCA, SCA; AR - SCA
        License/Country: FCA, SCA
        Role: NoReg, NoAuth, Auth
        Author: Artem Dashkov
        ","29057","TC_55!362 (Lang: ar) | Bid:55!362-ar.ae.Auth","tests.US_55_ReTestsManual.artemdashkov","Mon Jul 07 23:12:17 GMT 2025","failed","Mon Jul 07 23:12:47 GMT 2025","TestManualDetected","US_55-artemdashkov_ReTestsManual_test","",""
"
        Check:  Navigate to the Menu section [Markets] >
                Click the Menu item [Shares] >
                Scroll down to block 'Shares markets' >
                Click the last page in paginator >
                Click dropdown [Sort] >
                Select any other tab (e.g [Top fallers]) >
                Check buttons [Previous page]/[Next page] in paginator >
        Language: EN
        License/Country: SCA, FCA, ASIC
        Role: NoReg, NoAuth, Auth
        Author: Artem Dashkov
        ","28970","TC_55!690 (Lang: en) | Bid:55!690-en.gb.NoReg","tests.US_55_ReTestsManual.artemdashkov","Mon Jul 07 23:58:16 GMT 2025","failed","Mon Jul 07 23:58:45 GMT 2025","TestManualDetected","US_55-artemdashkov_ReTestsManual_test","",""
"
        Check: Menu section [Learn] > Menu item  [Market guides] > Click the link “Shares trading guide”
                > Сlick the link “Netflix” > Сlick the link “Trade Coca-Cola shares”
                > Сlick the link “KO” in the block “Performance of the Coca-Cola stock in recent years”
        Language: EN
        License: FCA
        Author: Kasila
        ","20604","TC_55!624 (Lang: en) | Bid:55!624-en.gb.NoReg","tests.US_55_ReTestsManual.tassobaccato","Tue Jul 08 03:20:24 GMT 2025","broken","Tue Jul 08 03:20:45 GMT 2025","TestManualDetectedBugs","US_55-tassobaccato_ReTestsManual_test","",""
"
        Check:  Main page >
                Scroll down to the block “For learner traders” >
                Try to click link ""support""
        Language: EN, AR
        License/Country: ASIC, SCA
        Role: NoReg, NoAuth, Auth
        Author: Artem Dashkov
        ","14908","TC_55!431 (Lang: en) | Bid:55!431-en.ae.Auth","tests.US_55_ReTestsManual.artemdashkov","Mon Jul 07 23:26:11 GMT 2025","failed","Mon Jul 07 23:26:26 GMT 2025","TestManualDetected","US_55-artemdashkov_ReTestsManual_test","",""
"
        Check: Filters application in the 'Live shares prices' widget
        Language: All
        License: SCB
        Author: Kasila
        ","28131","TC_55!048 (Lang: ru) | Bid:55!048-ru.ua.NoReg","tests.US_55_ReTestsManual.tassobaccato","Tue Jul 08 02:34:55 GMT 2025","skipped","Tue Jul 08 02:35:23 GMT 2025","TestManualDetectedBugs","US_55-tassobaccato_ReTestsManual_test","",""
"
        # Check: Button [1. Create your account] in block [Steps trading]
        # Language: All. License: All.
        Author: Alexander Tomelo
        ","2","TC_55!015a (Lang: en) | Bid:55!015a-en.au.NoAuth","tests.US_55_ReTestsManual.AlexTomQA","Mon Jul 07 22:33:30 GMT 2025","skipped","Mon Jul 07 22:33:30 GMT 2025","TestManualDetected","US_55-AlexTomQA_ReTestsManual_test","",""
"
        Check:  The page with ""404 error"" message is displayed instead ""Contact us"" page,
                when clicked the button [Open an account] in the block ""We’re here to help""
                on the page ""Trading platforms"" for AR language is selected
        Language: AR
        Country: SCA
        Role: NoReg, Auth, NoAuth
        Author: Artem Dashkov
        ","33224","TC_55!265 (Lang: ar) | Bid:55!265-ar.ae.NoAuth","tests.US_55_ReTestsManual.artemdashkov","Mon Jul 07 23:01:58 GMT 2025","failed","Mon Jul 07 23:02:32 GMT 2025","TestManualDetected","US_55-artemdashkov_ReTestsManual_test","",""
"
         Check: Page '教育' (Education) is opened after click on menu section [新聞和分析] (News and analysis) in CN language.
         Language: CN.
         License: SCB.
         Author: Sergey Aiidzhanov
         ","28393","TC_55!158 (Lang: cn) | Bid:55!158-cn.ua.Auth","tests.US_55_ReTestsManual.saii-d3v","Tue Jul 08 00:19:38 GMT 2025","skipped","Tue Jul 08 00:20:07 GMT 2025","TestManualDetectedBugs","US_55-saii-d3v_ReTestsManual_test","",""
"
        Check: Menu section [Learn] > Menu item  [Market guides] > Click the link “Shares trading guide”
                > Сlick the link “Netflix” > Сlick the link “Trade Coca-Cola shares”
                > Сlick the link “KO” in the block “Performance of the Coca-Cola stock in recent years”
        Language: EN
        License: FCA
        Author: Kasila
        ","18131","TC_55!624 (Lang: en) | Bid:55!624-en.au.NoAuth","tests.US_55_ReTestsManual.tassobaccato","Tue Jul 08 03:23:12 GMT 2025","broken","Tue Jul 08 03:23:30 GMT 2025","TestManualDetectedBugs","US_55-tassobaccato_ReTestsManual_test","",""
"
        Check:  The sidebar title [Shares trading guide] is not displayed
                when selected any sidebar item in the sidebar ""Shares trading guide""
        Language: All (except EL, HU).
        License/Country: CYSEC, SCB
        Role: NoReg, NoAuth, Auth
        Author: Artem Dashkov
        ","15412","TC_55!334 (Lang: de) | Bid:55!334-de.de.NoAuth","tests.US_55_ReTestsManual.artemdashkov","Mon Jul 07 23:05:53 GMT 2025","failed","Mon Jul 07 23:06:08 GMT 2025","TestManualDetected","US_55-artemdashkov_ReTestsManual_test","",""
"
        Check: Menu section [Markets] > Menu item [Shares] > “Rivian Automotive, Inc.” page > Click the link “initial
                public offering (IPO)” in the  block “Rivian Automotive Inc. Company profile”
        Language: EN
        License: SCA, FCA
        Author: Kasila
        ","14629","TC_55!401 (Lang: en) | Bid:55!401-en.gb.NoAuth","tests.US_55_ReTestsManual.tassobaccato","Tue Jul 08 03:00:01 GMT 2025","failed","Tue Jul 08 03:00:15 GMT 2025","TestManualDetectedBugs","US_55-tassobaccato_ReTestsManual_test","",""
"
        Check: Button [Create account] button in the Menu item [Trading Courses]
        Language: All.
        License: Not FCA
        Author  : Ivan Kedrov
        ","2","TC_55!062 (Lang: ar) | Bid:55!062-ar.au.Auth","tests.US_55_ReTestsManual.AlexTomQA","Mon Jul 07 22:35:49 GMT 2025","skipped","Mon Jul 07 22:35:49 GMT 2025","TestManualDetected","US_55-AlexTomQA_ReTestsManual_test","",""
"
         Check: “Support” chat window is not opened after click on the “Support” button
         and this button disappears after the second clicking on it on any page
         after changing the language of the site (e.g. from EN to AR) (SCA license).
         Language: AR, EN.
         License: SCA.
         Author: Sergey Aiidzhanov
         ","19262","TC_55!330 (Lang: en) | Bid:55!330-en.ae.NoAuth","tests.US_55_ReTestsManual.saii-d3v","Tue Jul 08 00:37:40 GMT 2025","broken","Tue Jul 08 00:37:59 GMT 2025","TestManualDetectedBugs","US_55-saii-d3v_ReTestsManual_test","",""
"
         Check: The page ""Trading products"" is opened after clicking the link [Our mobile Apps]
                in the tile ""Industry-leading features for an industry-leading platform""
                on the page ""Why Capital.com?"" when any language (except EN) is selected
         Language: All, except EN.
         License: SCB.
         Author: Sergey Aiidzhanov
         ","28308","TC_55!288 (Lang: el) | Bid:55!288-el.ua.NoAuth","tests.US_55_ReTestsManual.saii-d3v","Tue Jul 08 00:28:06 GMT 2025","skipped","Tue Jul 08 00:28:35 GMT 2025","TestManualDetectedBugs","US_55-saii-d3v_ReTestsManual_test","",""
"
        Check: Menu section [Learn] > Menu item [Market guides] > Click on the “Oil trading guide” link >
                Сlick the [Try demo]/[Start oil trading] button > Close the “Sign up” form
        Language: All
        License: All, except SCB (UA country)
        Author: Kasila
        ","19015","TC_55!604 (Lang: de) | Bid:55!604-de.de.NoAuth","tests.US_55_ReTestsManual.tassobaccato","Tue Jul 08 03:13:22 GMT 2025","passed","Tue Jul 08 03:13:41 GMT 2025","TestManualDetectedBugs","US_55-tassobaccato_ReTestsManual_test","",""
"
         Check: The ""Trading Conditions"" table is not visible on the page ""Trade Australia 200 - AU200au CFD""
         Language: DE, EN.
         License: ASIC, CYSEC.
         Author: Sergey Aiidzhanov
         ","3","TC_55!507 (Lang: de) | Bid:55!507-de.au.Auth","tests.US_55_ReTestsManual.saii-d3v","Tue Jul 08 02:24:15 GMT 2025","skipped","Tue Jul 08 02:24:15 GMT 2025","TestManualDetectedBugs","US_55-saii-d3v_ReTestsManual_test","",""
"
         Check: Error message “Access denied Error 16""
         is displayed after clicking link
         [مكاتبنا الموزّعة على أربع قارات] (""Offices in four continents"")
         in block [مكاتبنا العالمية] (""Our global offices"")
         Language: AR.
         License: SCA.
         Author: podchasova11
         ","29639","TC_55!472 (Lang: ar) | Bid:55!472-ar.ae.NoAuth","tests.US_55_ReTestsManual.mila_podchasova","Tue Jul 08 03:45:32 GMT 2025","failed","Tue Jul 08 03:46:02 GMT 2025","TestManualDetectedBugs","US_55-mila_podchasova_ReTestsManual_test","",""
"
        Check:  Menu section [About] >
                Menu item [Help] >
                Scroll down to the block 'Still looking for help? Get in touch' >
                Try to click link '+97145768641' and 'support@capital.com'
        Language: AR
        License/Country: SCA
        Role: NoReg, NoAuth, Auth
        Author: Artem Dashkov
        ","32378","TC_55!610 (Lang: ar) | Bid:55!610-ar.ae.NoAuth","tests.US_55_ReTestsManual.artemdashkov","Mon Jul 07 23:36:13 GMT 2025","failed","Mon Jul 07 23:36:46 GMT 2025","TestManualDetected","US_55-artemdashkov_ReTestsManual_test","",""
"
        Check:  Navigate to the Menu section [Markets] >
                Click the Menu item [Market analysis] >
                Find article [Bitcoin price predictions 2025–2050: third-party price target] >
                Scroll to the link [Goldman Sachs] >
                Click link [Goldman Sachs] >
        Language: AR
        License/Country: SCA
        Role: NoReg, NoAuth, Auth
        Author: Artem Dashkov
        ","51166","TC_55!678 (Lang: ar) | Bid:55!678-ar.ae.NoReg","tests.US_55_ReTestsManual.artemdashkov","Mon Jul 07 23:54:08 GMT 2025","failed","Mon Jul 07 23:54:59 GMT 2025","TestManualDetected","US_55-artemdashkov_ReTestsManual_test","",""
"
         Check: Scroll down to the footer >
                Click button ""البلد"" (Country) / ""اللغة"" (Language) >
                Click the arrow button of the dropdown ""البلد"" (Country) in pop up window
         Language: AR
         License: SCA
         Author: Aleksei Kurochkin
         ","26182","TC_55!444 (Lang: ar) | Bid:55!444-ar.ae.NoAuth","tests.US_55_ReTestsManual.K_Alex_N","Tue Jul 08 03:56:16 GMT 2025","broken","Tue Jul 08 03:56:42 GMT 2025","TestManualDetectedBugs","US_55_K_Alex_N_ReTestsManual_test","",""
"
        Check:  Click to the dropdown [Regional settings] > Click to the dropdown [Countries] >
                Scroll down to the ""Honk Kong & Taiwan"" > Select ""Honk Kong & Taiwan"" > Click the button [Apply]
                > Check country in Dropdown [Country & Language]
        Language: EN - FCA, SCA; AR - SCA
        License/Country: FCA, SCA
        Role: NoReg, NoAuth, Auth
        Author: Artem Dashkov
        ","28873","TC_55!362 (Lang: en) | Bid:55!362-en.au.NoAuth","tests.US_55_ReTestsManual.artemdashkov","Mon Jul 07 23:14:09 GMT 2025","failed","Mon Jul 07 23:14:38 GMT 2025","TestManualDetected","US_55-artemdashkov_ReTestsManual_test","",""
"
        Check: Menu section [Markets] > Menu item [Shares] > “Rivian Automotive, Inc.” page > Click the link “initial
                public offering (IPO)” in the  block “Rivian Automotive Inc. Company profile”
        Language: EN
        License: SCA, FCA
        Author: Kasila
        ","17298","TC_55!401 (Lang: en) | Bid:55!401-en.gb.NoReg","tests.US_55_ReTestsManual.tassobaccato","Tue Jul 08 02:58:27 GMT 2025","failed","Tue Jul 08 02:58:45 GMT 2025","TestManualDetectedBugs","US_55-tassobaccato_ReTestsManual_test","",""
"
        Check: Menu section [Trading] > Menu item [CFD calculator] > ""How to start trading"" block > Click on the
                [Sign up] button > Close the “Sign up” form
        Language: All
        License: All, except SCB (UA country)
        Author: Kasila
        ","18332","TC_55!612 (Lang: de) | Bid:55!612-de.de.NoAuth","tests.US_55_ReTestsManual.tassobaccato","Tue Jul 08 03:17:31 GMT 2025","passed","Tue Jul 08 03:17:50 GMT 2025","TestManualDetectedBugs","US_55-tassobaccato_ReTestsManual_test","",""
"
        Check:  Main page >
                Scroll down to the block “For learner traders” >
                Try to click link ""support""
        Language: EN, AR
        License/Country: ASIC, SCA
        Role: NoReg, NoAuth, Auth
        Author: Artem Dashkov
        ","14917","TC_55!431 (Lang: ar) | Bid:55!431-ar.ae.Auth","tests.US_55_ReTestsManual.artemdashkov","Mon Jul 07 23:26:27 GMT 2025","failed","Mon Jul 07 23:26:42 GMT 2025","TestManualDetected","US_55-artemdashkov_ReTestsManual_test","",""
"
         Check: The modal window ""Confirm Form Resubmission"" is not opened after clicking the button [Back]
         on any article from search page.
         Language: All.
         License: SCB.
         Author: Sergey Aiidzhanov
         ","18011","TC_55!157 (Lang: en) | Bid:55!157-en.ua.NoReg","tests.US_55_ReTestsManual.saii-d3v","Tue Jul 08 00:19:20 GMT 2025","skipped","Tue Jul 08 00:19:38 GMT 2025","TestManualDetectedBugs","US_55-saii-d3v_ReTestsManual_test","",""
"
        Check:  Menu section  [الأسواق ] (Learn) >
                Menu item [ استراتيجيات التداول ](Trading Strategies) >
                Scroll down to the block “Our most-read trading guides” >
                Click the link  [دليل التداول بالهامش ] (Margin trading guide) >
                Scroll down to the block “الأسئلة الشائعة” (FAQs) >
                Сlick the header of accordion “ما هو التداول بالهامش مع الشرح بمثال؟” (“What is the margin ...”) >
                Click the link [ عقود الفروقات على الفضة ] (“silver CFDs”)

        Language: AR
        License/Country: SCA
        Role: NoReg, NoAuth, Auth
        Author: podchasova11
        ","29774","TC_55!408 (Lang: ar) | Bid:55!408-ar.ae.Auth","tests.US_55_ReTestsManual.mila_podchasova","Tue Jul 08 03:44:03 GMT 2025","failed","Tue Jul 08 03:44:33 GMT 2025","TestManualDetectedBugs","US_55-mila_podchasova_ReTestsManual_test","",""
"
        Check: Menu section [Trading] > Menu item [Demo trading] > Block [Our CFD markets] > Click button [More] in the
                tile [Cryptocurrencies]
        Language: AR
        License: SCA
        Author: Kasila
        ","30442","TC_55!655 (Lang: ar) | Bid:55!655-ar.ae.Auth","tests.US_55_ReTestsManual.tassobaccato","Tue Jul 08 03:25:21 GMT 2025","failed","Tue Jul 08 03:25:51 GMT 2025","TestManualDetectedBugs","US_55-tassobaccato_ReTestsManual_test","",""
"
        Check:  Menu section [Trading] >
                Menu item [CFD trading] >
                Scroll down to the block “Read more before you trade” >
                Click link ""Go CFD trading guide"" >
                Scroll down to the block ""What is a contract for difference (CFD)?"" /
                Click link ""indices""
        Language: EN
        License/Country: FCA
        Role: NoReg, NoAuth, Auth
        Author: Artem Dashkov
        ","33219","TC_55!411 (Lang: en) | Bid:55!411-en.gb.Auth","tests.US_55_ReTestsManual.artemdashkov","Mon Jul 07 23:23:05 GMT 2025","failed","Mon Jul 07 23:23:39 GMT 2025","TestManualDetected","US_55-artemdashkov_ReTestsManual_test","",""
"
        Check: Menu section [Trading] > Menu item [Demo trading] > Block [Our CFD markets] > Click button [More] in the
                tile [Cryptocurrencies]
        Language: AR
        License: SCA
        Author: Kasila
        ","27011","TC_55!655 (Lang: ar) | Bid:55!655-ar.ae.NoReg","tests.US_55_ReTestsManual.tassobaccato","Tue Jul 08 03:24:54 GMT 2025","failed","Tue Jul 08 03:25:21 GMT 2025","TestManualDetectedBugs","US_55-tassobaccato_ReTestsManual_test","",""
"
         Check: menu section [Pricing]  > 
                menu item [Charges and fees] > 
                block ""Trading"" > 
                click link [Find out more]
         Language: EN
         License: SCA, FCA, CYSEC or ASIC
         Author: Aleksei Kurochkin
         ","13334","TC_55!603 (Lang: en) | Bid:55!603-en.ae.NoAuth","tests.US_55_ReTestsManual.K_Alex_N","Tue Jul 08 03:48:20 GMT 2025","passed","Tue Jul 08 03:48:33 GMT 2025","TestForFixedBugs","US_55_K_Alex_N_ReTestsManual_test","",""
"
        Check: Menu section [Trading] > Menu item [CFD trading] > Click the link [Go CFD trading guide] in  the block
                ""Read more before you trade"" > Check links in the block ""What is a contract for difference (CFD)?""
        Language: EN, AR, DE
        License: ASIC, SCA, CYSEC
        Author: Kasila
        ","13720","TC_55!432 (Lang: en) | Bid:55!432-en.ae.Auth","tests.US_55_ReTestsManual.tassobaccato","Tue Jul 08 03:04:21 GMT 2025","failed","Tue Jul 08 03:04:35 GMT 2025","TestManualDetectedBugs","US_55-tassobaccato_ReTestsManual_test","",""
"
         Check: Hover over menu section [Learn] >
                Click the menu item [Market guides] of the menu title [For trading beginners] >
                Click the link “Shares trading guide” >
                Click the link “Learn more about IPOs.” >
                Click the link “liquidity”

         Language: EN
         License: SCA / FCA / ASIC / CYSEC
         Author: Aleksei Kurochkin
         ","19050","TC_55!587 (Lang: en) | Bid:55!587-en.de.Auth","tests.US_55_ReTestsManual.K_Alex_N","Tue Jul 08 04:02:03 GMT 2025","broken","Tue Jul 08 04:02:22 GMT 2025","TestManualDetectedBugs","US_55_K_Alex_N_ReTestsManual_test","",""
"
         Check: The ""Trading Conditions"" table is not visible on the page ""Trade Australia 200 - AU200au CFD""
         Language: DE, EN.
         License: ASIC, CYSEC.
         Author: Sergey Aiidzhanov
         ","13643","TC_55!507 (Lang: en) | Bid:55!507-en.de.NoReg","tests.US_55_ReTestsManual.saii-d3v","Tue Jul 08 02:26:54 GMT 2025","passed","Tue Jul 08 02:27:07 GMT 2025","TestManualDetectedBugs","US_55-saii-d3v_ReTestsManual_test","",""
"
        Check:  The trading platform is opened, not the page
                of the corresponding trading instrument on the trading platform
        Language: All.
        License: Not FCA
        Author: Artem Dashkov
        ","28941","TC_55!016a (Lang: it) | Bid:55!016a-it.ua.Auth","tests.US_55_ReTestsManual.artemdashkov","Mon Jul 07 22:36:17 GMT 2025","skipped","Mon Jul 07 22:36:46 GMT 2025","TestManualDetected","US_55-artemdashkov_ReTestsManual_test","",""
"
        Check: Button [Google Play] on the block CFD Trading app
        Language: All.
        License: Not FCA
        Author  : Ivan Kedrov
        ","22762","TC_55!029 (Lang: ar) | Bid:55!029-ar.au.Auth","tests.US_55_ReTestsManual.AlexTomQA","Mon Jul 07 22:35:03 GMT 2025","skipped","Mon Jul 07 22:35:26 GMT 2025","TestManualDetected","US_55-AlexTomQA_ReTestsManual_test","",""
"
        Check: Menu section [Learn] > Menu item  [Market guides] > Click the link “Shares trading guide”
                > Сlick the link “Netflix” > Сlick the link “Trade Coca-Cola shares”
                > Сlick the link “KO” in the block “Performance of the Coca-Cola stock in recent years”
        Language: EN
        License: FCA
        Author: Kasila
        ","38369","TC_55!624 (Lang: en) | Bid:55!624-en.ae.Auth","tests.US_55_ReTestsManual.tassobaccato","Tue Jul 08 03:21:03 GMT 2025","passed","Tue Jul 08 03:21:42 GMT 2025","TestManualDetectedBugs","US_55-tassobaccato_ReTestsManual_test","",""
"
        Check: The trading calculator is collapsed in the menu section [Markets] --> [CFD calculator]
        after setting the maximum duration on the Prof/Loss element and changing the asset
        Language: En.
        Country: CYSEC, SCB
        Role: NoReg, Auth, NoAuth,
        calc_1_and_calc_2:  (""GBP/USD"", ""EUR/USD""),
                            (""EUR/USD"", ""GBP/USD""),
                            (""Gold"", ""Natural Gas""),
                            (""Natural Gas"", ""Gold""),
                            (""Germany 40"", ""US Tech 100""),
                            (""US Tech 100"", ""Germany 40"")
        Author: Artem Dashkov
        ","31869","TC_55!104 (Lang: en) | Bid:55!104-en.de.Auth","tests.US_55_ReTestsManual.artemdashkov","Mon Jul 07 22:47:29 GMT 2025","failed","Mon Jul 07 22:48:01 GMT 2025","TestManualDetected","US_55-artemdashkov_ReTestsManual_test","",""
"
        Check:  Click the Menu section [Trading] >
                Click Menu item [MT4] >
                Scroll down to the block ""Connect your account to MT4..."" >
                Click link [How to create an MT4 account] >
        Language: AR
        License/Country: SCA
        Role: NoReg, NoAuth, Auth
        Author: Artem Dashkov
        ","28558","TC_55!653 (Lang: ar) | Bid:55!653-ar.ae.Auth","tests.US_55_ReTestsManual.artemdashkov","Mon Jul 07 23:43:29 GMT 2025","failed","Mon Jul 07 23:43:57 GMT 2025","TestManualDetected","US_55-artemdashkov_ReTestsManual_test","",""
"
        Check: Field [email] in Sign up form
        Language: All.
        License/Country: de/CYSEC, au/ASIC,
        Role: NoReg, NoAuth,
        Login: ['КИРИЛЛИЦА_без_пробелов@gmail.com', 'LATIN with space@gmail.com'],
        Password: ['VALID_password44!']
        Author: Artem Dashkov
        ","28929","TC_55!045a (Lang: it) | Bid:55!045a-it.ua.NoReg","tests.US_55_ReTestsManual.artemdashkov","Mon Jul 07 22:45:03 GMT 2025","skipped","Mon Jul 07 22:45:32 GMT 2025","TestManualDetected","US_55-artemdashkov_ReTestsManual_test","",""
"
         Check: The page is refreshed instead of opening the Login form after clicking the [Log In] button
                on the Search page
         Language: All.
         License: SCB.
         Author: Sergey Aiidzhanov
         ","28240","TC_55!053 (Lang: el) | Bid:55!053-el.ua.NoReg","tests.US_55_ReTestsManual.saii-d3v","Tue Jul 08 00:16:17 GMT 2025","skipped","Tue Jul 08 00:16:45 GMT 2025","TestManualDetectedBugs","US_55-saii-d3v_ReTestsManual_test","",""
"
        Check:  The search field [How can we help?] on the menu title [Help & Support]
                of the section menu ""More"" isn't searched when any language is selected
        Language: All (except ar).
        Country: CYSEC, SCB
        Role: NoReg, Auth, NoAuth,
        Search_query: cur_search_query_2_rnd_from_10
        Author: Artem Dashkov
        ","29539","TC_55!171 (Lang: it) | Bid:55!171-it.de.Auth","tests.US_55_ReTestsManual.artemdashkov","Mon Jul 07 22:58:17 GMT 2025","failed","Mon Jul 07 22:58:47 GMT 2025","TestManualDetected","US_55-artemdashkov_ReTestsManual_test","",""
"
        Check: TC_55!380 | The relevant pages of ""Social networks"" aren't opened after clicking the Social Network Icons
                when EN language and SCA license are selected.
        Language: EN
        License: SCA
        Author: Kasila
        ","17415","TC_55!380 (Lang: en) | Bid:55!380-en.ae.NoReg","tests.US_55_ReTestsManual.tassobaccato","Tue Jul 08 02:51:31 GMT 2025","failed","Tue Jul 08 02:51:48 GMT 2025","TestManualDetectedBugs","US_55-tassobaccato_ReTestsManual_test","",""
"
        Check:  Click the Menu section [Trading] >
                Click Menu item [Web platform] >
                Scroll down to the block ""Risk-management tools"" >
                Click link [Trailing stop loss] >
        Language: AR
        License/Country: SCA
        Role: NoReg, NoAuth, Auth
        Author: Artem Dashkov
        ","32110","TC_55!617 (Lang: ar) | Bid:55!617-ar.ae.NoAuth","tests.US_55_ReTestsManual.artemdashkov","Mon Jul 07 23:39:21 GMT 2025","failed","Mon Jul 07 23:39:53 GMT 2025","TestManualDetected","US_55-artemdashkov_ReTestsManual_test","",""
"
         Check: The old version of the page ""US Tech 100 index trading guide"" is opened
         instead of the new one on FCA/SCA licences
         Language: EN.
         License: FCA, SCA.
         Author: Sergey Aiidzhanov
         ","36414","TC_55!433 (Lang: en) | Bid:55!433-en.ae.NoAuth","tests.US_55_ReTestsManual.saii-d3v","Tue Jul 08 02:22:27 GMT 2025","failed","Tue Jul 08 02:23:03 GMT 2025","TestManualDetectedBugs","US_55-saii-d3v_ReTestsManual_test","",""
"
         Check: The Search field in the header is not opened after performed search
         Language: All.
         License: SCB.
         Author: Sergey Aiidzhanov
         ","28797","TC_55!160 (Lang: ru) | Bid:55!160-ru.ua.Auth","tests.US_55_ReTestsManual.saii-d3v","Tue Jul 08 00:20:53 GMT 2025","skipped","Tue Jul 08 00:21:22 GMT 2025","TestManualDetectedBugs","US_55-saii-d3v_ReTestsManual_test","",""
"
        Check:  Navigate to the Menu section [Markets] >
                Click the Menu item [Shares] >
                Scroll down to block 'Shares markets' >
                Click the last page in paginator >
                Click dropdown [Sort] >
                Select any other tab (e.g [Top fallers]) >
                Check buttons [Previous page]/[Next page] in paginator >
        Language: EN
        License/Country: SCA, FCA, ASIC
        Role: NoReg, NoAuth, Auth
        Author: Artem Dashkov
        ","28993","TC_55!690 (Lang: en) | Bid:55!690-en.ae.NoReg","tests.US_55_ReTestsManual.artemdashkov","Mon Jul 07 23:59:50 GMT 2025","failed","Tue Jul 08 00:00:19 GMT 2025","TestManualDetected","US_55-artemdashkov_ReTestsManual_test","",""
"
        Check:  Navigate to the Menu section [Pricing] >
                Click the Menu item [Charges and fees] >
                Scroll page down to the block ""Deposits and withdrawals"" >
                Click link [here]
        Language: IT
        License/Country: CYSEC/IT
        Role: NoReg, NoAuth, Auth
        Author: Artem Dashkov
        ","28948","TC_55!691 (Lang: it) | Bid:55!691-it.it.NoAuth","tests.US_55_ReTestsManual.artemdashkov","Tue Jul 08 00:04:01 GMT 2025","failed","Tue Jul 08 00:04:30 GMT 2025","TestManualDetected","US_55-artemdashkov_ReTestsManual_test","",""
"
         Check: Scrolling is disabled after changing one CYSEC country to another
         Language: EN.
         License: CYSEC.
         Author: Sergey Aiidzhanov
         ","30699","TC_55!613 (Lang: en) | Bid:55!613-en.dk.NoAuth","tests.US_55_ReTestsManual.saii-d3v","Tue Jul 08 02:29:06 GMT 2025","broken","Tue Jul 08 02:29:36 GMT 2025","TestManualDetectedBugs","US_55-saii-d3v_ReTestsManual_test","",""
"
        Check: Menu section [Trading] > Menu item [CFD calculator]
                > Click the link “overnight funding, spread costs” in the block “Trading calculator”
        Language: EN
        License: ASIC
        Author: Kasila
        ","27867","TC_55!627 (Lang: en) | Bid:55!627-en.au.Auth","tests.US_55_ReTestsManual.tassobaccato","Tue Jul 08 03:23:57 GMT 2025","failed","Tue Jul 08 03:24:25 GMT 2025","TestManualDetectedBugs","US_55-tassobaccato_ReTestsManual_test","",""
"
        Check: Menu section [Trading] > Menu item [CFD calculator] > ""How to start trading"" block > Click on the
                [Sign up] button > Close the “Sign up” form
        Language: All
        License: All, except SCB (UA country)
        Author: Kasila
        ","18296","TC_55!612 (Lang: en) | Bid:55!612-en.ae.NoAuth","tests.US_55_ReTestsManual.tassobaccato","Tue Jul 08 03:16:55 GMT 2025","passed","Tue Jul 08 03:17:13 GMT 2025","TestManualDetectedBugs","US_55-tassobaccato_ReTestsManual_test","",""
"
        Check:  After clicking the link ""Browse all markets""
                on page ""Charges & fees"" in not EN language
                always open EN-language version of page ""Markets""
        Language: All, except EN (AND AR)
        Country: CYSEC, SCB
        Role: NoReg, Auth, NoAuth
        Author: Artem Dashkov
        ","27975","TC_55!149 (Lang: de) | Bid:55!149-de.ua.NoReg","tests.US_55_ReTestsManual.artemdashkov","Mon Jul 07 22:52:56 GMT 2025","skipped","Mon Jul 07 22:53:24 GMT 2025","TestManualDetected","US_55-artemdashkov_ReTestsManual_test","",""
"
        Check:  The sidebar title [Shares trading guide] is not displayed
                when selected any sidebar item in the sidebar ""Shares trading guide""
        Language: All (except EL, HU).
        License/Country: CYSEC, SCB
        Role: NoReg, NoAuth, Auth
        Author: Artem Dashkov
        ","30220","TC_55!334 (Lang: ro) | Bid:55!334-ro.de.Auth","tests.US_55_ReTestsManual.artemdashkov","Mon Jul 07 23:04:35 GMT 2025","failed","Mon Jul 07 23:05:05 GMT 2025","TestManualDetected","US_55-artemdashkov_ReTestsManual_test","",""
"
        Check:  Click the Menu section [Market] >
                Click Menu item [Shares] >
                Scroll down to the widget ""Trading instrument"" >
                Click dropdown [Region] >
                Choose  United States of America >
                Click dropdown [Sector] >
                Choose Financials >
                Scroll down to the end of the “Trading instrument” widget >
                Select pages 34 to 49 from the list of “Trading Instrument” widgets
        Language: EN
        License/Country: CYSEC
        Role: NoReg, NoAuth, Auth
        Author: Artem Dashkov
        ","28552","TC_55!663 (Lang: en) | Bid:55!663-en.eu.NoAuth","tests.US_55_ReTestsManual.artemdashkov","Mon Jul 07 23:47:08 GMT 2025","broken","Mon Jul 07 23:47:36 GMT 2025","TestManualDetected","US_55-artemdashkov_ReTestsManual_test","",""
"
         Check: Scrolling is disabled after changing one CYSEC country to another
         Language: EN.
         License: CYSEC.
         Author: Sergey Aiidzhanov
         ","26068","TC_55!613 (Lang: en) | Bid:55!613-en.dk.NoReg","tests.US_55_ReTestsManual.saii-d3v","Tue Jul 08 02:29:37 GMT 2025","broken","Tue Jul 08 02:30:03 GMT 2025","TestManualDetectedBugs","US_55-saii-d3v_ReTestsManual_test","",""
